id	name	gene_name	uniprot_id	conditions	indication_types	concentration	age	sex	biofluid	protein_sequence	citation
1	Glycated hemoglobin	HBA1	P69905	Diabetes Mellitus Type 2	Diagnostic	>6.5 %	Adult: >=18 yrs old	Both	Serum	Lee, J. M., Wu, E. L., Tarini, B., Herman, W. H. & Yoon, E. Diagnosis of diabetes using hemoglobin A1c: should recommendations in adults be extrapolated to adolescents? J Pediatr 158, 947-952.e1 (2011).
1	Glycated hemoglobin	HBA1	P69905	Diabetes Mellitus Type 2	Diagnostic	>6.5 %	Adolescent:13-18 yrs old	Both	Serum	Lee, J. M., Wu, E. L., Tarini, B., Herman, W. H. & Yoon, E. Diagnosis of diabetes using hemoglobin A1c: should recommendations in adults be extrapolated to adolescents? J Pediatr 158, 947-952.e1 (2011).
1	Glycated hemoglobin	HBA1	P69905	Diabetes Mellitus Type 2	Diagnostic	>6.5 %	Adult: >=18 yrs old	Both	Blood	Mayo clinic: A1C test
1	Glycated hemoglobin	HBA1	P69905	Normal	Diagnostic	<5.7 %	Adult: >=18 yrs old	Both	Blood	Mayo clinic: A1C test
1	Glycated hemoglobin	HBA1	P69905	Normal	Diagnostic	<6.5 %	Adolescent:13-18 yrs old	Both	Serum	Lee, J. M., Wu, E. L., Tarini, B., Herman, W. H. & Yoon, E. Diagnosis of diabetes using hemoglobin A1c: should recommendations in adults be extrapolated to adolescents? J Pediatr 158, 947-952.e1 (2011).
1	Glycated hemoglobin	HBA1	P69905	Normal	Diagnostic	<6.5 %	Adult: >=18 yrs old	Both	Serum	Lee, J. M., Wu, E. L., Tarini, B., Herman, W. H. & Yoon, E. Diagnosis of diabetes using hemoglobin A1c: should recommendations in adults be extrapolated to adolescents? J Pediatr 158, 947-952.e1 (2011).
1	Glycated hemoglobin	HBA1	P69905	Normal	Diagnostic	6.05 (5.7-6.4) %	Adult: >18 yrs old	Both	Blood	Mayo Clinic Test Catalog
1	Glycated hemoglobin	HBA1	P69905	Normal	Diagnostic	6.5 %	Adult: >18 yrs old	Both	Blood	Mayo Clinic Test Catalog
2	Angiotensin-converting enzyme	ACE	P12821	Sarcoidosis	Diagnostic	>40 nmol/mL/min	Adult: >=18 yrs old	Both	Blood	University of Rochester Medical Center: Angiotensin Converting Enzyme (Blood)
2	Angiotensin-converting enzyme	ACE	P12821	Normal	Diagnostic	<40 nmol/mL/min	Adult: >=18 yrs old	Both	Blood	University of Rochester Medical Center: Angiotensin Converting Enzyme (Blood)
2	Angiotensin-converting enzyme	ACE	P12821	Normal	Diagnostic	25.44+-13.38 U/L	Adult: >=18 yrs old	Both	Serum	Lee, J. M., Wu, E. L., Tarini, B., Herman, W. H. & Yoon, E. Diagnosis of diabetes using hemoglobin A1c: should recommendations in adults be extrapolated to adolescents? J Pediatr 158, 947-952.e1 (2011).
2	Angiotensin-converting enzyme	ACE	P12821	Sarcoidosis	Diagnostic	50.5 (16-85) U/L	Children: Infant/Adolescent: 0-17 yrs old	Both	Serum	Mayo Clinic Test Catalog
2	Angiotensin-converting enzyme	ACE	P12821	Sarcoidosis	Diagnostic	50.5 (16-85) U/L	Children: Age 9.8	Both	Serum	Mayo Clinic Test Catalog
2	Angiotensin-converting enzyme	ACE	P12821	Pulmonary Sarcoidosis	Prognostic	49.50+-41.04 U/L	Adult: >=18 yrs old	Both	Serum	Pubmed_ID: 25623898
3	Anti-acetylcholine receptor antibody			Myasthenia Gravis	Diagnostic	>0.4 nmol/L	Adult: >=18 yrs old	Both	Serum	Ferrero, B., Aimo, G., Pagni, R., Bergamasco, B., Bongioanni, M. R., Bergamini, L. & Durelli, L. Modified and improved anti-acetylcholine receptor (AchR) antibody assay: comparison of analytical and clinical performance with conventional anti-AChR antibody assay. Clin Chem 43, 824-831 (1997).
3	Anti-acetylcholine receptor antibody			Normal	Diagnostic	<=0.4 nmol/L	Adult: >=18 yrs old	Both	Serum	Ferrero, B., Aimo, G., Pagni, R., Bergamasco, B., Bongioanni, M. R., Bergamini, L. & Durelli, L. Modified and improved anti-acetylcholine receptor (AchR) antibody assay: comparison of analytical and clinical performance with conventional anti-AChR antibody assay. Clin Chem 43, 824-831 (1997).
6	Adenosine deaminase	ADA	P00813	Tuberculosis	Diagnostic	>14 U/L	Adult: >=18 yrs old	Both	Serum	Afrasiabian, S., Mohsenpour, B., Bagheri, K. H., Sigari, N. & Aftabi, K. Diagnostic value of serum adenosine deaminase level in pulmonary tuberculosis. J Res Med Sci 18, 252-254 (2013).
6	Adenosine deaminase	ADA	P00813	Normal	Diagnostic	10.69 (7.71-13.67) U/L	Adult: >=18 yrs old	Both	Serum	Afrasiabian, S., Mohsenpour, B., Bagheri, K. H., Sigari, N. & Aftabi, K. Diagnostic value of serum adenosine deaminase level in pulmonary tuberculosis. J Res Med Sci 18, 252-254 (2013).
6	Adenosine deaminase	ADA	P00813	Normal	Diagnostic	4.5 (0-9) U/L	All	Both	Cerebrospinal Fluid (CSF)	Mayo Clinic Test Catalog
6	Adenosine deaminase	ADA	P00813	Normal	Diagnostic	15 (0-30) U/L	All	Both	Peritoneal Fluid	Mayo Clinic Test Catalog
6	Adenosine deaminase	ADA	P00813	Normal	Diagnostic	20 (0-40) U/L	All	Both	Pericardial Fluid	Mayo Clinic Test Catalog
7	Alpha-fetoprotein	AFP	P02771	Down Syndrome	Risk	<10 ng/mL	Adult: >=18 yrs old	Female	Blood	AFP test: StatPearls [Internet]. Treasure Island (FL): StatPearls Publishing
7	Alpha-fetoprotein	AFP	P02771	Hepatocellular Carcinoma	Diagnostic	>21 ng/mL	Adult: >=18 yrs old	Both	Serum	Song, P., Feng, X., Inagaki, Y., Song, T., Zhang, K., Wang, Z., Zheng, S., Ma, K., Li, Q., Kong, D., Wu, Q., Zhang, T., Zhao, X., Hasegawa, K., Sugawara, Y., Kokudo, N. & Tang, W. Clinical utility of simultaneous measurement of alpha-fetoprotein and des-gamma-carboxy prothrombin for diagnosis of patients with hepatocellular carcinoma in China: A multi-center case-controlled study of 1,153 subjects. Biosci Trends 8, 266-273 (2014).
7	Alpha-fetoprotein	AFP	P02771	Normal	Diagnostic	<10 ng/mL	Adult: >=18 yrs old	Both	Serum	University of Rochester Medical Center: Alpha-Fetoprotein Tumor marker
7	Alpha-fetoprotein	AFP	P02771	Renal Cell Carcinoma	Diagnostic	>500 ng/mL	Adult: >=18 yrs old	Both	Blood	University of Rochester Medical Center: Alpha-fetaprotein tumor marker
7	Alpha-fetoprotein	AFP	P02771	Normal	Diagnostic	<10 ng/mL	Adult: >=18 yrs old	Both	Blood	University of Rochester Medical Center: Alpha-fetaprotein tumor marker
7	Alpha-fetoprotein	AFP	P02771	Hodgkin's disease	Diagnostic	>500 ng/mL	Adult: >=18 yrs old	Both	Blood	University of Rochester Medical Center: Alpha-fetaprotein tumor marker
7	Alpha-fetoprotein	AFP	P02771	Normal	Diagnostic	<10 ng/mL	Adult: >=18 yrs old	Both	Blood	University of Rochester Medical Center: Alpha-fetaprotein tumor marker
7	Alpha-fetoprotein	AFP	P02771	Lymphoma	Diagnostic	>500 ng/mL	Adult: >=18 yrs old	Both	Blood	University of Rochester Medical Center: Alpha-fetaprotein tumor marker
7	Alpha-fetoprotein	AFP	P02771	Normal	Diagnostic	<10 ng/mL	Adult: >=18 yrs old	Both	Blood	University of Rochester Medical Center: Alpha-fetaprotein tumor marker
7	Alpha-fetoprotein	AFP	P02771	Normal	Diagnostic	0 (0->2000) uM	Infant: 0-<1 month old	Both	Blood	Adeli K, Higgins V, Trajcevski K, White-Al Habeeb N. The Canadian laboratory initiative on pediatric reference intervals: a CALIPER white paper. Crit Rev Cliin Lab Sci. 2017 Sep;54(6):358-413. doi: 10.1080/10408363.2017.1379945. Epub 2017 Oct 11. Erratum in: crit Rev Clin Lab Sci. 2020 Mar;57(2):145. doi: 10.1080/10408363.2019.1704475. PMID: 29017389.
7	Alpha-fetoprotein	AFP	P02771	Normal	Diagnostic	684.4 (9.8-1359) uM	Infant: 1-<6 months old	Both	Blood	Adeli K, Higgins V, Trajcevski K, White-Al Habeeb N. The Canadian laboratory initiative on pediatric reference intervals: a CALIPER white paper. Crit Rev Cliin Lab Sci. 2017 Sep;54(6):358-413. doi: 10.1080/10408363.2017.1379945. Epub 2017 Oct 11. Erratum in: crit Rev Clin Lab Sci. 2020 Mar;57(2):145. doi: 10.1080/10408363.2019.1704475. PMID: 29017389.
7	Alpha-fetoprotein	AFP	P02771	Normal	Diagnostic	51.75 (0.4-103.1) uM	Infant: 6 months - 1 yr old	Both	Blood	Adeli K, Higgins V, Trajcevski K, White-Al Habeeb N. The Canadian laboratory initiative on pediatric reference intervals: a CALIPER white paper. Crit Rev Cliin Lab Sci. 2017 Sep;54(6):358-413. doi: 10.1080/10408363.2017.1379945. Epub 2017 Oct 11. Erratum in: crit Rev Clin Lab Sci. 2020 Mar;57(2):145. doi: 10.1080/10408363.2019.1704475. PMID: 29017389.
7	Alpha-fetoprotein	AFP	P02771	Normal	Diagnostic	17.8 (0.8-34.8) uM	Children/Adolescent: 1-<19 yrs old	Both	Blood	Adeli K, Higgins V, Trajcevski K, White-Al Habeeb N. The Canadian laboratory initiative on pediatric reference intervals: a CALIPER white paper. Crit Rev Cliin Lab Sci. 2017 Sep;54(6):358-413. doi: 10.1080/10408363.2017.1379945. Epub 2017 Oct 11. Erratum in: crit Rev Clin Lab Sci. 2020 Mar;57(2):145. doi: 10.1080/10408363.2019.1704475. PMID: 29017389.
7	Alpha-fetoprotein	AFP	P02771	Normal	Diagnostic	2 multiples of median (MoM)	All	Both	Amniotic Fluid	Mayo Clinic Test Catalog
8	Pappalysin-1	PAPPA	Q13219	Preterm Birth	Diagnostic	<0.76 MoM	Adult: >=18 yrs old	Female	Serum	Cohen, J. L., Smilen, K. E., Bianco, A. T., Moshier, E. L., Ferrara, L. A. & Stone, J. L. Predictive value of combined serum biomarkers for adverse pregnancy outcomes. Eur J Obstet Gynecol Reprod Biol 181, 89-94 (2014).
8	Pappalysin-1	PAPPA	Q13219	Low Birth Weight	Diagnostic	<1.00 MoM	Adult: >=18 yrs old	Female	Serum	Cohen, J. L., Smilen, K. E., Bianco, A. T., Moshier, E. L., Ferrara, L. A. & Stone, J. L. Predictive value of combined serum biomarkers for adverse pregnancy outcomes. Eur J Obstet Gynecol Reprod Biol 181, 89-94 (2014).
8	Pappalysin-1	PAPPA	Q13219	Preeclampsia/Eclampsia	Diagnostic	<0.87 MoM	Adult: >=18 yrs old	Female	Serum	Cohen, J. L., Smilen, K. E., Bianco, A. T., Moshier, E. L., Ferrara, L. A. & Stone, J. L. Predictive value of combined serum biomarkers for adverse pregnancy outcomes. Eur J Obstet Gynecol Reprod Biol 181, 89-94 (2014).
8	Pappalysin-1	PAPPA	Q13219	Normal	Diagnostic	>0.5 Multiple of the Median (MoM)	Adult: >=18 yrs old	Female	Blood	Pubmed_ID: 24757339
8	Pappalysin-1	PAPPA	Q13219	Normal	Diagnostic	>0.5 Multiple of the Median (MoM)	Adult: >=18 yrs old	Female	Blood	Pubmed_ID: 24757339
8	Pappalysin-1	PAPPA	Q13219	Normal	Diagnostic	>0.5 Multiple of the Median (MoM)	Adult: >=18 yrs old	Female	Blood	Pubmed_ID: 24757339
8	Pappalysin-1	PAPPA	Q13219	Down Syndrome	Diagnostic	<0.4 Muliple of the Mean (MoM)	Adult: >=18 yrs old	Female	Blood	The Pennine Acute Hospital Low PAPP-A guide
8	Pappalysin-1	PAPPA	Q13219	Normal	Diagnostic	1 Muliple of the Mean (MoM)	Adult: >=18 yrs old	Female	Blood	The Pennine Acute Hospital Low PAPP-A guide
10	Aldolase A	ALDOB	P05062	Myopathy Related To Systemic Sclerosis	Risk	>9 U/L	Adult: >=18 yrs old	Both	Serum	Toledano, C., Gain, M., Kettaneh, A., Baudin, B., Johanet, C., Cherin, P., Riviere, S., Cabane, J. & Tiev, K. P. Aldolase predicts subsequent myopathy occurrence in systemic sclerosis. Arthritis Res Ther 14, R152 (2012).
10	Aldolase A	ALDOB	P05062	Liver Disease	Diagnostic	>7.5 U/L	Adult: >=18 yrs old	Both	Blood	Health line: Aldolase
10	Aldolase A	ALDOB	P05062	Normal	Diagnostic	4.25 (1-7.5) U/L	Adult: >=18 yrs old	Both	Blood	Health line: ALD test
10	Aldolase A	ALDOB	P05062	Liver Disease	Diagnostic	>14.5 U/L	Children: 2-17 yrs old	Both	Blood	Health line: Aldolase
10	Aldolase A	ALDOB	P05062	Normal	Diagnostic	<14.5 U/L	Children: 2-17 yrs old	Both	Blood	Health line: ALD test
10	Aldolase A	ALDOB	P05062	Myocardial Infarction	Diagnostic	>7.5 U/L	Adult: >=18 yrs old	Both	Blood	Healthline: adolase test
10	Aldolase A	ALDOB	P05062	Normal	Diagnostic	4.25 (1-7.5) U/L	Adult: >=18 yrs old	Both	Blood	Healthline: adolase test
10	Aldolase A	ALDOB	P05062	Cirrhosis	Diagnostic	>7.5 U/L	Adult: >=18 yrs old	Both	Blood	Healthline: adolase test
10	Aldolase A	ALDOB	P05062	Normal	Diagnostic	4.25 (1-7.5) U/L	Adult: >=18 yrs old	Both	Blood	Healthline: adolase test
10	Aldolase A	ALDOB	P05062	Prostate Cancer	Diagnostic	>7.5 U/L	Adult: >=18 yrs old	Both	Blood	Healthline: adolase test
10	Aldolase A	ALDOB	P05062	Normal	Diagnostic	4.25 (1-7.5) U/L	Adult: >=18 yrs old	Both	Blood	Healthline: adolase test
10	Aldolase A	ALDOB	P05062	Leukemia	Diagnostic	>7.5 U/L	Adult: >=18 yrs old	Both	Blood	Healthline: adolase test
10	Aldolase A	ALDOB	P05062	Normal	Diagnostic	4.25 (1-7.5) U/L	Adult: >=18 yrs old	Both	Blood	Healthline: adolase test
10	Aldolase A	ALDOB	P05062	Pancreatic Cancer	Diagnostic	>7.5 U/L	Adult: >=18 yrs old	Both	Blood	Healthline: adolase test
10	Aldolase A	ALDOB	P05062	Normal	Diagnostic	4.25 (1-7.5) U/L	Adult: >=18 yrs old	Both	Blood	Healthline: adolase test
10	Aldolase A	ALDOB	P05062	Renal Cell Carcinoma	Diagnostic	>7.5 U/L	Adult: >=18 yrs old	Both	Blood	Healthline: adolase test
10	Aldolase A	ALDOB	P05062	Normal	Diagnostic	4.25 (1-7.5) U/L	Adult: >=18 yrs old	Both	Blood	Healthline: adolase test
10	Aldolase A	ALDOB	P05062	Hepatocellular Carcinoma	Diagnostic	>7.5 U/L	Adult: >=18 yrs old	Both	Blood	Healthline: adolase test
10	Aldolase A	ALDOB	P05062	Normal	Diagnostic	4.25 (1-7.5) U/L	Adult: >=18 yrs old	Both	Blood	Healthline: adolase test
10	Aldolase A	ALDOB	P05062	Hepatitis	Diagnostic	>7.5 U/L	Adult: >=18 yrs old	Both	Blood	Healthline: adolase test
10	Aldolase A	ALDOB	P05062	Normal	Diagnostic	4.25 (1-7.5) U/L	Adult: >=18 yrs old	Both	Blood	Healthline: adolase test
10	Aldolase A	ALDOB	P05062	Muscular dystrophy	Diagnostic	>7.5 U/L	Adult: >=18 yrs old	Both	Blood	Healthline: adolase test
10	Aldolase A	ALDOB	P05062	Normal	Diagnostic	4.25 (1-7.5) U/L	Adult: >=18 yrs old	Both	Blood	Healthline: adolase test
10	Aldolase A	ALDOB	P05062	Muscle atrophy	Diagnostic	<2 U/L	Adult: >=18 yrs old	Both	Blood	Healthline: adolase test
10	Aldolase A	ALDOB	P05062	Normal	Diagnostic	4.25 (1-7.5) U/L	Adult: >=18 yrs old	Both	Blood	Healthline: adolase test
10	Aldolase A	ALDOB	P05062	Fructose intolerance	Diagnostic	<2 U/L	Adult: >=18 yrs old	Both	Blood	Healthline: adolase test
10	Aldolase A	ALDOB	P05062	Normal	Diagnostic	4.25 (1-7.5) U/L	Adult: >=18 yrs old	Both	Blood	Healthline: adolase test
10	Aldolase A	ALDOB	P05062	Muscular dystrophy	Diagnostic	<2 U/L	Adult: >=18 yrs old	Both	Blood	Healthline: adolase test
10	Aldolase A	ALDOB	P05062	Normal	Diagnostic	4.25 (1-7.5) U/L	Adult: >=18 yrs old	Both	Blood	Healthline: adolase test
12	Alpha-1-antitrypsin	SERPINA1	P01009	Alpha 1 Antitrypsin Deficiency	Diagnostic	<120 mg/dL	Adult: >=18 yrs old	Both	Serum	Corda, L., Bertella, E., Pini, L., Pezzini, A., Medicina, D., Boni, E., Guerini, M., Trivella, S., Grassi, V. & Tantucci, C. Diagnostic flow chart for targeted detection of alpha1-antitrypsin deficiency. Respir Med 100, 463-470 (2006).
12	Alpha-1-antitrypsin	SERPINA1	P01009	Normal	Diagnostic	133 (112-154) mg/dL	Adult: >=18 yrs old	Both	Blood	Corda, L., Bertella, E., Pini, L., Pezzini, A., Medicina, D., Boni, E., Guerini, M., Trivella, S., Grassi, V. & Tantucci, C. Diagnostic flow chart for targeted detection of alpha1-antitrypsin deficiency. Respir Med 100, 463-470 (2006).
12	Alpha-1-antitrypsin	SERPINA1	P01009	Normal	Diagnostic	1.45 (1.1-1.8) g/L	Infant/Adolescent: 0-<19 yrs old	Both	Blood	Adeli K, Higgins V, Trajcevski K, White-Al Habeeb N. The Canadian laboratory initiative on pediatric reference intervals: a CALIPER white paper. Crit Rev Cliin Lab Sci. 2017 Sep;54(6):358-413. doi: 10.1080/10408363.2017.1379945. Epub 2017 Oct 11. Erratum in: crit Rev Clin Lab Sci. 2020 Mar;57(2):145. doi: 10.1080/10408363.2019.1704475. PMID: 29017389.
12	Alpha-1-antitrypsin	SERPINA1	P01009	Normal	Diagnostic	0.53 (0.21-0.85) g/L	Infant: 0-<6 months old	Both	Plasma	Adeli K, Higgins V, Trajcevski K, White-Al Habeeb N. The Canadian laboratory initiative on pediatric reference intervals: a CALIPER white paper. Crit Rev Cliin Lab Sci. 2017 Sep;54(6):358-413. doi: 10.1080/10408363.2017.1379945. Epub 2017 Oct 11. Erratum in: crit Rev Clin Lab Sci. 2020 Mar;57(2):145. doi: 10.1080/10408363.2019.1704475. PMID: 29017389.
12	Alpha-1-antitrypsin	SERPINA1	P01009	Normal	Diagnostic	1.245 (0.48-2.01) g/L	Infant/Children: 6 months - <5 yrs old	Both	Plasma	Adeli K, Higgins V, Trajcevski K, White-Al Habeeb N. The Canadian laboratory initiative on pediatric reference intervals: a CALIPER white paper. Crit Rev Cliin Lab Sci. 2017 Sep;54(6):358-413. doi: 10.1080/10408363.2017.1379945. Epub 2017 Oct 11. Erratum in: crit Rev Clin Lab Sci. 2020 Mar;57(2):145. doi: 10.1080/10408363.2019.1704475. PMID: 29017389.
12	Alpha-1-antitrypsin	SERPINA1	P01009	Normal	Diagnostic	0.81 (0.48-1.14) g/L	Children/Adolescent: 5-<19 yrs old	Both	Plasma	Adeli K, Higgins V, Trajcevski K, White-Al Habeeb N. The Canadian laboratory initiative on pediatric reference intervals: a CALIPER white paper. Crit Rev Cliin Lab Sci. 2017 Sep;54(6):358-413. doi: 10.1080/10408363.2017.1379945. Epub 2017 Oct 11. Erratum in: crit Rev Clin Lab Sci. 2020 Mar;57(2):145. doi: 10.1080/10408363.2019.1704475. PMID: 29017389.
12	Alpha-1-antitrypsin	SERPINA1	P01009	Normal	Diagnostic	145 (100-190) mg/dL	All	Both	Serum	Mayo Clinic Test Catalog
13	Serum amyloid A-1 protein	SAA1	P0DJI8	Normal	Diagnostic	21.05 (2.5-39.6) ug/mL	Adult: >=18 yrs old	Both	Serum	Miyoshi, S., Hamada, H., Kadowaki, T., Hamaguchi, N., Ito, R., Irifune, K. & Higaki, J. Comparative evaluation of serum markers in pulmonary sarcoidosis. Chest 137, 1391-1397 (2010).
13	Serum amyloid A-1 protein	SAA1	P0DJI8	Pulmonary Sarcoidosis	Prognostic	>9.3 ug/mL	Adult: >=18 yrs old	Both	Serum	Miyoshi, S., Hamada, H., Kadowaki, T., Hamaguchi, N., Ito, R., Irifune, K. & Higaki, J. Comparative evaluation of serum markers in pulmonary sarcoidosis. Chest 137, 1391-1397 (2010).
14	Interleukin-2 receptor subunit alpha	IL2RA	P01589	Normal	Diagnostic	1246 (369-2123) U/mL	Adult: >=18 yrs old	Both	Serum	Miyoshi, S., Hamada, H., Kadowaki, T., Hamaguchi, N., Ito, R., Irifune, K. & Higaki, J. Comparative evaluation of serum markers in pulmonary sarcoidosis. Chest 137, 1391-1397 (2010).
14	Interleukin-2 receptor subunit alpha	IL2RA	P01589	Pulmonary Sarcoidosis	Prognostic	>1195 U/mL	Adult: >=18 yrs old	Both	Serum	Miyoshi, S., Hamada, H., Kadowaki, T., Hamaguchi, N., Ito, R., Irifune, K. & Higaki, J. Comparative evaluation of serum markers in pulmonary sarcoidosis. Chest 137, 1391-1397 (2010).
15	Mucin-1	MUC1	P15941	Breast Cancer	Diagnostic	>27.255 U/mL	Adult: >=18 yrs old	Female	Serum	Lawicki, S., Bedkowska, G. E. & Szmitkowski, M. VEGF, M-CSF and CA 15-3 as a new tumor marker panel in breast malignancies: a multivariate analysis with ROC curve. Growth Factors 31, 98-105 (2013).
15	Mucin-1	MUC1	P15941	Ovarian Cancer	Diagnostic	> 11 U/mL U/mL	Adult: >=18 yrs old	Female	Blood	Chernecky, Cynthia C, and Barbara J Berger. Laboratory Tests and Diagnostic Procedures. 6th ed. St. Louis, Mo.: Elsevier/Saunders, 2013.
15	Mucin-1	MUC1	P15941	Normal	Diagnostic	< 11 U/mL U/mL	Adult: >=18 yrs old	Female	Blood	Chernecky, Cynthia C, and Barbara J Berger. Laboratory Tests and Diagnostic Procedures. 6th ed. St. Louis, Mo.: Elsevier/Saunders, 2013.
15	Mucin-1	MUC1	P15941	Normal	Diagnostic	16.5 (7-32) U/mL	Adult: >=18 yrs old	Female	Serum	Lawicki, S., Bedkowska, G. E. & Szmitkowski, M. VEGF, M-CSF and CA 15-3 as a new tumor marker panel in breast malignancies: a multivariate analysis with ROC curve. Growth Factors 31, 98-105 (2013).
16	Lysozyme C	LYZ	P61626	Normal	Diagnostic	10.75 (4.2-17.3) ug/mL	Adult: >=18 yrs old	Both	Serum	Miyoshi, S., Hamada, H., Kadowaki, T., Hamaguchi, N., Ito, R., Irifune, K. & Higaki, J. Comparative evaluation of serum markers in pulmonary sarcoidosis. Chest 137, 1391-1397 (2010).
16	Lysozyme C	LYZ	P61626	Pulmonary Sarcoidosis	Prognostic	>11.25 ug/mL	Adult: >=18 yrs old	Both	Serum	Miyoshi, S., Hamada, H., Kadowaki, T., Hamaguchi, N., Ito, R., Irifune, K. & Higaki, J. Comparative evaluation of serum markers in pulmonary sarcoidosis. Chest 137, 1391-1397 (2010).
19	Aspartate Transaminase	GOT1	P17174	Diabetes Mellitus	Diagnostic	>22 U/L	Adult: >=18 yrs old	Male	Serum	Kashima, S., Inoue, K., Matsumoto, M. & Akimoto, K. Do non-glycaemic markers add value to plasma glucose and hemoglobin a1c in predicting diabetes? Yuport health checkup center study. PLoS One 8, e66899 (2013).
19	Aspartate Transaminase	GOT1	P17174	Diabetes Mellitus	Diagnostic	>19 U/L	Adult: >=18 yrs old	Female	Serum	Kashima, S., Inoue, K., Matsumoto, M. & Akimoto, K. Do non-glycaemic markers add value to plasma glucose and hemoglobin a1c in predicting diabetes? Yuport health checkup center study. PLoS One 8, e66899 (2013).
19	Aspartate Transaminase	GOT1	P17174	Liver Disease	Diagnostic	>20 U/L	Adult: >=18 yrs old	Male	Blood	Health link BC: Aspartate Aminotransferase
19	Aspartate Transaminase	GOT1	P17174	Normal	Diagnostic	17 (14-20) U/L	Adult: >=18 yrs old	Male	Blood	Health link BC: Aspartate Aminotransferase
19	Aspartate Transaminase	GOT1	P17174	Liver Disease	Diagnostic	>36 U/L	Adult: >=18 yrs old	Female	Blood	Health link BC: Aspartate Aminotransferase
19	Aspartate Transaminase	GOT1	P17174	Normal	Diagnostic	23 (10-36) U/L	Adult: >=18 yrs old	Female	Blood	Health link BC: Aspartate Aminotransferase
19	Aspartate Transaminase	GOT1	P17174	Normal	Diagnostic	20 (17-23) U/L	Adult: >=18 yrs old	Female	Serum	Kashima, S., Inoue, K., Matsumoto, M. & Akimoto, K. Do non-glycaemic markers add value to plasma glucose and hemoglobin a1c in predicting diabetes? Yuport health checkup center study. PLoS One 8, e66899 (2013).
19	Aspartate Transaminase	GOT1	P17174	Normal	Diagnostic	22 (18-26) U/L	Adult: >=18 yrs old	Male	Serum	Kashima, S., Inoue, K., Matsumoto, M. & Akimoto, K. Do non-glycaemic markers add value to plasma glucose and hemoglobin a1c in predicting diabetes? Yuport health checkup center study. PLoS One 8, e66899 (2013).
19	Aspartate Transaminase	GOT1	P17174	Normal	Diagnostic	97 (32-162) U/L	Infant: 0-<15 days old	Female	Serum	Adeli K, Higgins V, Trajcevski K, White-Al Habeeb N. The Canadian laboratory initiative on pediatric reference intervals: a CALIPER white paper. Crit Rev Cliin Lab Sci. 2017 Sep;54(6):358-413. doi: 10.1080/10408363.2017.1379945. Epub 2017 Oct 11. Erratum in: crit Rev Clin Lab Sci. 2020 Mar;57(2):145. doi: 10.1080/10408363.2019.1704475. PMID: 29017389.
19	Aspartate Transaminase	GOT1	P17174	Normal	Diagnostic	43.5 (20-67) U/L	Infant: 15 days - 1 yr old	Female	Serum	Adeli K, Higgins V, Trajcevski K, White-Al Habeeb N. The Canadian laboratory initiative on pediatric reference intervals: a CALIPER white paper. Crit Rev Cliin Lab Sci. 2017 Sep;54(6):358-413. doi: 10.1080/10408363.2017.1379945. Epub 2017 Oct 11. Erratum in: crit Rev Clin Lab Sci. 2020 Mar;57(2):145. doi: 10.1080/10408363.2019.1704475. PMID: 29017389.
19	Aspartate Transaminase	GOT1	P17174	Normal	Diagnostic	32.5 (21-44) U/L	Children: 1-<7 yrs old	Female	Serum	Adeli K, Higgins V, Trajcevski K, White-Al Habeeb N. The Canadian laboratory initiative on pediatric reference intervals: a CALIPER white paper. Crit Rev Cliin Lab Sci. 2017 Sep;54(6):358-413. doi: 10.1080/10408363.2017.1379945. Epub 2017 Oct 11. Erratum in: crit Rev Clin Lab Sci. 2020 Mar;57(2):145. doi: 10.1080/10408363.2019.1704475. PMID: 29017389.
19	Aspartate Transaminase	GOT1	P17174	Normal	Diagnostic	27 (18-36) U/L	Children: 7-<12 yrs old	Female	Serum	Adeli K, Higgins V, Trajcevski K, White-Al Habeeb N. The Canadian laboratory initiative on pediatric reference intervals: a CALIPER white paper. Crit Rev Cliin Lab Sci. 2017 Sep;54(6):358-413. doi: 10.1080/10408363.2017.1379945. Epub 2017 Oct 11. Erratum in: crit Rev Clin Lab Sci. 2020 Mar;57(2):145. doi: 10.1080/10408363.2019.1704475. PMID: 29017389.
19	Aspartate Transaminase	GOT1	P17174	Normal	Diagnostic	19.5 (13-26) U/L	Adolescent: 12-<19 yrs old	Female	Serum	Adeli K, Higgins V, Trajcevski K, White-Al Habeeb N. The Canadian laboratory initiative on pediatric reference intervals: a CALIPER white paper. Crit Rev Cliin Lab Sci. 2017 Sep;54(6):358-413. doi: 10.1080/10408363.2017.1379945. Epub 2017 Oct 11. Erratum in: crit Rev Clin Lab Sci. 2020 Mar;57(2):145. doi: 10.1080/10408363.2019.1704475. PMID: 29017389.
19	Aspartate Transaminase	GOT1	P17174	Normal	Diagnostic	97 (32-162) U/L	Infant: 0-<15 days old	Male	Serum	Adeli K, Higgins V, Trajcevski K, White-Al Habeeb N. The Canadian laboratory initiative on pediatric reference intervals: a CALIPER white paper. Crit Rev Cliin Lab Sci. 2017 Sep;54(6):358-413. doi: 10.1080/10408363.2017.1379945. Epub 2017 Oct 11. Erratum in: crit Rev Clin Lab Sci. 2020 Mar;57(2):145. doi: 10.1080/10408363.2019.1704475. PMID: 29017389.
19	Aspartate Transaminase	GOT1	P17174	Normal	Diagnostic	43.5 (20-67) U/L	Infant: 15 days - 1 yr old	Male	Serum	Adeli K, Higgins V, Trajcevski K, White-Al Habeeb N. The Canadian laboratory initiative on pediatric reference intervals: a CALIPER white paper. Crit Rev Cliin Lab Sci. 2017 Sep;54(6):358-413. doi: 10.1080/10408363.2017.1379945. Epub 2017 Oct 11. Erratum in: crit Rev Clin Lab Sci. 2020 Mar;57(2):145. doi: 10.1080/10408363.2019.1704475. PMID: 29017389.
19	Aspartate Transaminase	GOT1	P17174	Normal	Diagnostic	32.5 (21-44) U/L	Children: 1-<7 yrs old	Male	Serum	Adeli K, Higgins V, Trajcevski K, White-Al Habeeb N. The Canadian laboratory initiative on pediatric reference intervals: a CALIPER white paper. Crit Rev Cliin Lab Sci. 2017 Sep;54(6):358-413. doi: 10.1080/10408363.2017.1379945. Epub 2017 Oct 11. Erratum in: crit Rev Clin Lab Sci. 2020 Mar;57(2):145. doi: 10.1080/10408363.2019.1704475. PMID: 29017389.
19	Aspartate Transaminase	GOT1	P17174	Normal	Diagnostic	27 (18-36) U/L	Children: 7-<12 yrs old	Male	Serum	Adeli K, Higgins V, Trajcevski K, White-Al Habeeb N. The Canadian laboratory initiative on pediatric reference intervals: a CALIPER white paper. Crit Rev Cliin Lab Sci. 2017 Sep;54(6):358-413. doi: 10.1080/10408363.2017.1379945. Epub 2017 Oct 11. Erratum in: crit Rev Clin Lab Sci. 2020 Mar;57(2):145. doi: 10.1080/10408363.2019.1704475. PMID: 29017389.
19	Aspartate Transaminase	GOT1	P17174	Normal	Diagnostic	24.5 (14-35) U/L	Adolescent: 12-<19 yrs old	Male	Serum	Adeli K, Higgins V, Trajcevski K, White-Al Habeeb N. The Canadian laboratory initiative on pediatric reference intervals: a CALIPER white paper. Crit Rev Cliin Lab Sci. 2017 Sep;54(6):358-413. doi: 10.1080/10408363.2017.1379945. Epub 2017 Oct 11. Erratum in: crit Rev Clin Lab Sci. 2020 Mar;57(2):145. doi: 10.1080/10408363.2019.1704475. PMID: 29017389.
19	Aspartate Transaminase	GOT1	P17174	Normal	Diagnostic	104.5 (23-186) U/L	Infant: 0-<15 days old	Female	Serum	Adeli K, Higgins V, Trajcevski K, White-Al Habeeb N. The Canadian laboratory initiative on pediatric reference intervals: a CALIPER white paper. Crit Rev Cliin Lab Sci. 2017 Sep;54(6):358-413. doi: 10.1080/10408363.2017.1379945. Epub 2017 Oct 11. Erratum in: crit Rev Clin Lab Sci. 2020 Mar;57(2):145. doi: 10.1080/10408363.2019.1704475. PMID: 29017389.
19	Aspartate Transaminase	GOT1	P17174	Normal	Diagnostic	53 (23-83) U/L	Infant: 15 days - 1 yr old	Female	Serum	Adeli K, Higgins V, Trajcevski K, White-Al Habeeb N. The Canadian laboratory initiative on pediatric reference intervals: a CALIPER white paper. Crit Rev Cliin Lab Sci. 2017 Sep;54(6):358-413. doi: 10.1080/10408363.2017.1379945. Epub 2017 Oct 11. Erratum in: crit Rev Clin Lab Sci. 2020 Mar;57(2):145. doi: 10.1080/10408363.2019.1704475. PMID: 29017389.
19	Aspartate Transaminase	GOT1	P17174	Normal	Diagnostic	40.5 (26-55) U/L	Children: 1-<7 yrs old	Female	Serum	Adeli K, Higgins V, Trajcevski K, White-Al Habeeb N. The Canadian laboratory initiative on pediatric reference intervals: a CALIPER white paper. Crit Rev Cliin Lab Sci. 2017 Sep;54(6):358-413. doi: 10.1080/10408363.2017.1379945. Epub 2017 Oct 11. Erratum in: crit Rev Clin Lab Sci. 2020 Mar;57(2):145. doi: 10.1080/10408363.2019.1704475. PMID: 29017389.
19	Aspartate Transaminase	GOT1	P17174	Normal	Diagnostic	31.5 (22-41) U/L	Children: 7-<12 yrs old	Female	Serum	Adeli K, Higgins V, Trajcevski K, White-Al Habeeb N. The Canadian laboratory initiative on pediatric reference intervals: a CALIPER white paper. Crit Rev Cliin Lab Sci. 2017 Sep;54(6):358-413. doi: 10.1080/10408363.2017.1379945. Epub 2017 Oct 11. Erratum in: crit Rev Clin Lab Sci. 2020 Mar;57(2):145. doi: 10.1080/10408363.2019.1704475. PMID: 29017389.
19	Aspartate Transaminase	GOT1	P17174	Normal	Diagnostic	25 (17-33) U/L	Adolescent: 12-<19 yrs old	Female	Serum	Adeli K, Higgins V, Trajcevski K, White-Al Habeeb N. The Canadian laboratory initiative on pediatric reference intervals: a CALIPER white paper. Crit Rev Cliin Lab Sci. 2017 Sep;54(6):358-413. doi: 10.1080/10408363.2017.1379945. Epub 2017 Oct 11. Erratum in: crit Rev Clin Lab Sci. 2020 Mar;57(2):145. doi: 10.1080/10408363.2019.1704475. PMID: 29017389.
19	Aspartate Transaminase	GOT1	P17174	Normal	Diagnostic	104.5 (23-186) U/L	Infant: 0-<15 days old	Male	Serum	Adeli K, Higgins V, Trajcevski K, White-Al Habeeb N. The Canadian laboratory initiative on pediatric reference intervals: a CALIPER white paper. Crit Rev Cliin Lab Sci. 2017 Sep;54(6):358-413. doi: 10.1080/10408363.2017.1379945. Epub 2017 Oct 11. Erratum in: crit Rev Clin Lab Sci. 2020 Mar;57(2):145. doi: 10.1080/10408363.2019.1704475. PMID: 29017389.
19	Aspartate Transaminase	GOT1	P17174	Normal	Diagnostic	53 (23-83) U/L	Infant: 15 days - 1 yr old	Male	Serum	Adeli K, Higgins V, Trajcevski K, White-Al Habeeb N. The Canadian laboratory initiative on pediatric reference intervals: a CALIPER white paper. Crit Rev Cliin Lab Sci. 2017 Sep;54(6):358-413. doi: 10.1080/10408363.2017.1379945. Epub 2017 Oct 11. Erratum in: crit Rev Clin Lab Sci. 2020 Mar;57(2):145. doi: 10.1080/10408363.2019.1704475. PMID: 29017389.
19	Aspartate Transaminase	GOT1	P17174	Normal	Diagnostic	40.5 (26-55) U/L	Children: 1-<7 yrs old	Male	Serum	Adeli K, Higgins V, Trajcevski K, White-Al Habeeb N. The Canadian laboratory initiative on pediatric reference intervals: a CALIPER white paper. Crit Rev Cliin Lab Sci. 2017 Sep;54(6):358-413. doi: 10.1080/10408363.2017.1379945. Epub 2017 Oct 11. Erratum in: crit Rev Clin Lab Sci. 2020 Mar;57(2):145. doi: 10.1080/10408363.2019.1704475. PMID: 29017389.
19	Aspartate Transaminase	GOT1	P17174	Normal	Diagnostic	31.5 (22-41) U/L	Children: 7-<12 yrs old	Male	Serum	Adeli K, Higgins V, Trajcevski K, White-Al Habeeb N. The Canadian laboratory initiative on pediatric reference intervals: a CALIPER white paper. Crit Rev Cliin Lab Sci. 2017 Sep;54(6):358-413. doi: 10.1080/10408363.2017.1379945. Epub 2017 Oct 11. Erratum in: crit Rev Clin Lab Sci. 2020 Mar;57(2):145. doi: 10.1080/10408363.2019.1704475. PMID: 29017389.
19	Aspartate Transaminase	GOT1	P17174	Normal	Diagnostic	29 (18-40) U/L	Adolescent: 12-<19 yrs old	Male	Serum	Adeli K, Higgins V, Trajcevski K, White-Al Habeeb N. The Canadian laboratory initiative on pediatric reference intervals: a CALIPER white paper. Crit Rev Cliin Lab Sci. 2017 Sep;54(6):358-413. doi: 10.1080/10408363.2017.1379945. Epub 2017 Oct 11. Erratum in: crit Rev Clin Lab Sci. 2020 Mar;57(2):145. doi: 10.1080/10408363.2019.1704475. PMID: 29017389.
20	C-reactive protein	CRP	P02741	Inflammatory Bowel Disease	Diagnostic	>=5 g/L	Adult: >=18 yrs old	Both	Serum	Kennedy, N. A., Clark, A., Walkden, A., Chang, J. C., Fasci-Spurio, F., Muscat, M., Gordon, B. W., Kingstone, K., Satsangi, J., Arnott, I. D. & Lees, C. W. Clinical utility and diagnostic accuracy of faecal calprotectin for IBD at first presentation to gastroenterology services in adults aged 16-50 years. J Crohns Colitis 9, 41-49 (2015).
20	C-reactive protein	CRP	P02741	Non-specific Inflammation	Diagnostic	>10 mg/L	Adult: >=18 yrs old	Both	Blood	Mayo clinic: C-reactive protein test
20	C-reactive protein	CRP	P02741	Normal	Diagnostic	<=10 mg/L	Adult: >=18 yrs old	Both	Blood	Mayo clinic: C-reactive protein test
20	C-reactive protein	CRP	P02741	Normal	Diagnostic	<0.01 g/L	Adult: >=18 yrs old	Both	Serum	Mayo clinic: CRP test
20	C-reactive protein	CRP	P02741	Pregnancy	Diagnostic	>10 mg/L	Adult: >=18 yrs old	Female	serum	Pubmed_ID: 22787338
20	C-reactive protein	CRP	P02741	Normal	Diagnostic	<=10 mg/L	Adult: >=18 yrs old	Both	serum	Mayo clinic: C-reactive protein
20	C-reactive protein	CRP	P02741	Viral Infection	Diagnostic	35 (10-40) mg/L	Adult: >=18 yrs old	Both	serum	Pubmed_ID: 22787338
20	C-reactive protein	CRP	P02741	Normal	Diagnostic	<=10 mg/L	Adult: >=18 yrs old	Both	serum	Mayo clinic: C-reactive protein
20	C-reactive protein	CRP	P02741	Bacterial Infections	Diagnostic	120 (40-200) mg/L	Adult: >=18 yrs old	Both	serum	Pubmed_ID: 22787338
20	C-reactive protein	CRP	P02741	Normal	Diagnostic	<=10 mg/L	Adult: >=18 yrs old	Both	serum	Mayo clinic: C-reactive protein
20	C-reactive protein	CRP	P02741	Diabetes Mellitus Type 2	Diagnostic	>10 mg/L	Adult: >=18 yrs old	Both	serum	Pubmed_ID: 22787338
20	C-reactive protein	CRP	P02741	Normal	Diagnostic	<=10 mg/L	Adult: >=18 yrs old	Both	serum	Mayo clinic: C-reactive protein
20	C-reactive protein	CRP	P02741	Hypertension	Diagnostic	>10 mg/L	Adult: >=18 yrs old	Both	serum	Pubmed_ID: 22787338
20	C-reactive protein	CRP	P02741	Normal	Diagnostic	<=10 mg/L	Adult: >=18 yrs old	Both	serum	Mayo clinic: C-reactive protein
20	C-reactive protein	CRP	P02741	Cardiovascular disease	Diagnostic	>10 mg/L	Adult: >=18 yrs old	Both	serum	Pubmed_ID: 22787338
20	C-reactive protein	CRP	P02741	Normal	Diagnostic	<=10 mg/L	Adult: >=18 yrs old	Both	serum	Mayo clinic: C-reactive protein
20	C-reactive protein	CRP	P02741	Obstructive sleep apnea	Diagnostic	>10 mg/L	Adult: >=18 yrs old	Both	serum	Pubmed_ID: 22787338
20	C-reactive protein	CRP	P02741	Normal	Diagnostic	<=10 mg/L	Adult: >=18 yrs old	Both	serum	Mayo clinic: C-reactive protein
20	C-reactive protein	CRP	P02741	Normal	Diagnostic	3.2 (0.3-6.1) mg/L	Infant: 0-<15 days old	Both	Serum	Adeli K, Higgins V, Trajcevski K, White-Al Habeeb N. The Canadian laboratory initiative on pediatric reference intervals: a CALIPER white paper. Crit Rev Cliin Lab Sci. 2017 Sep;54(6):358-413. doi: 10.1080/10408363.2017.1379945. Epub 2017 Oct 11. Erratum in: crit Rev Clin Lab Sci. 2020 Mar;57(2):145. doi: 10.1080/10408363.2019.1704475. PMID: 29017389.
20	C-reactive protein	CRP	P02741	Normal	Diagnostic	0.55 (0.1-1) mg/L	Infant/Adolescent: 15 days - <15 yrs old	Both	Serum	Adeli K, Higgins V, Trajcevski K, White-Al Habeeb N. The Canadian laboratory initiative on pediatric reference intervals: a CALIPER white paper. Crit Rev Cliin Lab Sci. 2017 Sep;54(6):358-413. doi: 10.1080/10408363.2017.1379945. Epub 2017 Oct 11. Erratum in: crit Rev Clin Lab Sci. 2020 Mar;57(2):145. doi: 10.1080/10408363.2019.1704475. PMID: 29017389.
20	C-reactive protein	CRP	P02741	Normal	Diagnostic	0.9 (0.1-1.7) mg/L	Adolescent: 15-<19 yrs old	Both	Serum	Adeli K, Higgins V, Trajcevski K, White-Al Habeeb N. The Canadian laboratory initiative on pediatric reference intervals: a CALIPER white paper. Crit Rev Cliin Lab Sci. 2017 Sep;54(6):358-413. doi: 10.1080/10408363.2017.1379945. Epub 2017 Oct 11. Erratum in: crit Rev Clin Lab Sci. 2020 Mar;57(2):145. doi: 10.1080/10408363.2019.1704475. PMID: 29017389.
20	C-reactive protein	CRP	P02741	Normal	Diagnostic	<5 mg/L	All	Both	Serum	Mayo Clinic Test Catalog
20	C-reactive protein	CRP	P02741	Non-specific Inflammation	Diagnostic	>5 mg/L	All	Both	Serum	Mayo Clinic Test Catalog
20	C-reactive protein	CRP	P02741	Normal	Diagnostic	<2 mg/L	Adult: >=18 yrs	Both	Serum	Mayo Clinic Test Catalog
20	C-reactive protein	CRP	P02741	Cardiovascular disease	Diagnostic	>2 mg/L	Adult: >=18 yrs	Both	Serum	Mayo Clinic Test Catalog
20	C-reactive protein	CRP	P02741	Smoking	Response	1.9 (1.8-2.1) (1.8-2.1) mg/mL	Adult	Female	Blood	Wu, Z., Cavallaro, U., Marchisio, P. C., Soria, M. R. & Maier, J. A. Fibronectin modulates the effects of HIV-1 Tat on the growth of murine Kaposi's sarcoma-like cells through the down-regulation of tyrosine phosphorylation. Am J Pathol 152, 1599-1605 (1998).
20	C-reactive protein	CRP	P02741	Smoking	Response	1.5 (1.2-1.8) (1.2-1.8) mg/mL	Adult	Female	Blood	Wu, Z., Cavallaro, U., Marchisio, P. C., Soria, M. R. & Maier, J. A. Fibronectin modulates the effects of HIV-1 Tat on the growth of murine Kaposi's sarcoma-like cells through the down-regulation of tyrosine phosphorylation. Am J Pathol 152, 1599-1605 (1998).
20	C-reactive protein	CRP	P02741	Tobacco consumption	Response	1.9 (1.8-2.1) (1.8-2.1) mg/mL	Adult	Female	Blood	Wu, Z., Cavallaro, U., Marchisio, P. C., Soria, M. R. & Maier, J. A. Fibronectin modulates the effects of HIV-1 Tat on the growth of murine Kaposi's sarcoma-like cells through the down-regulation of tyrosine phosphorylation. Am J Pathol 152, 1599-1605 (1998).
20	C-reactive protein	CRP	P02741	Tobacco consumption	Response	1.5 (1.2-1.8) (1.2-1.8) mg/mL	Adult	Female	Blood	Wu, Z., Cavallaro, U., Marchisio, P. C., Soria, M. R. & Maier, J. A. Fibronectin modulates the effects of HIV-1 Tat on the growth of murine Kaposi's sarcoma-like cells through the down-regulation of tyrosine phosphorylation. Am J Pathol 152, 1599-1605 (1998).
21	Osteocalcin	BGLAP	P02818	Femoral Neck Osteoporsis	Diagnostic	43.5 ng/mL	Adult: >=18 yrs old	Female	Serum	Atalay, S., Elci, A., Kayadibi, H., Onder, C. B. & Aka, N. Diagnostic utility of osteocalcin, undercarboxylated osteocalcin, and alkaline phosphatase for osteoporosis in premenopausal and postmenopausal women. Ann Lab Med 32, 23-30 (2012).
21	Osteocalcin	BGLAP	P02818	L1 4 Spine Osteoporosis	Diagnostic	43.5 ng/mL	Adult: >=18 yrs old	Female	Serum	Atalay, S., Elci, A., Kayadibi, H., Onder, C. B. & Aka, N. Diagnostic utility of osteocalcin, undercarboxylated osteocalcin, and alkaline phosphatase for osteoporosis in premenopausal and postmenopausal women. Ann Lab Med 32, 23-30 (2012).
21	Osteocalcin	BGLAP	P02818	L2 4 Spine Osteoporosis	Diagnostic	25.8 ng/mL	Adult: >=18 yrs old	Female	Serum	Atalay, S., Elci, A., Kayadibi, H., Onder, C. B. & Aka, N. Diagnostic utility of osteocalcin, undercarboxylated osteocalcin, and alkaline phosphatase for osteoporosis in premenopausal and postmenopausal women. Ann Lab Med 32, 23-30 (2012).
21	Osteocalcin	BGLAP	P02818	Osteoporosis	Diagnostic	>4.65 ng/mL	Adult: >=18 yrs old	Female	Serum	Botella, S., Restituto, P., Monreal, I., Colina, I., Calleja, A. & Varo, N. Traditional and novel bone remodeling markers in premenopausal and postmenopausal women. J Clin Endocrinol Metab 98, E1740-E1748 (2013).
21	Osteocalcin	BGLAP	P02818	Normal	Diagnostic	22.5 (18.2-28.5) ng/mL	Adult: >=18 yrs old	Female	Serum	Atalay, S., Elci, A., Kayadibi, H., Onder, C. B. & Aka, N. Diagnostic utility of osteocalcin, undercarboxylated osteocalcin, and alkaline phosphatase for osteoporosis in premenopausal and postmenopausal women. Ann Lab Med 32, 23-30 (2012).
21	Osteocalcin	BGLAP	P02818	Normal	Diagnostic	22.5 (18.2-28.5) ng/mL	Adult: >=18 yrs old	Female	Serum	Atalay, S., Elci, A., Kayadibi, H., Onder, C. B. & Aka, N. Diagnostic utility of osteocalcin, undercarboxylated osteocalcin, and alkaline phosphatase for osteoporosis in premenopausal and postmenopausal women. Ann Lab Med 32, 23-30 (2012).
21	Osteocalcin	BGLAP	P02818	Normal	Diagnostic	22.5 (18.2-28.5) ng/mL	Adult: >=18 yrs old	Female	Serum	Atalay, S., Elci, A., Kayadibi, H., Onder, C. B. & Aka, N. Diagnostic utility of osteocalcin, undercarboxylated osteocalcin, and alkaline phosphatase for osteoporosis in premenopausal and postmenopausal women. Ann Lab Med 32, 23-30 (2012).
21	Osteocalcin	BGLAP	P02818	Normal	Diagnostic	22.5 (18.2-28.5) ng/mL	Adult: >=18 yrs old	Female	Serum	Atalay, S., Elci, A., Kayadibi, H., Onder, C. B. & Aka, N. Diagnostic utility of osteocalcin, undercarboxylated osteocalcin, and alkaline phosphatase for osteoporosis in premenopausal and postmenopausal women. Ann Lab Med 32, 23-30 (2012).
21	Osteocalcin	BGLAP	P02818	Paget's Disease	Diagnostic	>75 ng/mL	Infant & Children: <5 yrs	Male	Serum	Mayo Clinic Test Catalog
21	Osteocalcin	BGLAP	P02818	Paget's Disease	Diagnostic	>108 ng/mL	Children: 5-9 yrs	Male	Serum	Mayo Clinic Test Catalog
21	Osteocalcin	BGLAP	P02818	Paget's Disease	Diagnostic	>159 ng/mL	Children: 10-15 yrs	Male	Serum	Mayo Clinic Test Catalog
21	Osteocalcin	BGLAP	P02818	Paget's Disease	Diagnostic	>114 ng/mL	Children: 16-17 yrs	Male	Serum	Mayo Clinic Test Catalog
21	Osteocalcin	BGLAP	P02818	Paget's Disease	Diagnostic	>126 ng/mL	Infant & Children: <5 yrs	Female	Serum	Mayo Clinic Test Catalog
21	Osteocalcin	BGLAP	P02818	Paget's Disease	Diagnostic	>152 ng/mL	Children: 5-9 yrs	Female	Serum	Mayo Clinic Test Catalog
21	Osteocalcin	BGLAP	P02818	Paget's Disease	Diagnostic	>151 ng/mL	Children: 10-15 yrs	Female	Serum	Mayo Clinic Test Catalog
21	Osteocalcin	BGLAP	P02818	Paget's Disease	Diagnostic	>70 ng/mL	Children: 16-17 yrs	Female	Serum	Mayo Clinic Test Catalog
21	Osteocalcin	BGLAP	P02818	Paget's Disease	Diagnostic	>42 ng/mL	Adult: > 18 yrs	Both	Serum	Mayo Clinic Test Catalog
21	Osteocalcin	BGLAP	P02818	Osteoporosis	Diagnostic	>75 ng/mL	Infant & Children: <5 yrs	Male	Serum	Mayo Clinic Test Catalog
21	Osteocalcin	BGLAP	P02818	Osteoporosis	Diagnostic	>108 ng/mL	Children: 5-9 yrs	Male	Serum	Mayo Clinic Test Catalog
21	Osteocalcin	BGLAP	P02818	Osteoporosis	Diagnostic	>159 ng/mL	Children: 10-15 yrs	Male	Serum	Mayo Clinic Test Catalog
21	Osteocalcin	BGLAP	P02818	Osteoporosis	Diagnostic	>114 ng/mL	Children: 16-17 yrs	Male	Serum	Mayo Clinic Test Catalog
21	Osteocalcin	BGLAP	P02818	Osteoporosis	Diagnostic	>126 ng/mL	Infant & Children: <5 yrs	Female	Serum	Mayo Clinic Test Catalog
21	Osteocalcin	BGLAP	P02818	Osteoporosis	Diagnostic	>152 ng/mL	Children: 5-9 yrs	Female	Serum	Mayo Clinic Test Catalog
21	Osteocalcin	BGLAP	P02818	Osteoporosis	Diagnostic	>151 ng/mL	Children: 10-15 yrs	Female	Serum	Mayo Clinic Test Catalog
21	Osteocalcin	BGLAP	P02818	Osteoporosis	Diagnostic	>70 ng/mL	Children: 16-17 yrs	Female	Serum	Mayo Clinic Test Catalog
21	Osteocalcin	BGLAP	P02818	Osteoporosis	Diagnostic	>42 ng/mL	Adult: >=18 yrs	Both	Serum	Mayo Clinic Test Catalog
21	Osteocalcin	BGLAP	P02818	Osteopenia	Diagnostic	>75 ng/mL	Infant & Children: <5 yrs	Male	Serum	Mayo Clinic Test Catalog
21	Osteocalcin	BGLAP	P02818	Osteopenia	Diagnostic	>108 ng/mL	Children: 5-9 yrs	Male	Serum	Mayo Clinic Test Catalog
21	Osteocalcin	BGLAP	P02818	Osteopenia	Diagnostic	>159 ng/mL	Children: 10-15 yrs	Male	Serum	Mayo Clinic Test Catalog
21	Osteocalcin	BGLAP	P02818	Osteopenia	Diagnostic	>114 ng/mL	Children: 16-17 yrs	Male	Serum	Mayo Clinic Test Catalog
21	Osteocalcin	BGLAP	P02818	Osteopenia	Diagnostic	>126 ng/mL	Infant & Children: <5 yrs	Female	Serum	Mayo Clinic Test Catalog
21	Osteocalcin	BGLAP	P02818	Osteopenia	Diagnostic	>152 ng/mL	Children: 5-9 yrs	Female	Serum	Mayo Clinic Test Catalog
21	Osteocalcin	BGLAP	P02818	Osteopenia	Diagnostic	>151 ng/mL	Children: 10-15 yrs	Female	Serum	Mayo Clinic Test Catalog
21	Osteocalcin	BGLAP	P02818	Osteopenia	Diagnostic	>70 ng/mL	Children: 16-17 yrs	Female	Serum	Mayo Clinic Test Catalog
21	Osteocalcin	BGLAP	P02818	Osteopenia	Diagnostic	>42 ng/mL	Adult: >=18 yrs	Both	Serum	Mayo Clinic Test Catalog
22	Undercarboxylated Osteocalcin	BGLAP	P02818	L1 4 Spine Osteoporosis	Diagnostic	2.19 ng/mL	Adult: >=18 yrs old	Female	Serum	Atalay, S., Elci, A., Kayadibi, H., Onder, C. B. & Aka, N. Diagnostic utility of osteocalcin, undercarboxylated osteocalcin, and alkaline phosphatase for osteoporosis in premenopausal and postmenopausal women. Ann Lab Med 32, 23-30 (2012).
22	Undercarboxylated Osteocalcin	BGLAP	P02818	L2 4 Spine Osteoporosis	Diagnostic	2.19 ng/mL	Adult: >=18 yrs old	Female	Serum	Atalay, S., Elci, A., Kayadibi, H., Onder, C. B. & Aka, N. Diagnostic utility of osteocalcin, undercarboxylated osteocalcin, and alkaline phosphatase for osteoporosis in premenopausal and postmenopausal women. Ann Lab Med 32, 23-30 (2012).
22	Undercarboxylated Osteocalcin	BGLAP	P02818	Normal	Diagnostic	1.31 (0.86-1.75) ng/mL	Adult: >=18 yrs old	Female	Serum	Atalay, S., Elci, A., Kayadibi, H., Onder, C. B. & Aka, N. Diagnostic utility of osteocalcin, undercarboxylated osteocalcin, and alkaline phosphatase for osteoporosis in premenopausal and postmenopausal women. Ann Lab Med 32, 23-30 (2012).
22	Undercarboxylated Osteocalcin	BGLAP	P02818	Normal	Diagnostic	1.31 (0.86-1.75) ng/mL	Adult: >=18 yrs old	Female	Serum	Atalay, S., Elci, A., Kayadibi, H., Onder, C. B. & Aka, N. Diagnostic utility of osteocalcin, undercarboxylated osteocalcin, and alkaline phosphatase for osteoporosis in premenopausal and postmenopausal women. Ann Lab Med 32, 23-30 (2012).
26	N-terminal pro-B-type Natriuretic peptide		P16860	Congestive Heart Failure	Diagnostic	>450 pg/mL	Adult: >=18 yrs old	Both	Serum	Cleveland clinic: NT-proB-type Natriuretic Peptide (BNP)
26	N-terminal pro-B-type Natriuretic peptide		P16860	Congestive Heart Failure	Diagnostic	>900 pg/mL	Adult: >=18 yrs old	Both	Serum	Cleveland clinic: NT-proB-type Natriuretic Peptide (BNP)
26	N-terminal pro-B-type Natriuretic peptide		P16860	Normal	Diagnostic	<125 pg/mL	Adult: >=18 yrs old	Both	Blood	Cleveland clinic: NT-proB-type Natriuretic Peptide (BNP)
26	N-terminal pro-B-type Natriuretic peptide		P16860	Normal	Diagnostic	<450 pg/mL	Adult: >=18 yrs old	Both	Blood	Cleveland clinic: NT-proB-type Natriuretic Peptide (BNP)
26	N-terminal pro-B-type Natriuretic peptide		P16860	Congestive Heart Failure	Diagnostic	>450 (450-N/A) pg/mL	Adult: <50 yrs	Both	Serum	Mayo Clinic Test Catalog
26	N-terminal pro-B-type Natriuretic peptide		P16860	Congestive Heart Failure	Diagnostic	>1200 (1200-N/A) pg/mL	Adult: >=50 yrs	Both	Serum	Mayo Clinic Test Catalog
27	Gamma-glutamyltranspeptidase	GGT1	P19440	Liver Disease	Diagnostic	>61 U/L	Adult: >=18 yrs old	Male	Blood	Mayo clinic: Gammaglutamyl transferase (GGT) test
27	Gamma-glutamyltranspeptidase	GGT1	P19440	Normal	Diagnostic	26.5 U/L	Adult: >=18 yrs old	Male	Blood	Mayo clinic: Gammaglutamyl transferase (GGT) test
27	Gamma-glutamyltranspeptidase	GGT1	P19440	Liver Disease	Diagnostic	>36 U/L	Adult: >=18 yrs old	Female	Blood	Mayo clinic: Gammaglutamyl transferase (GGT) test
27	Gamma-glutamyltranspeptidase	GGT1	P19440	Normal	Diagnostic	17 U/L	Adult: >=18 yrs old	Female	Blood	Mayo clinic: Gammaglutamyl transferase (GGT) test
28	Antimitochondrial antibodies		P01860	Primary Biliary Cirrhosis	Diagnostic	>0.2 A	Adult: >=18 yrs old	Both	Serum	Dahnrich, C., Pares, A., Caballeria, L., Rosemann, A., Schlumberger, W., Probst, C., Mytilinaiou, M., Bogdanos, D., Vergani, D., Stocker, W. & Komorowski, L. New ELISA for detecting primary biliary cirrhosis-specific antimitochondrial antibodies. Clin Chem 55, 978-985 (2009).
28	Antimitochondrial antibodies		P01860	Primary Biliary Cirrhosis	Diagnostic	Positive	Adult: >=18 yrs old	Both	Blood	University of San Francisco: Antimitochondrial antibody
28	Antimitochondrial antibodies		P01860	Normal	Diagnostic	Negative	Adult: >=18 yrs old	Both	Blood	University of San Francisco: Antimitochondrial antibody
29	Antineutrophil cytoplasmic antibodies		P01860	Systemic Necrotising Vasculitis	Diagnostic	>1/10	All	Both	Serum	Harris, A., Chang, G., Vadas, M. & Gillis, D. ELISA is the superior method for detecting antineutrophil cytoplasmic antibodies in the diagnosis of systemic necrotising vasculitis. J Clin Pathol 52, 670-676 (1999).
36	Anti-Streptolysin antibodies		P01860	Streptococcus Infection	Diagnostic	>200 IU/mL	Adult: >=18 yrs old	Both	Blood	Healthline: Antistreptolysin O titler
36	Anti-Streptolysin antibodies		P01860	Normal	Diagnostic	<200 IU/mL	Adult: >=18 yrs old	Both	Blood	Healthline: Antistreptolysin O titler
36	Anti-Streptolysin antibodies		P01860	Normal	Diagnostic	0 (0-0) IU/mL	Infant: 0-<6 months old	Both	Serum	Adeli K, Higgins V, Trajcevski K, White-Al Habeeb N. The Canadian laboratory initiative on pediatric reference intervals: a CALIPER white paper. Crit Rev Cliin Lab Sci. 2017 Sep;54(6):358-413. doi: 10.1080/10408363.2017.1379945. Epub 2017 Oct 11. Erratum in: crit Rev Clin Lab Sci. 2020 Mar;57(2):145. doi: 10.1080/10408363.2019.1704475. PMID: 29017389.
36	Anti-Streptolysin antibodies		P01860	Normal	Diagnostic	15 (0-30) IU/mL	Infant: 6 months - 1 yr old	Both	Serum	Adeli K, Higgins V, Trajcevski K, White-Al Habeeb N. The Canadian laboratory initiative on pediatric reference intervals: a CALIPER white paper. Crit Rev Cliin Lab Sci. 2017 Sep;54(6):358-413. doi: 10.1080/10408363.2017.1379945. Epub 2017 Oct 11. Erratum in: crit Rev Clin Lab Sci. 2020 Mar;57(2):145. doi: 10.1080/10408363.2019.1704475. PMID: 29017389.
36	Anti-Streptolysin antibodies		P01860	Normal	Diagnostic	52 (0-104) IU/mL	Children: 1-<6 yrs old	Both	Serum	Adeli K, Higgins V, Trajcevski K, White-Al Habeeb N. The Canadian laboratory initiative on pediatric reference intervals: a CALIPER white paper. Crit Rev Cliin Lab Sci. 2017 Sep;54(6):358-413. doi: 10.1080/10408363.2017.1379945. Epub 2017 Oct 11. Erratum in: crit Rev Clin Lab Sci. 2020 Mar;57(2):145. doi: 10.1080/10408363.2019.1704475. PMID: 29017389.
36	Anti-Streptolysin antibodies		P01860	Normal	Diagnostic	165.5 (0-331) IU/mL	Children/Adolescent: 6-<19 yrs old	Both	Serum	Adeli K, Higgins V, Trajcevski K, White-Al Habeeb N. The Canadian laboratory initiative on pediatric reference intervals: a CALIPER white paper. Crit Rev Cliin Lab Sci. 2017 Sep;54(6):358-413. doi: 10.1080/10408363.2017.1379945. Epub 2017 Oct 11. Erratum in: crit Rev Clin Lab Sci. 2020 Mar;57(2):145. doi: 10.1080/10408363.2019.1704475. PMID: 29017389.
37	Anti-DNase B Antibodies	DNASE1L3		Streptococcus Infection	Diagnostic	>85 U/mL	Adult: >=18 yrs old	Both	Blood	Medline plus: ANti-DNase B blood test
37	Anti-DNase B Antibodies	DNASE1L3		Normal	Diagnostic	<85 U/mL	Adult: >=18 yrs old	Both	Blood	Medline plus: ANti-DNase B blood test
37	Anti-DNase B Antibodies	DNASE1L3		Streptococcus Infection	Diagnostic	≤250 U/mL	Children: 5-17 yrs old	Both	Serum	Mayo Clinic Test Catalog
37	Anti-DNase B Antibodies	DNASE1L3		Streptococcus Infection	Diagnostic	≤375 U/mL	Adult: ≥18 yrs old	Both	Serum	Mayo Clinic Test Catalog
37	Anti-DNase B Antibodies	DNASE1L3		Streptococcus Infection	Diagnostic	≤300 U/mL	All	Both	Serum	Mayo Clinic Test Catalog
38	Cancer Antigen 15-3	MUC1	P15941	Normal	Diagnostic	13.7 (3.4-24) kU/L	Infant: 0-<1 week old	Both	Serum	Adeli K, Higgins V, Trajcevski K, White-Al Habeeb N. The Canadian laboratory initiative on pediatric reference intervals: a CALIPER white paper. Crit Rev Cliin Lab Sci. 2017 Sep;54(6):358-413. doi: 10.1080/10408363.2017.1379945. Epub 2017 Oct 11. Erratum in: crit Rev Clin Lab Sci. 2020 Mar;57(2):145. doi: 10.1080/10408363.2019.1704475. PMID: 29017389.
38	Cancer Antigen 15-3	MUC1	P15941	Normal	Diagnostic	18.95 (4.9-33) kU/L	Infant: 1 week - <1 yr old	Both	Serum	Adeli K, Higgins V, Trajcevski K, White-Al Habeeb N. The Canadian laboratory initiative on pediatric reference intervals: a CALIPER white paper. Crit Rev Cliin Lab Sci. 2017 Sep;54(6):358-413. doi: 10.1080/10408363.2017.1379945. Epub 2017 Oct 11. Erratum in: crit Rev Clin Lab Sci. 2020 Mar;57(2):145. doi: 10.1080/10408363.2019.1704475. PMID: 29017389.
38	Cancer Antigen 15-3	MUC1	P15941	Normal	Diagnostic	12.45 (3.9-21) kU/L	Children: 1-<19 yrs old	Both	Serum	Adeli K, Higgins V, Trajcevski K, White-Al Habeeb N. The Canadian laboratory initiative on pediatric reference intervals: a CALIPER white paper. Crit Rev Cliin Lab Sci. 2017 Sep;54(6):358-413. doi: 10.1080/10408363.2017.1379945. Epub 2017 Oct 11. Erratum in: crit Rev Clin Lab Sci. 2020 Mar;57(2):145. doi: 10.1080/10408363.2019.1704475. PMID: 29017389.
38	Cancer Antigen 15-3	MUC1	P15941	Normal	Diagnostic	<30 U/mL	All	Female	Serum	Mayo Clinic Test Catalog
38	Cancer Antigen 15-3	MUC1	P15941	Breast Cancer	Diagnostic	>30 U/mL	All	Female	Serum	Mayo Clinic Test Catalog
39	Anti-cyclic Citrullinated Peptide		P01860	Rheumatoid Arthritis	Diagnostic	>20 U/mL	Adult: >=18 yrs old	Both	Blood	Hospital for Special Surgery: Understanding Rheumatoid Arthritis Lab Tests and Results
39	Anti-cyclic Citrullinated Peptide		P01860	Normal	Diagnostic	>20 U/mL	Adult: >=18 yrs old	Both	Blood	Hospital for Special Surgery: Understanding Rheumatoid Arthritis Lab Tests and Results
40	C-terminal telopeptide			Osteoporosis	Diagnostic	>0.25 ng/mL	Adult: >=18 yrs old	Female	Serum	Botella, S., Restituto, P., Monreal, I., Colina, I., Calleja, A. & Varo, N. Traditional and novel bone remodeling markers in premenopausal and postmenopausal women. J Clin Endocrinol Metab 98, E1740-E1748 (2013).
40	C-terminal telopeptide			Osteoporosis	Diagnostic	>=346 ug/mol	Adult: >=18 yrs old	Female	Urine	de la Piedra, C., Traba, M. L., Dominguez Cabrera, C. & Sosa Henriquez, M. New biochemical markers of bone resorption in the study of postmenopausal osteoporosis. Clin Chim Acta 265, 225-234 (1997).
40	C-terminal telopeptide			Normal	Diagnostic	119 (53-185) ug/mol creatine	Adult: >=18 yrs old	Female	Urine	de la Piedra, C., Traba, M. L., Dominguez Cabrera, C. & Sosa Henriquez, M. New biochemical markers of bone resorption in the study of postmenopausal osteoporosis. Clin Chim Acta 265, 225-234 (1997).
40	C-terminal telopeptide			Normal	Diagnostic	0.4 (0.41-0.39) ng/mL	Adult: >=18 yrs old	Female	Serum	Botella, S., Restituto, P., Monreal, I., Colina, I., Calleja, A. & Varo, N. Traditional and novel bone remodeling markers in premenopausal and postmenopausal women. J Clin Endocrinol Metab 98, E1740-E1748 (2013).
41	N-terminal propeptide of type 1 procollagen		P02452	Osteoporosis	Diagnostic	>48.18 ng/mL	Adult: >=18 yrs old	Female	Serum	Botella, S., Restituto, P., Monreal, I., Colina, I., Calleja, A. & Varo, N. Traditional and novel bone remodeling markers in premenopausal and postmenopausal women. J Clin Endocrinol Metab 98, E1740-E1748 (2013).
41	N-terminal propeptide of type 1 procollagen		P02452	Normal	Diagnostic	52.6 (50.7-54.5) ng/mL	Adult: >=18 yrs old	Female	Serum	Botella, S., Restituto, P., Monreal, I., Colina, I., Calleja, A. & Varo, N. Traditional and novel bone remodeling markers in premenopausal and postmenopausal women. J Clin Endocrinol Metab 98, E1740-E1748 (2013).
43	N-terminal telopeptide	COL9A1		Osteoporosis	Diagnostic	>83 nmol BCE/mmol creatine	Adult: >=18 yrs old	Male	urine	Mayo clinic: NTX-telopeptide Urine
43	N-terminal telopeptide	COL9A1		Normal	Diagnostic	52 (21-83) nmol BCE/mmol creatine	Adult: >=18 yrs old	Male	urine	Mayo clinic: NTX-telopeptide Urine
43	N-terminal telopeptide	COL9A1		Osteoporosis	Diagnostic	>94 nmol BCE/mmol creatine	Adult: >=18 yrs old	Female	urine	Mayo clinic: NTX-telopeptide Urine
43	N-terminal telopeptide	COL9A1		Normal	Diagnostic	55.5 (17-94) nmol BCE/mmol creatine	Adult: >=18 yrs old	Female	urine	Mayo clinic: NTX-telopeptide Urine
43	N-terminal telopeptide	COL9A1		Osteoporosis	Diagnostic	>124 nmol BCE/mmol creatine	Adult: >=18 yrs old	Female	urine	Mayo clinic: NTX-telopeptide Urine
43	N-terminal telopeptide	COL9A1		Normal	Diagnostic	75 (26-124) nmol BCE/mmol creatine	Adult: >=18 yrs old	Female	urine	Mayo clinic: NTX-telopeptide Urine
43	N-terminal telopeptide	COL9A1		Osteomalacia	Diagnostic	>124.5 nmol BCE/mmol creatine	Adult: >=18 yrs old	Male	urine	Mayo clinic: NTX-telopeptide Urine
43	N-terminal telopeptide	COL9A1		Normal	Diagnostic	52 (21-83) nmol BCE/mmol creatine	Adult: >=18 yrs old	Male	urine	Mayo clinic: NTX-telopeptide Urine
43	N-terminal telopeptide	COL9A1		Osteomalacia	Diagnostic	>141 nmol BCE/mmol creatine	Adult: >=18 yrs old	Female	urine	Mayo clinic: NTX-telopeptide Urine
43	N-terminal telopeptide	COL9A1		Normal	Diagnostic	55.5 (17-94) nmol BCE/mmol creatine	Adult: >=18 yrs old	Female	urine	Mayo clinic: NTX-telopeptide Urine
43	N-terminal telopeptide	COL9A1		Osteomalacia	Diagnostic	>186 nmol BCE/mmol creatine	Adult: >=18 yrs old	Female	urine	Mayo clinic: NTX-telopeptide Urine
43	N-terminal telopeptide	COL9A1		Normal	Diagnostic	75 (26-124) nmol BCE/mmol creatine	Adult: >=18 yrs old	Female	urine	Mayo clinic: NTX-telopeptide Urine
44	Anticardiolipin antibody		P01860	Thrombosis	Risk	>12 RU/mL	Adult: >=18 yrs old	Both	Serum	Deng, X. & Liu, X. Reevaluation of predictive value of ACL and anti-beta2GP1 antibody for thrombosis in patients with systemic lupus erythematosus: from a perspective of a practical world. Rheumatol Int 32, 3881-3886 (2012).
44	Anticardiolipin antibody		P01860	Normal	Diagnostic	<12 RU/mL	Adult: >=18 yrs old	Both	Serum	Deng, X. & Liu, X. Reevaluation of predictive value of ACL and anti-beta2GP1 antibody for thrombosis in patients with systemic lupus erythematosus: from a perspective of a practical world. Rheumatol Int 32, 3881-3886 (2012).
45	Anti-beta2 glycoprotein1		P01860	Thrombosis	Risk	>20 RU/mL	Adult: >=18 yrs old	Both	Serum	Deng, X. & Liu, X. Reevaluation of predictive value of ACL and anti-beta2GP1 antibody for thrombosis in patients with systemic lupus erythematosus: from a perspective of a practical world. Rheumatol Int 32, 3881-3886 (2012).
45	Anti-beta2 glycoprotein1		P01860	Normal	Diagnostic	<20 RU/mL	Adult: >=18 yrs old	Both	Serum	Deng, X. & Liu, X. Reevaluation of predictive value of ACL and anti-beta2GP1 antibody for thrombosis in patients with systemic lupus erythematosus: from a perspective of a practical world. Rheumatol Int 32, 3881-3886 (2012).
46	Muellerian-inhibiting factor	AMH	P03971	Polycystic Ovary Syndrome	Diagnostic	>3.8 ng/mL	Adult: >=18 yrs old	Female	Serum	Sahmay, S., Aydin, Y., Oncul, M. & Senturk, L. M. Diagnosis of Polycystic Ovary Syndrome: AMH in combination with clinical symptoms. J Assist Reprod Genet 31, 213-220 (2014).
46	Muellerian-inhibiting factor	AMH	P03971	Normal	Diagnostic	2.6 (0.3-4.9) ng/mL	Adult: >=18 yrs old	Female	Serum	Sahmay, S., Aydin, Y., Oncul, M. & Senturk, L. M. Diagnosis of Polycystic Ovary Syndrome: AMH in combination with clinical symptoms. J Assist Reprod Genet 31, 213-220 (2014).
46	Muellerian-inhibiting factor	AMH	P03971	Controlled Ovarian Stimulation	Diagnostic	<1.08 ng/mL	Adult: >=18 yrs old	Female	serum	Pubmed_ID: 31181872
46	Muellerian-inhibiting factor	AMH	P03971	Normal	Diagnostic	2.6 (0.3-4.9) ng/mL	Adult: >=18 yrs old	Female	serum	Sahmay, S., Aydin, Y., Oncul, M. & Senturk, L. M. Diagnosis of Polycystic Ovary Syndrome: AMH in combination with clinical symptoms. J Assist Reprod Genet 31, 213-220 (2014).
47	Proinsulin C-peptide		P01308	Diabetes Mellitus Type 1	Diagnostic	<0.5 ng/mL	Adult: >=18 yrs old	Both	Blood	Healthlink BC: C-peptide
47	Proinsulin C-peptide		P01308	Normal	Diagnostic	1.25 (0.5-2) ng/mL	Adult: >=18 yrs old	Both	Blood	University of Rochester Medical Center: C-Peptide (Blood)
47	Proinsulin C-peptide		P01308	Insulinoma	Diagnostic	>22 (22-N/A) pmol/L	All	Both	Plasma	Mayo Clinic Test Catalog
47	Proinsulin C-peptide		P01308	Diabetes Mellitus Type 2	Prognostic	>3.75 ng/mL	Adult: >=18 yrs old	Both	Serum	Ramos-Levi, A. M., Matia, P., Cabrerizo, L., Barabash, A., Torrejon, M. J., Sanchez-Pernaute, A., Torres, A. J. & Rubio, M. A. C-peptide levels predict type 2 diabetes remission after bariatric surgery. Nutr Hosp 28, 1599-1603 (2013).
48	Perineuclear Antineutrophil Cytoplasmic Antibodies		P01860	Ulcerative Colitis	Diagnostic	Positive	Adult: >=18 yrs old	Both	Serum	Reese, G. E., Constantinides, V. A., Simillis, C., Darzi, A. W., Orchard, T. R., Fazio, V. W. & Tekkis, P. P. Diagnostic precision of anti-Saccharomyces cerevisiae antibodies and perinuclear antineutrophil cytoplasmic antibodies in inflammatory bowel disease. Am J Gastroenterol 101, 2410-2422 (2006).
48	Perineuclear Antineutrophil Cytoplasmic Antibodies		P01860	Normal	Diagnostic	Negative	Adult: >=18 yrs old	Both	Serum	Reese, G. E., Constantinides, V. A., Simillis, C., Darzi, A. W., Orchard, T. R., Fazio, V. W. & Tekkis, P. P. Diagnostic precision of anti-Saccharomyces cerevisiae antibodies and perinuclear antineutrophil cytoplasmic antibodies in inflammatory bowel disease. Am J Gastroenterol 101, 2410-2422 (2006).
49	Carbohydrate Antigen 19-9			Normal	Diagnostic	<35 U/mL	All	Both	Serum	Mayo Clinic Test Catalog
49	Carbohydrate Antigen 19-9			Pancreatic Cancer	Diagnostic	>35 U/mL	All	Both	Serum	Mayo Clinic Test Catalog
50	Anti-Dengue virus antibody		P01860	Dengue Fever	Diagnostic	3	Adult: >=18 yrs old	Both	Serum	Marrero-Santos, K. M., Beltran, M., Carrion-Lebron, J., Sanchez-Vegas, C., Hamer, D. H., Barnett, E. D., Santiago, L. M. & Hunsperger, E. A. Optimization of the cutoff value for a commercial anti-dengue virus IgG immunoassay. Clin Vaccine Immunol 20, 358-362 (2013).
50	Anti-Dengue virus antibody		P01860	Normal	Diagnostic	<3	Adult: >=18 yrs old	Both	Serum	Marrero-Santos, K. M., Beltran, M., Carrion-Lebron, J., Sanchez-Vegas, C., Hamer, D. H., Barnett, E. D., Santiago, L. M. & Hunsperger, E. A. Optimization of the cutoff value for a commercial anti-dengue virus IgG immunoassay. Clin Vaccine Immunol 20, 358-362 (2013).
51	Vascular Endothelial Growth Factor	VEGFC	P49767	Breast Cancer	Diagnostic	>191.75 pg/mL	Adult: >=18 yrs old	Female	Serum	Lawicki, S., Bedkowska, G. E. & Szmitkowski, M. VEGF, M-CSF and CA 15-3 as a new tumor marker panel in breast malignancies: a multivariate analysis with ROC curve. Growth Factors 31, 98-105 (2013).
51	Vascular Endothelial Growth Factor	VEGFC	P49767	Acute Kidney Injury	Diagnostic	>0.64 ng/mg	Adult: >=18 yrs old	Both	Urine	Vaidya, V. S., Waikar, S. S., Ferguson, M. A., Collings, F. B., Sunderland, K., Gioules, C., Bradwin, G., Matsouaka, R., Betensky, R. A., Curhan, G. C. & Bonventre, J. V. Urinary biomarkers for sensitive and specific detection of acute kidney injury in humans. Clin Transl Sci 1, 200-208 (2008).
51	Vascular Endothelial Growth Factor	VEGFC	P49767	Normal	Diagnostic	<=96.2 pg/mL	Adult: >=18 yrs old	Female	Serum	Mayo clinic: VEGF
51	Vascular Endothelial Growth Factor	VEGFC	P49767	Normal	Diagnostic	<0.64 ng/mg creatine	Adult: >=18 yrs old	Female	Serum	Vaidya, V. S., Waikar, S. S., Ferguson, M. A., Collings, F. B., Sunderland, K., Gioules, C., Bradwin, G., Matsouaka, R., Betensky, R. A., Curhan, G. C. & Bonventre, J. V. Urinary biomarkers for sensitive and specific detection of acute kidney injury in humans. Clin Transl Sci 1, 200-208 (2008).
51	Vascular Endothelial Growth Factor	VEGFC	P49767	POEMS	Diagnostic	96.2 pg/mL	All	Both	plasma	Mayo Clinic Test Catalog
52	Macrophage colony-stimulating factor 1	CSF1	P09603	Breast Cancer	Diagnostic	>474.245 pg/mL	Adult: >=18 yrs old	Female	Serum	Lawicki, S., Bedkowska, G. E. & Szmitkowski, M. VEGF, M-CSF and CA 15-3 as a new tumor marker panel in breast malignancies: a multivariate analysis with ROC curve. Growth Factors 31, 98-105 (2013).
52	Macrophage colony-stimulating factor 1	CSF1	P09603	Normal	Diagnostic	298.55 (162.15-696) pg/mL	Adult: >=18 yrs old	Female	Serum	Lawicki, S., Bedkowska, G. E. & Szmitkowski, M. VEGF, M-CSF and CA 15-3 as a new tumor marker panel in breast malignancies: a multivariate analysis with ROC curve. Growth Factors 31, 98-105 (2013).
53	Amylase		P04745	Acute Pancreatitis	Diagnostic	>208 U/L	Adult: >=18 yrs old	Both	Serum	Treacy, J., Williams, A., Bais, R., Willson, K., Worthley, C., Reece, J., Bessell, J. & Thomas, D. Evaluation of amylase and lipase in the diagnosis of acute pancreatitis. ANZ J Surg 71, 577-582 (2001).
53	Amylase		P04745	Normal	Diagnostic	70 (30-110) U/L	Adult: >=18 yrs old	Both	Blood	University of Rochester Medical Center: Amylase (Blood)
53	Amylase		P04745	Normal	Diagnostic	6.5 (3-10) U/L	Infant: 0-<15 days old	Both	Serum	Adeli K, Higgins V, Trajcevski K, White-Al Habeeb N. The Canadian laboratory initiative on pediatric reference intervals: a CALIPER white paper. Crit Rev Cliin Lab Sci. 2017 Sep;54(6):358-413. doi: 10.1080/10408363.2017.1379945. Epub 2017 Oct 11. Erratum in: crit Rev Clin Lab Sci. 2020 Mar;57(2):145. doi: 10.1080/10408363.2019.1704475. PMID: 29017389.
53	Amylase		P04745	Normal	Diagnostic	12 (2-22) U/L	Infant: 15 days - <13 weeks old	Both	Serum	Adeli K, Higgins V, Trajcevski K, White-Al Habeeb N. The Canadian laboratory initiative on pediatric reference intervals: a CALIPER white paper. Crit Rev Cliin Lab Sci. 2017 Sep;54(6):358-413. doi: 10.1080/10408363.2017.1379945. Epub 2017 Oct 11. Erratum in: crit Rev Clin Lab Sci. 2020 Mar;57(2):145. doi: 10.1080/10408363.2019.1704475. PMID: 29017389.
53	Amylase		P04745	Normal	Diagnostic	26.5 (3-50) U/L	Infant: 13 weeks - <1 yr old	Both	Serum	Adeli K, Higgins V, Trajcevski K, White-Al Habeeb N. The Canadian laboratory initiative on pediatric reference intervals: a CALIPER white paper. Crit Rev Cliin Lab Sci. 2017 Sep;54(6):358-413. doi: 10.1080/10408363.2017.1379945. Epub 2017 Oct 11. Erratum in: crit Rev Clin Lab Sci. 2020 Mar;57(2):145. doi: 10.1080/10408363.2019.1704475. PMID: 29017389.
53	Amylase		P04745	Normal	Diagnostic	63 (25-101) U/L	Children/Adolescent: 1-<19 yrs old	Both	Serum	Adeli K, Higgins V, Trajcevski K, White-Al Habeeb N. The Canadian laboratory initiative on pediatric reference intervals: a CALIPER white paper. Crit Rev Cliin Lab Sci. 2017 Sep;54(6):358-413. doi: 10.1080/10408363.2017.1379945. Epub 2017 Oct 11. Erratum in: crit Rev Clin Lab Sci. 2020 Mar;57(2):145. doi: 10.1080/10408363.2019.1704475. PMID: 29017389.
53	Amylase		P04745	Normal	Diagnostic	3 (0-6) U/L	Infant: 31-182 days	Both	Serum	Mayo Clinic Test Catalog
53	Amylase		P04745	Normal	Diagnostic	9 (1-17) U/L	Infant: 183-365 days	Both	Serum	Mayo Clinic Test Catalog
53	Amylase		P04745	Normal	Diagnostic	25 (6-44) U/L	Children: 1-3 yrs old	Both	Serum	Mayo Clinic Test Catalog
53	Amylase		P04745	Normal	Diagnostic	43.5 (8-79) U/L	Children: 4-17 yrs old	Both	Serum	Mayo Clinic Test Catalog
53	Amylase		P04745	Normal	Diagnostic	65.5 (21-110) U/L	All	Both	Serum	Mayo Clinic Test Catalog
54	Lipoprotein lipase	LPL	P06858	Acute Pancreatitis	Diagnostic	>176 U/L	Adult: >=18 yrs old	Both	Serum	Treacy, J., Williams, A., Bais, R., Willson, K., Worthley, C., Reece, J., Bessell, J. & Thomas, D. Evaluation of amylase and lipase in the diagnosis of acute pancreatitis. ANZ J Surg 71, 577-582 (2001).
54	Lipoprotein lipase	LPL	P06858	Normal	Diagnostic	<176 U/L	Adult: >=18 yrs old	Both	Serum	Treacy, J., Williams, A., Bais, R., Willson, K., Worthley, C., Reece, J., Bessell, J. & Thomas, D. Evaluation of amylase and lipase in the diagnosis of acute pancreatitis. ANZ J Surg 71, 577-582 (2001).
54	Lipoprotein lipase	LPL	P06858	Normal	Diagnostic	26.5 (4-49) U/L	Infant/Adolescent: 0-<19 yrs old	Both	Serum	Adeli K, Higgins V, Trajcevski K, White-Al Habeeb N. The Canadian laboratory initiative on pediatric reference intervals: a CALIPER white paper. Crit Rev Cliin Lab Sci. 2017 Sep;54(6):358-413. doi: 10.1080/10408363.2017.1379945. Epub 2017 Oct 11. Erratum in: crit Rev Clin Lab Sci. 2020 Mar;57(2):145. doi: 10.1080/10408363.2019.1704475. PMID: 29017389.
55	Antineutrophil cytoplasmic antibodies against proteinase 3		P01860	Ulcerative Colitis	Diagnostic	>20 CU	Adult: >=18 yrs old	Both	Serum	Mahler, M., Bogdanos, D. P., Pavlidis, P., Fritzler, M. J., Csernok, E., Damoiseaux, J., Bentow, C., Shums, Z., Forbes, A. & Norman, G. L. PR3-ANCA: a promising biomarker for ulcerative colitis with extensive disease. Clin Chim Acta 424, 267-273 (2013).
55	Antineutrophil cytoplasmic antibodies against proteinase 3		P01860	Normal	Diagnostic	<20 CU	Adult: >=18 yrs old	Both	Serum	Mahler, M., Bogdanos, D. P., Pavlidis, P., Fritzler, M. J., Csernok, E., Damoiseaux, J., Bentow, C., Shums, Z., Forbes, A. & Norman, G. L. PR3-ANCA: a promising biomarker for ulcerative colitis with extensive disease. Clin Chim Acta 424, 267-273 (2013).
57	Calprotectin	S100A8	P05109	Inflammatory Bowel Disease	Diagnostic	>50 ug/g	Adult: >=18 yrs old	Both	Feces	Kennedy, N. A., Clark, A., Walkden, A., Chang, J. C., Fasci-Spurio, F., Muscat, M., Gordon, B. W., Kingstone, K., Satsangi, J., Arnott, I. D. & Lees, C. W. Clinical utility and diagnostic accuracy of faecal calprotectin for IBD at first presentation to gastroenterology services in adults aged 16-50 years. J Crohns Colitis 9, 41-49 (2015).
57	Calprotectin	S100A8	P05109	Normal	Diagnostic	<50 ug/g	Adult: >=18 yrs old	Both	Feces	Kennedy, N. A., Clark, A., Walkden, A., Chang, J. C., Fasci-Spurio, F., Muscat, M., Gordon, B. W., Kingstone, K., Satsangi, J., Arnott, I. D. & Lees, C. W. Clinical utility and diagnostic accuracy of faecal calprotectin for IBD at first presentation to gastroenterology services in adults aged 16-50 years. J Crohns Colitis 9, 41-49 (2015).
57	Calprotectin	S100A8	P05109	Normal	Diagnostic	<50 mcg/g	All	Both	Feces	Mayo Clinic Test Catalog
57	Calprotectin	S100A8	P05109	Non-specific Inflammation	Diagnostic	>120 mcg/g	All	Both	Feces	Mayo Clinic Test Catalog
58	Human Epididymis protein 4		Q14508	Type 1 Epithilial Ovarian Cancer	Diagnostic	>93 pM	Adult: >=18 yrs old	Female	Serum	Kristjansdottir, B., Levan, K., Partheen, K. & Sundfeldt, K. Diagnostic performance of the biomarkers HE4 and CA125 in type I and type II epithelial ovarian cancer. Gynecol Oncol 131, 52-58 (2013).
58	Human Epididymis protein 4		Q14508	Type 2 Epithilial Ovarian Cancer	Diagnostic	>354 pM	Adult: >=18 yrs old	Female	Serum	Kristjansdottir, B., Levan, K., Partheen, K. & Sundfeldt, K. Diagnostic performance of the biomarkers HE4 and CA125 in type I and type II epithelial ovarian cancer. Gynecol Oncol 131, 52-58 (2013).
58	Human Epididymis protein 4		Q14508	Normal	Diagnostic	<93 pM	Adult: >=18 yrs old	Female	Serum	Kristjansdottir, B., Levan, K., Partheen, K. & Sundfeldt, K. Diagnostic performance of the biomarkers HE4 and CA125 in type I and type II epithelial ovarian cancer. Gynecol Oncol 131, 52-58 (2013).
58	Human Epididymis protein 4		Q14508	Normal	Diagnostic	<354 pM	Adult: >=18 yrs old	Female	Serum	Kristjansdottir, B., Levan, K., Partheen, K. & Sundfeldt, K. Diagnostic performance of the biomarkers HE4 and CA125 in type I and type II epithelial ovarian cancer. Gynecol Oncol 131, 52-58 (2013).
58	Human Epididymis protein 4		Q14508	Normal	Diagnostic	388.5 (159-618) pmol/L	Infant: 0-<1 week old	Both	Serum	Adeli K, Higgins V, Trajcevski K, White-Al Habeeb N. The Canadian laboratory initiative on pediatric reference intervals: a CALIPER white paper. Crit Rev Cliin Lab Sci. 2017 Sep;54(6):358-413. doi: 10.1080/10408363.2017.1379945. Epub 2017 Oct 11. Erratum in: crit Rev Clin Lab Sci. 2020 Mar;57(2):145. doi: 10.1080/10408363.2019.1704475. PMID: 29017389.
58	Human Epididymis protein 4		Q14508	Normal	Diagnostic	117 (56-178) pmol/L	Infant: 1 week - <6 months old	Both	Serum	Adeli K, Higgins V, Trajcevski K, White-Al Habeeb N. The Canadian laboratory initiative on pediatric reference intervals: a CALIPER white paper. Crit Rev Cliin Lab Sci. 2017 Sep;54(6):358-413. doi: 10.1080/10408363.2017.1379945. Epub 2017 Oct 11. Erratum in: crit Rev Clin Lab Sci. 2020 Mar;57(2):145. doi: 10.1080/10408363.2019.1704475. PMID: 29017389.
58	Human Epididymis protein 4		Q14508	Normal	Diagnostic	65 (31-99) pmol/L	Infant/Children: 6 months - <2 yrs old	Both	Serum	Adeli K, Higgins V, Trajcevski K, White-Al Habeeb N. The Canadian laboratory initiative on pediatric reference intervals: a CALIPER white paper. Crit Rev Cliin Lab Sci. 2017 Sep;54(6):358-413. doi: 10.1080/10408363.2017.1379945. Epub 2017 Oct 11. Erratum in: crit Rev Clin Lab Sci. 2020 Mar;57(2):145. doi: 10.1080/10408363.2019.1704475. PMID: 29017389.
58	Human Epididymis protein 4		Q14508	Normal	Diagnostic	48.5 (27-70) pmol/L	Children: 2-<10 yrs old	Both	Serum	Adeli K, Higgins V, Trajcevski K, White-Al Habeeb N. The Canadian laboratory initiative on pediatric reference intervals: a CALIPER white paper. Crit Rev Cliin Lab Sci. 2017 Sep;54(6):358-413. doi: 10.1080/10408363.2017.1379945. Epub 2017 Oct 11. Erratum in: crit Rev Clin Lab Sci. 2020 Mar;57(2):145. doi: 10.1080/10408363.2019.1704475. PMID: 29017389.
58	Human Epididymis protein 4		Q14508	Normal	Diagnostic	42.5 (23-62) pmol/L	Children/Adolescent: 10-<19 yrs old	Both	Serum	Adeli K, Higgins V, Trajcevski K, White-Al Habeeb N. The Canadian laboratory initiative on pediatric reference intervals: a CALIPER white paper. Crit Rev Cliin Lab Sci. 2017 Sep;54(6):358-413. doi: 10.1080/10408363.2017.1379945. Epub 2017 Oct 11. Erratum in: crit Rev Clin Lab Sci. 2020 Mar;57(2):145. doi: 10.1080/10408363.2019.1704475. PMID: 29017389.
58	Human Epididymis protein 4		Q14508	Normal	Diagnostic	140 pmol/L	Female	Both	Serum	Mayo Clinic Test Catalog
59	Carbohydrate Antigen 125		Q8WXI7	Type 1 Epithilial Ovarian Cancer	Diagnostic	>53 U/mL	Adult: >=18 yrs old	Female	Serum	Kristjansdottir, B., Levan, K., Partheen, K. & Sundfeldt, K. Diagnostic performance of the biomarkers HE4 and CA125 in type I and type II epithelial ovarian cancer. Gynecol Oncol 131, 52-58 (2013).
59	Carbohydrate Antigen 125		Q8WXI7	Type 2 Epithilial Ovarian Cancer	Diagnostic	>395 U/mL	Adult: >=18 yrs old	Female	Serum	Kristjansdottir, B., Levan, K., Partheen, K. & Sundfeldt, K. Diagnostic performance of the biomarkers HE4 and CA125 in type I and type II epithelial ovarian cancer. Gynecol Oncol 131, 52-58 (2013).
59	Carbohydrate Antigen 125		Q8WXI7	Breast Cancer	Diagnostic	> 11 U/mL U/mL	Adult: >=18 yrs old	Female	Blood	Chernecky, Cynthia C, and Barbara J Berger. Laboratory Tests and Diagnostic Procedures. 6th ed. St. Louis, Mo.: Elsevier/Saunders, 2013.
59	Carbohydrate Antigen 125		Q8WXI7	Normal	Diagnostic	< 11 U/mL U/mL	Adult: >=18 yrs old	Female	Blood	Chernecky, Cynthia C, and Barbara J Berger. Laboratory Tests and Diagnostic Procedures. 6th ed. St. Louis, Mo.: Elsevier/Saunders, 2013.
59	Carbohydrate Antigen 125		Q8WXI7	Normal	Diagnostic	12.2 (2.4-22) kU/L	Infant: 0-<4 months old	Female	Serum	Adeli K, Higgins V, Trajcevski K, White-Al Habeeb N. The Canadian laboratory initiative on pediatric reference intervals: a CALIPER white paper. Crit Rev Cliin Lab Sci. 2017 Sep;54(6):358-413. doi: 10.1080/10408363.2017.1379945. Epub 2017 Oct 11. Erratum in: crit Rev Clin Lab Sci. 2020 Mar;57(2):145. doi: 10.1080/10408363.2019.1704475. PMID: 29017389.
59	Carbohydrate Antigen 125		Q8WXI7	Normal	Diagnostic	20.35 (7.7-33) kU/L	Infant/Children: 4 months - <5 yrs old	Female	Serum	Adeli K, Higgins V, Trajcevski K, White-Al Habeeb N. The Canadian laboratory initiative on pediatric reference intervals: a CALIPER white paper. Crit Rev Cliin Lab Sci. 2017 Sep;54(6):358-413. doi: 10.1080/10408363.2017.1379945. Epub 2017 Oct 11. Erratum in: crit Rev Clin Lab Sci. 2020 Mar;57(2):145. doi: 10.1080/10408363.2019.1704475. PMID: 29017389.
59	Carbohydrate Antigen 125		Q8WXI7	Normal	Diagnostic	17.35 (4.7-30) kU/L	Children: 5-<11 yrs old	Female	Serum	Adeli K, Higgins V, Trajcevski K, White-Al Habeeb N. The Canadian laboratory initiative on pediatric reference intervals: a CALIPER white paper. Crit Rev Cliin Lab Sci. 2017 Sep;54(6):358-413. doi: 10.1080/10408363.2017.1379945. Epub 2017 Oct 11. Erratum in: crit Rev Clin Lab Sci. 2020 Mar;57(2):145. doi: 10.1080/10408363.2019.1704475. PMID: 29017389.
59	Carbohydrate Antigen 125		Q8WXI7	Normal	Diagnostic	22.45 (5.9-39) kU/L	Children/Adolescent: 11-<19 yrs old	Female	Serum	Adeli K, Higgins V, Trajcevski K, White-Al Habeeb N. The Canadian laboratory initiative on pediatric reference intervals: a CALIPER white paper. Crit Rev Cliin Lab Sci. 2017 Sep;54(6):358-413. doi: 10.1080/10408363.2017.1379945. Epub 2017 Oct 11. Erratum in: crit Rev Clin Lab Sci. 2020 Mar;57(2):145. doi: 10.1080/10408363.2019.1704475. PMID: 29017389.
59	Carbohydrate Antigen 125		Q8WXI7	Normal	Diagnostic	12.2 (2.4-22) kU/L	Infant: 0-<4 months old	Male	Serum	Adeli K, Higgins V, Trajcevski K, White-Al Habeeb N. The Canadian laboratory initiative on pediatric reference intervals: a CALIPER white paper. Crit Rev Cliin Lab Sci. 2017 Sep;54(6):358-413. doi: 10.1080/10408363.2017.1379945. Epub 2017 Oct 11. Erratum in: crit Rev Clin Lab Sci. 2020 Mar;57(2):145. doi: 10.1080/10408363.2019.1704475. PMID: 29017389.
59	Carbohydrate Antigen 125		Q8WXI7	Normal	Diagnostic	20.35 (7.7-33) kU/L	Infant/Children: 4 months - <5 yrs old	Male	Serum	Adeli K, Higgins V, Trajcevski K, White-Al Habeeb N. The Canadian laboratory initiative on pediatric reference intervals: a CALIPER white paper. Crit Rev Cliin Lab Sci. 2017 Sep;54(6):358-413. doi: 10.1080/10408363.2017.1379945. Epub 2017 Oct 11. Erratum in: crit Rev Clin Lab Sci. 2020 Mar;57(2):145. doi: 10.1080/10408363.2019.1704475. PMID: 29017389.
59	Carbohydrate Antigen 125		Q8WXI7	Normal	Diagnostic	17.35 (4.7-30) kU/L	Children: 5-<11 yrs old	Male	Serum	Adeli K, Higgins V, Trajcevski K, White-Al Habeeb N. The Canadian laboratory initiative on pediatric reference intervals: a CALIPER white paper. Crit Rev Cliin Lab Sci. 2017 Sep;54(6):358-413. doi: 10.1080/10408363.2017.1379945. Epub 2017 Oct 11. Erratum in: crit Rev Clin Lab Sci. 2020 Mar;57(2):145. doi: 10.1080/10408363.2019.1704475. PMID: 29017389.
59	Carbohydrate Antigen 125		Q8WXI7	Normal	Diagnostic	16.7 (5.4-28) kU/L	Children/Adolescent: 11-<19 yrs old	Male	Serum	Adeli K, Higgins V, Trajcevski K, White-Al Habeeb N. The Canadian laboratory initiative on pediatric reference intervals: a CALIPER white paper. Crit Rev Cliin Lab Sci. 2017 Sep;54(6):358-413. doi: 10.1080/10408363.2017.1379945. Epub 2017 Oct 11. Erratum in: crit Rev Clin Lab Sci. 2020 Mar;57(2):145. doi: 10.1080/10408363.2019.1704475. PMID: 29017389.
60	Chromogranin-A	CHGA	P10645	Bone Metastases	Diagnostic	>19 U/L	Adult: >=18 yrs old	Both	Serum	Modlin, I. M., Aslanian, H., Bodei, L., Drozdov, I. & Kidd, M. A PCR blood test outperforms chromogranin A in carcinoid detection and is unaffected by proton pump inhibitors. Endocr Connect 3, 215-223 (2014).
60	Chromogranin-A	CHGA	P10645	Enterochromaffin Like Cell Hyperplasia	Diagnostic	>89.1 ng/mL	Adult: >=18 yrs old	Both	serum	Nicolaou, A., Thomas, D., Alexandraki, K. I., Sougioultzis, S., Tsolakis, A. V. & Kaltsas, G. Predictive value of gastrin levels for the diagnosis of gastric enterochromaffin-like cell hyperplasia in patients with Hashimoto's thyroiditis. Neuroendocrinology 99, 118-122 (2014).
60	Chromogranin-A	CHGA	P10645	Normal	Diagnostic	<19 U/L	Adult: >=18 yrs old	Both	Serum	Modlin, I. M., Aslanian, H., Bodei, L., Drozdov, I. & Kidd, M. A PCR blood test outperforms chromogranin A in carcinoid detection and is unaffected by proton pump inhibitors. Endocr Connect 3, 215-223 (2014).
60	Chromogranin-A	CHGA	P10645	Normal	Diagnostic	58.75 (19.4-98.1) ng/mL	Adult: >=18 yrs old	Both	Serum	Nicolaou, A., Thomas, D., Alexandraki, K. I., Sougioultzis, S., Tsolakis, A. V. & Kaltsas, G. Predictive value of gastrin levels for the diagnosis of gastric enterochromaffin-like cell hyperplasia in patients with Hashimoto's thyroiditis. Neuroendocrinology 99, 118-122 (2014).
61	Epstein-Barr virus capsid antigen antibody		P01860	Infectious mononucleosis	Diagnostic	>40.5 U/mL	Children: 1-13 yrs old	Both	Serum	Feng, Z., Li, Z., Sui, B., Xu, G. & Xia, T. Serological diagnosis of infectious mononucleosis by chemiluminescent immunoassay using capsid antigen p18 of Epstein-Barr virus. Clin Chim Acta 354, 77-82 (2005).
61	Epstein-Barr virus capsid antigen antibody		P01860	Normal	Diagnostic	<40.5 U/mL	Children: 1-13 yrs old	Both	Serum	Feng, Z., Li, Z., Sui, B., Xu, G. & Xia, T. Serological diagnosis of infectious mononucleosis by chemiluminescent immunoassay using capsid antigen p18 of Epstein-Barr virus. Clin Chim Acta 354, 77-82 (2005).
62	Ceruloplasmin	CP	P00450	Wilson's Disease	Diagnostic	<19	Adult: >=18 yrs old	Both	Serum	Merle, U., Eisenbach, C., Weiss, K. H., Tuma, S. & Stremmel, W. Serum ceruloplasmin oxidase activity is a sensitive and highly specific diagnostic marker for Wilson's disease. J Hepatol 51, 925-930 (2009).
62	Ceruloplasmin	CP	P00450	Normal	Diagnostic	27.5 (20-35) mg/dL	Adult: >=18 yrs old	Both	Serum	University of Rochester Medical Center: Ceruloplasmin blood
62	Ceruloplasmin	CP	P00450	Normal	Diagnostic	155.5 (74-237) mg/L	Infant: 0-<2 months old	Female	Serum	Adeli K, Higgins V, Trajcevski K, White-Al Habeeb N. The Canadian laboratory initiative on pediatric reference intervals: a CALIPER white paper. Crit Rev Cliin Lab Sci. 2017 Sep;54(6):358-413. doi: 10.1080/10408363.2017.1379945. Epub 2017 Oct 11. Erratum in: crit Rev Clin Lab Sci. 2020 Mar;57(2):145. doi: 10.1080/10408363.2019.1704475. PMID: 29017389.
62	Ceruloplasmin	CP	P00450	Normal	Diagnostic	232 (135-329) mg/L	Infant: 2-<6 months old	Female	Serum	Adeli K, Higgins V, Trajcevski K, White-Al Habeeb N. The Canadian laboratory initiative on pediatric reference intervals: a CALIPER white paper. Crit Rev Cliin Lab Sci. 2017 Sep;54(6):358-413. doi: 10.1080/10408363.2017.1379945. Epub 2017 Oct 11. Erratum in: crit Rev Clin Lab Sci. 2020 Mar;57(2):145. doi: 10.1080/10408363.2019.1704475. PMID: 29017389.
62	Ceruloplasmin	CP	P00450	Normal	Diagnostic	263 (137-389) mg/L	Infant: 6 months - 1 yr old	Female	Serum	Adeli K, Higgins V, Trajcevski K, White-Al Habeeb N. The Canadian laboratory initiative on pediatric reference intervals: a CALIPER white paper. Crit Rev Cliin Lab Sci. 2017 Sep;54(6):358-413. doi: 10.1080/10408363.2017.1379945. Epub 2017 Oct 11. Erratum in: crit Rev Clin Lab Sci. 2020 Mar;57(2):145. doi: 10.1080/10408363.2019.1704475. PMID: 29017389.
62	Ceruloplasmin	CP	P00450	Normal	Diagnostic	325 (217-433) mg/L	Children: 1-<8 yrs old	Female	Serum	Adeli K, Higgins V, Trajcevski K, White-Al Habeeb N. The Canadian laboratory initiative on pediatric reference intervals: a CALIPER white paper. Crit Rev Cliin Lab Sci. 2017 Sep;54(6):358-413. doi: 10.1080/10408363.2017.1379945. Epub 2017 Oct 11. Erratum in: crit Rev Clin Lab Sci. 2020 Mar;57(2):145. doi: 10.1080/10408363.2019.1704475. PMID: 29017389.
62	Ceruloplasmin	CP	P00450	Normal	Diagnostic	303.5 (205-402) mg/L	Children/Adolescent: 8-<14 yrs old	Female	Serum	Adeli K, Higgins V, Trajcevski K, White-Al Habeeb N. The Canadian laboratory initiative on pediatric reference intervals: a CALIPER white paper. Crit Rev Cliin Lab Sci. 2017 Sep;54(6):358-413. doi: 10.1080/10408363.2017.1379945. Epub 2017 Oct 11. Erratum in: crit Rev Clin Lab Sci. 2020 Mar;57(2):145. doi: 10.1080/10408363.2019.1704475. PMID: 29017389.
62	Ceruloplasmin	CP	P00450	Normal	Diagnostic	320 (208-432) mg/L	Adolescent: 14-<19 yrs old	Female	Serum	Adeli K, Higgins V, Trajcevski K, White-Al Habeeb N. The Canadian laboratory initiative on pediatric reference intervals: a CALIPER white paper. Crit Rev Cliin Lab Sci. 2017 Sep;54(6):358-413. doi: 10.1080/10408363.2017.1379945. Epub 2017 Oct 11. Erratum in: crit Rev Clin Lab Sci. 2020 Mar;57(2):145. doi: 10.1080/10408363.2019.1704475. PMID: 29017389.
62	Ceruloplasmin	CP	P00450	Normal	Diagnostic	154.5 (73-236) mg/L	Infant: 0-<2 months old	Male	Serum	Adeli K, Higgins V, Trajcevski K, White-Al Habeeb N. The Canadian laboratory initiative on pediatric reference intervals: a CALIPER white paper. Crit Rev Cliin Lab Sci. 2017 Sep;54(6):358-413. doi: 10.1080/10408363.2017.1379945. Epub 2017 Oct 11. Erratum in: crit Rev Clin Lab Sci. 2020 Mar;57(2):145. doi: 10.1080/10408363.2019.1704475. PMID: 29017389.
62	Ceruloplasmin	CP	P00450	Normal	Diagnostic	232 (135-329) mg/L	Infant: 2-<6 months old	Male	Serum	Adeli K, Higgins V, Trajcevski K, White-Al Habeeb N. The Canadian laboratory initiative on pediatric reference intervals: a CALIPER white paper. Crit Rev Cliin Lab Sci. 2017 Sep;54(6):358-413. doi: 10.1080/10408363.2017.1379945. Epub 2017 Oct 11. Erratum in: crit Rev Clin Lab Sci. 2020 Mar;57(2):145. doi: 10.1080/10408363.2019.1704475. PMID: 29017389.
62	Ceruloplasmin	CP	P00450	Normal	Diagnostic	263 (137-389) mg/L	Infant: 6 months - 1 yr old	Male	Serum	Adeli K, Higgins V, Trajcevski K, White-Al Habeeb N. The Canadian laboratory initiative on pediatric reference intervals: a CALIPER white paper. Crit Rev Cliin Lab Sci. 2017 Sep;54(6):358-413. doi: 10.1080/10408363.2017.1379945. Epub 2017 Oct 11. Erratum in: crit Rev Clin Lab Sci. 2020 Mar;57(2):145. doi: 10.1080/10408363.2019.1704475. PMID: 29017389.
62	Ceruloplasmin	CP	P00450	Normal	Diagnostic	325 (217-433) mg/L	Children: 1-<8 yrs old	Male	Serum	Adeli K, Higgins V, Trajcevski K, White-Al Habeeb N. The Canadian laboratory initiative on pediatric reference intervals: a CALIPER white paper. Crit Rev Cliin Lab Sci. 2017 Sep;54(6):358-413. doi: 10.1080/10408363.2017.1379945. Epub 2017 Oct 11. Erratum in: crit Rev Clin Lab Sci. 2020 Mar;57(2):145. doi: 10.1080/10408363.2019.1704475. PMID: 29017389.
62	Ceruloplasmin	CP	P00450	Normal	Diagnostic	303.5 (205-402) mg/L	Children/Adolescent: 8-<14 yrs old	Male	Serum	Adeli K, Higgins V, Trajcevski K, White-Al Habeeb N. The Canadian laboratory initiative on pediatric reference intervals: a CALIPER white paper. Crit Rev Cliin Lab Sci. 2017 Sep;54(6):358-413. doi: 10.1080/10408363.2017.1379945. Epub 2017 Oct 11. Erratum in: crit Rev Clin Lab Sci. 2020 Mar;57(2):145. doi: 10.1080/10408363.2019.1704475. PMID: 29017389.
62	Ceruloplasmin	CP	P00450	Normal	Diagnostic	259 (170-348) mg/L	Adolescent: 14-<19 yrs old	Male	Serum	Adeli K, Higgins V, Trajcevski K, White-Al Habeeb N. The Canadian laboratory initiative on pediatric reference intervals: a CALIPER white paper. Crit Rev Cliin Lab Sci. 2017 Sep;54(6):358-413. doi: 10.1080/10408363.2017.1379945. Epub 2017 Oct 11. Erratum in: crit Rev Clin Lab Sci. 2020 Mar;57(2):145. doi: 10.1080/10408363.2019.1704475. PMID: 29017389.
62	Ceruloplasmin	CP	P00450	Normal	Diagnostic	15.55 (7.4-23.7) mg/dL	Infant: 0-8 wks	Both	Serum	Mayo Clinic Test Catalog
62	Ceruloplasmin	CP	P00450	Normal	Diagnostic	23.2 (13.5-32.9) mg/dL	Infant: 9 wks-5 mos	Both	Serum	Mayo Clinic Test Catalog
62	Ceruloplasmin	CP	P00450	Normal	Diagnostic	26.3 (13.7-38.9) mg/dL	Infant: 6-11 mos	Both	Serum	Mayo Clinic Test Catalog
62	Ceruloplasmin	CP	P00450	Normal	Diagnostic	32.55 (21.7-43.4) mg/dL	Infant & Children: 12 mos-7 yrs	Both	Serum	Mayo Clinic Test Catalog
62	Ceruloplasmin	CP	P00450	Normal	Diagnostic	30.35 (20.5-40.2) mg/dL	Children: 8-13 yrs	Both	Serum	Mayo Clinic Test Catalog
62	Ceruloplasmin	CP	P00450	Normal	Diagnostic	25.9 (17-34.8) mg/dL	Children: 14-17 yrs	Male	Serum	Mayo Clinic Test Catalog
62	Ceruloplasmin	CP	P00450	Normal	Diagnostic	25 (19-31) mg/dL	Adult: >=18 yrs	Male	Serum	Mayo Clinic Test Catalog
62	Ceruloplasmin	CP	P00450	Normal	Diagnostic	32 (20.8-43.2) mg/dL	Children: 14-17 yrs	Female	Serum	Mayo Clinic Test Catalog
62	Ceruloplasmin	CP	P00450	Normal	Diagnostic	35.5 (20-51) mg/dL	Adult: >=18 yrs	Female	Serum	Mayo Clinic Test Catalog
62	Ceruloplasmin	CP	P00450	Wilson's Disease	Diagnostic	<7.4 mg/dL	Infant: 0-8 wks	Both	Serum	Mayo Clinic Test Catalog
62	Ceruloplasmin	CP	P00450	Wilson's Disease	Diagnostic	<13.5 mg/dL	Infant: 9 wks-5 mos	Both	Serum	Mayo Clinic Test Catalog
62	Ceruloplasmin	CP	P00450	Wilson's Disease	Diagnostic	<13.7 mg/dL	Infant: 6-11 mos	Both	Serum	Mayo Clinic Test Catalog
62	Ceruloplasmin	CP	P00450	Wilson's Disease	Diagnostic	<21.7 mg/dL	Infant & Children: 12 mos-7 yrs	Both	Serum	Mayo Clinic Test Catalog
62	Ceruloplasmin	CP	P00450	Wilson's Disease	Diagnostic	<20.5 mg/dL	Children: 8-13 yrs	Both	Serum	Mayo Clinic Test Catalog
62	Ceruloplasmin	CP	P00450	Wilson's Disease	Diagnostic	<17 mg/dL	Children: 14-17 yrs	Male	Serum	Mayo Clinic Test Catalog
62	Ceruloplasmin	CP	P00450	Wilson's Disease	Diagnostic	<20.8 mg/dL	Children: 14-17 yrs	Female	Serum	Mayo Clinic Test Catalog
62	Ceruloplasmin	CP	P00450	Wilson's Disease	Diagnostic	<20 mg/dL	Adult: >=18 yrs	Female	Serum	Mayo Clinic Test Catalog
63	Anti-gliadin antibody IgA		P01860	Celiac Disease	Diagnostic	>30 U	Adult: >=18 yrs old	Both	Blood	Mayo clinic: Gliadin (Deamidated) Antibody
63	Anti-gliadin antibody IgA		P01860	Normal	Diagnostic	<20 U	Adult: >=18 yrs old	Both	Blood	Mayo clinic: Gliadin (Deamidated) Antibody
67	P-Selectin	SELP	P16109	Acute Pancreatitis	Risk	>80 ng/mL	Adult: >=18 yrs old	Both	Serum	Fei, Y., Zong, G. Q., Chen, J. & Liu, R. M. Evaluation of the Value of d-Dimer, P-Selectin, and Platelet Count for Prediction of Portal Vein Thrombosis After Devascularization. Clin Appl Thromb Hemost ,  (2015).
67	P-Selectin	SELP	P16109	Normal	Diagnostic	<80 ng/mL	Adult: >=18 yrs old	Both	Serum	Fei, Y., Zong, G. Q., Chen, J. & Liu, R. M. Evaluation of the Value of d-Dimer, P-Selectin, and Platelet Count for Prediction of Portal Vein Thrombosis After Devascularization. Clin Appl Thromb Hemost ,  (2015).
68	Sex hormone-binding globulin	SHBG	P04278	Polycystic Ovary Syndrome	Diagnostic	<18 nmol/L	Adult: >=18 yrs old	Female	Blood	Healthline: Low SHBG level
68	Sex hormone-binding globulin	SHBG	P04278	Normal	Diagnostic	81 nmol/L	Adult: >=18 yrs old	Female	Blood	Healthline: Low SHBG level
68	Sex hormone-binding globulin	SHBG	P04278	Normal	Diagnostic	67.2 (14.4-120) nmol/L	Infant: 4 days - <1 month old	Female	Serum	Adeli K, Higgins V, Trajcevski K, White-Al Habeeb N. The Canadian laboratory initiative on pediatric reference intervals: a CALIPER white paper. Crit Rev Cliin Lab Sci. 2017 Sep;54(6):358-413. doi: 10.1080/10408363.2017.1379945. Epub 2017 Oct 11. Erratum in: crit Rev Clin Lab Sci. 2020 Mar;57(2):145. doi: 10.1080/10408363.2019.1704475. PMID: 29017389.
68	Sex hormone-binding globulin	SHBG	P04278	Normal	Diagnostic	132.6 (36.2-229) nmol/L	Infant: 1 month - < 1 yr old	Female	Serum	Adeli K, Higgins V, Trajcevski K, White-Al Habeeb N. The Canadian laboratory initiative on pediatric reference intervals: a CALIPER white paper. Crit Rev Cliin Lab Sci. 2017 Sep;54(6):358-413. doi: 10.1080/10408363.2017.1379945. Epub 2017 Oct 11. Erratum in: crit Rev Clin Lab Sci. 2020 Mar;57(2):145. doi: 10.1080/10408363.2019.1704475. PMID: 29017389.
68	Sex hormone-binding globulin	SHBG	P04278	Normal	Diagnostic	115.4 (41.8-189) nmol/L	Children: 1-<8 yrs old	Female	Serum	Adeli K, Higgins V, Trajcevski K, White-Al Habeeb N. The Canadian laboratory initiative on pediatric reference intervals: a CALIPER white paper. Crit Rev Cliin Lab Sci. 2017 Sep;54(6):358-413. doi: 10.1080/10408363.2017.1379945. Epub 2017 Oct 11. Erratum in: crit Rev Clin Lab Sci. 2020 Mar;57(2):145. doi: 10.1080/10408363.2019.1704475. PMID: 29017389.
68	Sex hormone-binding globulin	SHBG	P04278	Normal	Diagnostic	94.2 (26.4-162) nmol/L	Children: 8-<11 yrs old	Female	Serum	Adeli K, Higgins V, Trajcevski K, White-Al Habeeb N. The Canadian laboratory initiative on pediatric reference intervals: a CALIPER white paper. Crit Rev Cliin Lab Sci. 2017 Sep;54(6):358-413. doi: 10.1080/10408363.2017.1379945. Epub 2017 Oct 11. Erratum in: crit Rev Clin Lab Sci. 2020 Mar;57(2):145. doi: 10.1080/10408363.2019.1704475. PMID: 29017389.
68	Sex hormone-binding globulin	SHBG	P04278	Normal	Diagnostic	61.45 (14.9-108) nmol/L	Children: 11-<13 yrs old	Female	Serum	Adeli K, Higgins V, Trajcevski K, White-Al Habeeb N. The Canadian laboratory initiative on pediatric reference intervals: a CALIPER white paper. Crit Rev Cliin Lab Sci. 2017 Sep;54(6):358-413. doi: 10.1080/10408363.2017.1379945. Epub 2017 Oct 11. Erratum in: crit Rev Clin Lab Sci. 2020 Mar;57(2):145. doi: 10.1080/10408363.2019.1704475. PMID: 29017389.
68	Sex hormone-binding globulin	SHBG	P04278	Normal	Diagnostic	54.7 (11.2-98.2) nmol/L	Adolescent: 13-<15 yrs old	Female	Serum	Adeli K, Higgins V, Trajcevski K, White-Al Habeeb N. The Canadian laboratory initiative on pediatric reference intervals: a CALIPER white paper. Crit Rev Cliin Lab Sci. 2017 Sep;54(6):358-413. doi: 10.1080/10408363.2017.1379945. Epub 2017 Oct 11. Erratum in: crit Rev Clin Lab Sci. 2020 Mar;57(2):145. doi: 10.1080/10408363.2019.1704475. PMID: 29017389.
68	Sex hormone-binding globulin	SHBG	P04278	Normal	Diagnostic	46.95 (9.8-84.1) nmol/L	Adolescent: 15-<17 yrs old	Female	Serum	Adeli K, Higgins V, Trajcevski K, White-Al Habeeb N. The Canadian laboratory initiative on pediatric reference intervals: a CALIPER white paper. Crit Rev Cliin Lab Sci. 2017 Sep;54(6):358-413. doi: 10.1080/10408363.2017.1379945. Epub 2017 Oct 11. Erratum in: crit Rev Clin Lab Sci. 2020 Mar;57(2):145. doi: 10.1080/10408363.2019.1704475. PMID: 29017389.
68	Sex hormone-binding globulin	SHBG	P04278	Normal	Diagnostic	82.9 (10.8-155) nmol/L	Adolescent: 17-<19 yrs old	Female	Serum	Adeli K, Higgins V, Trajcevski K, White-Al Habeeb N. The Canadian laboratory initiative on pediatric reference intervals: a CALIPER white paper. Crit Rev Cliin Lab Sci. 2017 Sep;54(6):358-413. doi: 10.1080/10408363.2017.1379945. Epub 2017 Oct 11. Erratum in: crit Rev Clin Lab Sci. 2020 Mar;57(2):145. doi: 10.1080/10408363.2019.1704475. PMID: 29017389.
68	Sex hormone-binding globulin	SHBG	P04278	Normal	Diagnostic	67.2 (14.4-120) nmol/L	Infant: 4 days - <1 month old	Male	Serum	Adeli K, Higgins V, Trajcevski K, White-Al Habeeb N. The Canadian laboratory initiative on pediatric reference intervals: a CALIPER white paper. Crit Rev Cliin Lab Sci. 2017 Sep;54(6):358-413. doi: 10.1080/10408363.2017.1379945. Epub 2017 Oct 11. Erratum in: crit Rev Clin Lab Sci. 2020 Mar;57(2):145. doi: 10.1080/10408363.2019.1704475. PMID: 29017389.
68	Sex hormone-binding globulin	SHBG	P04278	Normal	Diagnostic	132.6 (36.2-229) nmol/L	Infant: 1 month - < 1 yr old	Male	Serum	Adeli K, Higgins V, Trajcevski K, White-Al Habeeb N. The Canadian laboratory initiative on pediatric reference intervals: a CALIPER white paper. Crit Rev Cliin Lab Sci. 2017 Sep;54(6):358-413. doi: 10.1080/10408363.2017.1379945. Epub 2017 Oct 11. Erratum in: crit Rev Clin Lab Sci. 2020 Mar;57(2):145. doi: 10.1080/10408363.2019.1704475. PMID: 29017389.
68	Sex hormone-binding globulin	SHBG	P04278	Normal	Diagnostic	115.4 (41.8-189) nmol/L	Children: 1-<8 yrs old	Male	Serum	Adeli K, Higgins V, Trajcevski K, White-Al Habeeb N. The Canadian laboratory initiative on pediatric reference intervals: a CALIPER white paper. Crit Rev Cliin Lab Sci. 2017 Sep;54(6):358-413. doi: 10.1080/10408363.2017.1379945. Epub 2017 Oct 11. Erratum in: crit Rev Clin Lab Sci. 2020 Mar;57(2):145. doi: 10.1080/10408363.2019.1704475. PMID: 29017389.
68	Sex hormone-binding globulin	SHBG	P04278	Normal	Diagnostic	94.2 (26.4-162) nmol/L	Children: 8-<11 yrs old	Male	Serum	Adeli K, Higgins V, Trajcevski K, White-Al Habeeb N. The Canadian laboratory initiative on pediatric reference intervals: a CALIPER white paper. Crit Rev Cliin Lab Sci. 2017 Sep;54(6):358-413. doi: 10.1080/10408363.2017.1379945. Epub 2017 Oct 11. Erratum in: crit Rev Clin Lab Sci. 2020 Mar;57(2):145. doi: 10.1080/10408363.2019.1704475. PMID: 29017389.
68	Sex hormone-binding globulin	SHBG	P04278	Normal	Diagnostic	61.45 (14.9-108) nmol/L	Children: 11-<13 yrs old	Male	Serum	Adeli K, Higgins V, Trajcevski K, White-Al Habeeb N. The Canadian laboratory initiative on pediatric reference intervals: a CALIPER white paper. Crit Rev Cliin Lab Sci. 2017 Sep;54(6):358-413. doi: 10.1080/10408363.2017.1379945. Epub 2017 Oct 11. Erratum in: crit Rev Clin Lab Sci. 2020 Mar;57(2):145. doi: 10.1080/10408363.2019.1704475. PMID: 29017389.
68	Sex hormone-binding globulin	SHBG	P04278	Normal	Diagnostic	54.7 (11.2-98.2) nmol/L	Adolescent: 13-<15 yrs old	Male	Serum	Adeli K, Higgins V, Trajcevski K, White-Al Habeeb N. The Canadian laboratory initiative on pediatric reference intervals: a CALIPER white paper. Crit Rev Cliin Lab Sci. 2017 Sep;54(6):358-413. doi: 10.1080/10408363.2017.1379945. Epub 2017 Oct 11. Erratum in: crit Rev Clin Lab Sci. 2020 Mar;57(2):145. doi: 10.1080/10408363.2019.1704475. PMID: 29017389.
68	Sex hormone-binding globulin	SHBG	P04278	Normal	Diagnostic	29.65 (9.7-49.6) nmol/L	Adolescent: 15-<19 yrs old	Male	Serum	Adeli K, Higgins V, Trajcevski K, White-Al Habeeb N. The Canadian laboratory initiative on pediatric reference intervals: a CALIPER white paper. Crit Rev Cliin Lab Sci. 2017 Sep;54(6):358-413. doi: 10.1080/10408363.2017.1379945. Epub 2017 Oct 11. Erratum in: crit Rev Clin Lab Sci. 2020 Mar;57(2):145. doi: 10.1080/10408363.2019.1704475. PMID: 29017389.
68	Sex hormone-binding globulin	SHBG	P04278	Normal	Diagnostic	51.4 (13.3-89.5) nmol/L	Adult: >=18 yrs	Male	Serum	Mayo Clinic Test Catalog
68	Sex hormone-binding globulin	SHBG	P04278	Normal	Diagnostic	76.85 (18.2-135.5) nmol/L	Adult: 18-46 yrs	Female	Serum	Mayo Clinic Test Catalog
68	Sex hormone-binding globulin	SHBG	P04278	Normal	Diagnostic	71 (16.8-125.2) nmol/L	Adult: 47-91 yrs	Female	Serum	Mayo Clinic Test Catalog
68	Sex hormone-binding globulin	SHBG	P04278	Polycystic Ovary Syndrome	Diagnostic	<16 nmol/L	NA	Female	Serum	Mayo Clinic Test Catalog
68	Sex hormone-binding globulin	SHBG	P04278	Hirsutism	Diagnostic	<16 nmol/L	NA	Female	Serum	Mayo Clinic Test Catalog
69	Des-gamma-carboxy prothrombin		P00734	Hepatocellular Carcinoma	Diagnostic	>86 mAU/mL	Adult: >=18 yrs old	Both	Serum	Song, P., Feng, X., Inagaki, Y., Song, T., Zhang, K., Wang, Z., Zheng, S., Ma, K., Li, Q., Kong, D., Wu, Q., Zhang, T., Zhao, X., Hasegawa, K., Sugawara, Y., Kokudo, N. & Tang, W. Clinical utility of simultaneous measurement of alpha-fetoprotein and des-gamma-carboxy prothrombin for diagnosis of patients with hepatocellular carcinoma in China: A multi-center case-controlled study of 1,153 subjects. Biosci Trends 8, 266-273 (2014).
69	Des-gamma-carboxy prothrombin		P00734	Normal	Diagnostic	29.91 (<10-104.97) mAU/mL	Adult: >=18 yrs old	Both	Serum	Song, P., Feng, X., Inagaki, Y., Song, T., Zhang, K., Wang, Z., Zheng, S., Ma, K., Li, Q., Kong, D., Wu, Q., Zhang, T., Zhao, X., Hasegawa, K., Sugawara, Y., Kokudo, N. & Tang, W. Clinical utility of simultaneous measurement of alpha-fetoprotein and des-gamma-carboxy prothrombin for diagnosis of patients with hepatocellular carcinoma in China: A multi-center case-controlled study of 1,153 subjects. Biosci Trends 8, 266-273 (2014).
70	Hepatitis A virus cellular receptor 1	HAVCR1	Q96D42	Acute Kidney Injury	Diagnostic	>1.73 ng/mg	Adult: >=18 yrs old	Both	Urine	Vaidya, V. S., Waikar, S. S., Ferguson, M. A., Collings, F. B., Sunderland, K., Gioules, C., Bradwin, G., Matsouaka, R., Betensky, R. A., Curhan, G. C. & Bonventre, J. V. Urinary biomarkers for sensitive and specific detection of acute kidney injury in humans. Clin Transl Sci 1, 200-208 (2008).
70	Hepatitis A virus cellular receptor 1	HAVCR1	Q96D42	Normal	Diagnostic	<1.73 ng/mg	Adult: >=18 yrs old	Both	Urine	Vaidya, V. S., Waikar, S. S., Ferguson, M. A., Collings, F. B., Sunderland, K., Gioules, C., Bradwin, G., Matsouaka, R., Betensky, R. A., Curhan, G. C. & Bonventre, J. V. Urinary biomarkers for sensitive and specific detection of acute kidney injury in humans. Clin Transl Sci 1, 200-208 (2008).
71	Neutrophil Gelatinase associated lipocalin	LCN2	P80188	Acute Kidney Injury	Diagnostic	>82.7 ng/mg	Adult: >=18 yrs old	Both	Urine	Vaidya, V. S., Waikar, S. S., Ferguson, M. A., Collings, F. B., Sunderland, K., Gioules, C., Bradwin, G., Matsouaka, R., Betensky, R. A., Curhan, G. C. & Bonventre, J. V. Urinary biomarkers for sensitive and specific detection of acute kidney injury in humans. Clin Transl Sci 1, 200-208 (2008).
71	Neutrophil Gelatinase associated lipocalin	LCN2	P80188	Normal	Diagnostic	<82.7 ng/mg	Adult: >=18 yrs old	Both	Urine	Vaidya, V. S., Waikar, S. S., Ferguson, M. A., Collings, F. B., Sunderland, K., Gioules, C., Bradwin, G., Matsouaka, R., Betensky, R. A., Curhan, G. C. & Bonventre, J. V. Urinary biomarkers for sensitive and specific detection of acute kidney injury in humans. Clin Transl Sci 1, 200-208 (2008).
72	Interleukin-18	IL18	Q14116	Acute Kidney Injury	Diagnostic	>2.74 pg/mg	Adult: >=18 yrs old	Both	Urine	Vaidya, V. S., Waikar, S. S., Ferguson, M. A., Collings, F. B., Sunderland, K., Gioules, C., Bradwin, G., Matsouaka, R., Betensky, R. A., Curhan, G. C. & Bonventre, J. V. Urinary biomarkers for sensitive and specific detection of acute kidney injury in humans. Clin Transl Sci 1, 200-208 (2008).
72	Interleukin-18	IL18	Q14116	Normal	Diagnostic	<2.74 pg/mg	Adult: >=18 yrs old	Both	Urine	Vaidya, V. S., Waikar, S. S., Ferguson, M. A., Collings, F. B., Sunderland, K., Gioules, C., Bradwin, G., Matsouaka, R., Betensky, R. A., Curhan, G. C. & Bonventre, J. V. Urinary biomarkers for sensitive and specific detection of acute kidney injury in humans. Clin Transl Sci 1, 200-208 (2008).
72	Interleukin-18	IL18	Q14116	Normal	Diagnostic	857 (130-1584) pg/mL	Children/Adolescent: 1-<19 yrs old	Both	Plasma	Adeli K, Higgins V, Trajcevski K, White-Al Habeeb N. The Canadian laboratory initiative on pediatric reference intervals: a CALIPER white paper. Crit Rev Cliin Lab Sci. 2017 Sep;54(6):358-413. doi: 10.1080/10408363.2017.1379945. Epub 2017 Oct 11. Erratum in: crit Rev Clin Lab Sci. 2020 Mar;57(2):145. doi: 10.1080/10408363.2019.1704475. PMID: 29017389.
72	Interleukin-18	IL18	Q14116	Normal	Diagnostic	899 (130-1668) pg/mL	Children/Adolescent: 4-<14 yrs old	Both	Plasma	Adeli K, Higgins V, Trajcevski K, White-Al Habeeb N. The Canadian laboratory initiative on pediatric reference intervals: a CALIPER white paper. Crit Rev Cliin Lab Sci. 2017 Sep;54(6):358-413. doi: 10.1080/10408363.2017.1379945. Epub 2017 Oct 11. Erratum in: crit Rev Clin Lab Sci. 2020 Mar;57(2):145. doi: 10.1080/10408363.2019.1704475. PMID: 29017389.
72	Interleukin-18	IL18	Q14116	Normal	Diagnostic	197 (97-297) pg/mL	Adolescent: 14-<19 yrs old	Both	Plasma	Adeli K, Higgins V, Trajcevski K, White-Al Habeeb N. The Canadian laboratory initiative on pediatric reference intervals: a CALIPER white paper. Crit Rev Cliin Lab Sci. 2017 Sep;54(6):358-413. doi: 10.1080/10408363.2017.1379945. Epub 2017 Oct 11. Erratum in: crit Rev Clin Lab Sci. 2020 Mar;57(2):145. doi: 10.1080/10408363.2019.1704475. PMID: 29017389.
73	Hepatocyte growth factor	HGF	P14210	Acute Kidney Injury	Diagnostic	>0.37 ng/mg	Adult: >=18 yrs old	Both	Urine	Vaidya, V. S., Waikar, S. S., Ferguson, M. A., Collings, F. B., Sunderland, K., Gioules, C., Bradwin, G., Matsouaka, R., Betensky, R. A., Curhan, G. C. & Bonventre, J. V. Urinary biomarkers for sensitive and specific detection of acute kidney injury in humans. Clin Transl Sci 1, 200-208 (2008).
73	Hepatocyte growth factor	HGF	P14210	Normal	Diagnostic	<0.37 ng/mg	Adult: >=18 yrs old	Both	Urine	Vaidya, V. S., Waikar, S. S., Ferguson, M. A., Collings, F. B., Sunderland, K., Gioules, C., Bradwin, G., Matsouaka, R., Betensky, R. A., Curhan, G. C. & Bonventre, J. V. Urinary biomarkers for sensitive and specific detection of acute kidney injury in humans. Clin Transl Sci 1, 200-208 (2008).
74	Cystatin-C	CST3	P01034	Acute Kidney Injury	Diagnostic	>0.12 ug/mg	Adult: >=18 yrs old	Both	Urine	Vaidya, V. S., Waikar, S. S., Ferguson, M. A., Collings, F. B., Sunderland, K., Gioules, C., Bradwin, G., Matsouaka, R., Betensky, R. A., Curhan, G. C. & Bonventre, J. V. Urinary biomarkers for sensitive and specific detection of acute kidney injury in humans. Clin Transl Sci 1, 200-208 (2008).
74	Cystatin-C	CST3	P01034	Normal	Diagnostic	<0.12 ug/mg	Adult: >=18 yrs old	Both	Urine	Vaidya, V. S., Waikar, S. S., Ferguson, M. A., Collings, F. B., Sunderland, K., Gioules, C., Bradwin, G., Matsouaka, R., Betensky, R. A., Curhan, G. C. & Bonventre, J. V. Urinary biomarkers for sensitive and specific detection of acute kidney injury in humans. Clin Transl Sci 1, 200-208 (2008).
74	Cystatin-C	CST3	P01034	Normal	Diagnostic	2.17 (1.49-2.85) mg/L	Infant: 0-<1 month old	Female	Serum	Adeli K, Higgins V, Trajcevski K, White-Al Habeeb N. The Canadian laboratory initiative on pediatric reference intervals: a CALIPER white paper. Crit Rev Cliin Lab Sci. 2017 Sep;54(6):358-413. doi: 10.1080/10408363.2017.1379945. Epub 2017 Oct 11. Erratum in: crit Rev Clin Lab Sci. 2020 Mar;57(2):145. doi: 10.1080/10408363.2019.1704475. PMID: 29017389.
74	Cystatin-C	CST3	P01034	Normal	Diagnostic	1.465 (1.01-1.92) mg/L	Infant: 1-<5 months old	Female	Serum	Adeli K, Higgins V, Trajcevski K, White-Al Habeeb N. The Canadian laboratory initiative on pediatric reference intervals: a CALIPER white paper. Crit Rev Cliin Lab Sci. 2017 Sep;54(6):358-413. doi: 10.1080/10408363.2017.1379945. Epub 2017 Oct 11. Erratum in: crit Rev Clin Lab Sci. 2020 Mar;57(2):145. doi: 10.1080/10408363.2019.1704475. PMID: 29017389.
74	Cystatin-C	CST3	P01034	Normal	Diagnostic	1.14 (0.75-1.53) mg/L	Infant: 5 months - <1 yr old	Female	Serum	Adeli K, Higgins V, Trajcevski K, White-Al Habeeb N. The Canadian laboratory initiative on pediatric reference intervals: a CALIPER white paper. Crit Rev Cliin Lab Sci. 2017 Sep;54(6):358-413. doi: 10.1080/10408363.2017.1379945. Epub 2017 Oct 11. Erratum in: crit Rev Clin Lab Sci. 2020 Mar;57(2):145. doi: 10.1080/10408363.2019.1704475. PMID: 29017389.
74	Cystatin-C	CST3	P01034	Normal	Diagnostic	0.9 (0.6-1.2) mg/L	Children: 1-<2 yrs old	Female	Serum	Adeli K, Higgins V, Trajcevski K, White-Al Habeeb N. The Canadian laboratory initiative on pediatric reference intervals: a CALIPER white paper. Crit Rev Cliin Lab Sci. 2017 Sep;54(6):358-413. doi: 10.1080/10408363.2017.1379945. Epub 2017 Oct 11. Erratum in: crit Rev Clin Lab Sci. 2020 Mar;57(2):145. doi: 10.1080/10408363.2019.1704475. PMID: 29017389.
74	Cystatin-C	CST3	P01034	Normal	Diagnostic	0.865 (0.62-1.11) mg/L	Children/Adolescent: 2-<19 yrs old	Female	Serum	Adeli K, Higgins V, Trajcevski K, White-Al Habeeb N. The Canadian laboratory initiative on pediatric reference intervals: a CALIPER white paper. Crit Rev Cliin Lab Sci. 2017 Sep;54(6):358-413. doi: 10.1080/10408363.2017.1379945. Epub 2017 Oct 11. Erratum in: crit Rev Clin Lab Sci. 2020 Mar;57(2):145. doi: 10.1080/10408363.2019.1704475. PMID: 29017389.
74	Cystatin-C	CST3	P01034	Normal	Diagnostic	2.17 (1.49-2.85) mg/L	Infant: 0-<1 month old	Male	Serum	Adeli K, Higgins V, Trajcevski K, White-Al Habeeb N. The Canadian laboratory initiative on pediatric reference intervals: a CALIPER white paper. Crit Rev Cliin Lab Sci. 2017 Sep;54(6):358-413. doi: 10.1080/10408363.2017.1379945. Epub 2017 Oct 11. Erratum in: crit Rev Clin Lab Sci. 2020 Mar;57(2):145. doi: 10.1080/10408363.2019.1704475. PMID: 29017389.
74	Cystatin-C	CST3	P01034	Normal	Diagnostic	1.465 (1.01-1.92) mg/L	Infant: 1-<5 months old	Male	Serum	Adeli K, Higgins V, Trajcevski K, White-Al Habeeb N. The Canadian laboratory initiative on pediatric reference intervals: a CALIPER white paper. Crit Rev Cliin Lab Sci. 2017 Sep;54(6):358-413. doi: 10.1080/10408363.2017.1379945. Epub 2017 Oct 11. Erratum in: crit Rev Clin Lab Sci. 2020 Mar;57(2):145. doi: 10.1080/10408363.2019.1704475. PMID: 29017389.
74	Cystatin-C	CST3	P01034	Normal	Diagnostic	1.14 (0.75-1.53) mg/L	Infant: 5 months - <1 yr old	Male	Serum	Adeli K, Higgins V, Trajcevski K, White-Al Habeeb N. The Canadian laboratory initiative on pediatric reference intervals: a CALIPER white paper. Crit Rev Cliin Lab Sci. 2017 Sep;54(6):358-413. doi: 10.1080/10408363.2017.1379945. Epub 2017 Oct 11. Erratum in: crit Rev Clin Lab Sci. 2020 Mar;57(2):145. doi: 10.1080/10408363.2019.1704475. PMID: 29017389.
74	Cystatin-C	CST3	P01034	Normal	Diagnostic	1.31 (0.77-1.85) mg/L	Children: 1-<2 yrs old	Male	Serum	Adeli K, Higgins V, Trajcevski K, White-Al Habeeb N. The Canadian laboratory initiative on pediatric reference intervals: a CALIPER white paper. Crit Rev Cliin Lab Sci. 2017 Sep;54(6):358-413. doi: 10.1080/10408363.2017.1379945. Epub 2017 Oct 11. Erratum in: crit Rev Clin Lab Sci. 2020 Mar;57(2):145. doi: 10.1080/10408363.2019.1704475. PMID: 29017389.
74	Cystatin-C	CST3	P01034	Normal	Diagnostic	0.865 (0.62-1.11) mg/L	Children/Adolescent: 2-<19 yrs old	Male	Serum	Adeli K, Higgins V, Trajcevski K, White-Al Habeeb N. The Canadian laboratory initiative on pediatric reference intervals: a CALIPER white paper. Crit Rev Cliin Lab Sci. 2017 Sep;54(6):358-413. doi: 10.1080/10408363.2017.1379945. Epub 2017 Oct 11. Erratum in: crit Rev Clin Lab Sci. 2020 Mar;57(2):145. doi: 10.1080/10408363.2019.1704475. PMID: 29017389.
74	Cystatin-C	CST3	P01034	Normal	Diagnostic	0.83 (0.63-1.03) mg/L	Adult: 18-49 yrs	Both	Serum	Mayo Clinic Test Catalog
74	Cystatin-C	CST3	P01034	Normal	Diagnostic	0.94 (0.67-1.21) mg/L	Adult: >=50 yrs	Both	Serum	Mayo Clinic Test Catalog
74	Cystatin-C	CST3	P01034	Kidney Disease	Diagnostic	>1.03 mg/L	Adult: 18-49 yrs	Both	Serum	Mayo Clinic Test Catalog
74	Cystatin-C	CST3	P01034	Kidney Disease	Diagnostic	>1.21 mg/L	Adult: >=50 yrs	Both	Serum	Mayo Clinic Test Catalog
75	N-acetyl-beta-D-glucosaminidase	OGA	O60502	Acute Kidney Injury	Diagnostic	>0.015 u/mg	Adult: >=18 yrs old	Both	Urine	Vaidya, V. S., Waikar, S. S., Ferguson, M. A., Collings, F. B., Sunderland, K., Gioules, C., Bradwin, G., Matsouaka, R., Betensky, R. A., Curhan, G. C. & Bonventre, J. V. Urinary biomarkers for sensitive and specific detection of acute kidney injury in humans. Clin Transl Sci 1, 200-208 (2008).
75	N-acetyl-beta-D-glucosaminidase	OGA	O60502	Normal	Diagnostic	<0.015 U/mg	Adult: >=18 yrs old	Both	Urine	Vaidya, V. S., Waikar, S. S., Ferguson, M. A., Collings, F. B., Sunderland, K., Gioules, C., Bradwin, G., Matsouaka, R., Betensky, R. A., Curhan, G. C. & Bonventre, J. V. Urinary biomarkers for sensitive and specific detection of acute kidney injury in humans. Clin Transl Sci 1, 200-208 (2008).
76	Chemokine interferon inducible protein 10		P02778	Acute Kidney Injury	Diagnostic	>0.62 ng/mg	Adult: >=18 yrs old	Both	Urine	Vaidya, V. S., Waikar, S. S., Ferguson, M. A., Collings, F. B., Sunderland, K., Gioules, C., Bradwin, G., Matsouaka, R., Betensky, R. A., Curhan, G. C. & Bonventre, J. V. Urinary biomarkers for sensitive and specific detection of acute kidney injury in humans. Clin Transl Sci 1, 200-208 (2008).
76	Chemokine interferon inducible protein 10		P02778	Normal	Diagnostic	<0.62 ng/mg	Adult: >=18 yrs old	Both	Urine	Vaidya, V. S., Waikar, S. S., Ferguson, M. A., Collings, F. B., Sunderland, K., Gioules, C., Bradwin, G., Matsouaka, R., Betensky, R. A., Curhan, G. C. & Bonventre, J. V. Urinary biomarkers for sensitive and specific detection of acute kidney injury in humans. Clin Transl Sci 1, 200-208 (2008).
77	Total Protein			Kidney Disease	Diagnostic	>0.18 mg/mg creatinine	Adult: >=18 yrs	Both	Urine	Mayo Clinic Test Catalog
77	Total Protein			Normal	Diagnostic	<163 mg/12 hrs	Adult: >=18 yrs	Both	Urine	Mayo Clinic Test Catalog
77	Total Protein			Normal	Diagnostic	<229 mg/24 hrs	Adult: >=18 yrs	Both	Urine	Mayo Clinic Test Catalog
77	Total Protein			Normal	Diagnostic	7.1 (6.3-7.9) g/dL	Children & Adult: >=1 yr	Both	Serum	Mayo Clinic Test Catalog
77	Total Protein			Normal	Diagnostic	17.5 (0-35) mg/dL	Children & Adult: >=1 yr	Both	Cerebrospinal Fluid (CSF)	Mayo Clinic Test Catalog
77	Total Protein			Normal	Diagnostic	7.1 (6.3-7.9) g/dL	Infant/Children: >1 year	Both	serum	Mayo Clinic Test Catalog
79	Fibronectin	FN1	P02751	Preterm Birth	Risk	>50 ng/mL	Adult: >=18 yrs old	Female	Cervicovaginal swab	Andrews, W. W., Goldenberg, R. L., Mercer, B., Iams, J., Meis, P., Moawad, A., Das, A., Vandorsten, J. P., Caritis, S. N., Thurnau, G., Miodovnik, M., Roberts, J. & McNellis, D. The Preterm Prediction Study: association of second-trimester genitourinary chlamydia infection with subsequent spontaneous preterm birth. Am J Obstet Gynecol 183, 662-668 (2000).
79	Fibronectin	FN1	P02751	Preterm Birth	Diagnostic	Positive	Adult: >=18 yrs old	Female	Cervical secretion	Mayo clinic: Fetal fibronectin test
79	Fibronectin	FN1	P02751	Normal	Diagnostic	Negative	Adult: >=18 yrs old	Female	Cervical secretion	Mayo clinic: Fetal fibronectin test
80	Nuclear Ribonucleoprotein H1 antibodies		P01860	Sjogren Syndrome	Diagnostic	>1.9 peak*area	Adult: >=18 yrs old	Both	serum	Van den Bergh, K., Hooijkaas, H., Blockmans, D., Westhovens, R., Op De Beeck, K., Verschueren, P., Dufour, D., van de Merwe, J. P., Fijak, M., Klug, J., Michiels, G., Devogelaere, B., De Smedt, H., Derua, R., Waelkens, E., Blanckaert, N. & Bossuyt, X. Heterogeneous nuclear ribonucleoprotein h1, a novel nuclear autoantigen. Clin Chem 55, 946-954 (2009).
80	Nuclear Ribonucleoprotein H1 antibodies		P01860	Normal	Diagnostic	<1.9 peak*area	Adult: >=18 yrs old	Both	serum	Van den Bergh, K., Hooijkaas, H., Blockmans, D., Westhovens, R., Op De Beeck, K., Verschueren, P., Dufour, D., van de Merwe, J. P., Fijak, M., Klug, J., Michiels, G., Devogelaere, B., De Smedt, H., Derua, R., Waelkens, E., Blanckaert, N. & Bossuyt, X. Heterogeneous nuclear ribonucleoprotein h1, a novel nuclear autoantigen. Clin Chem 55, 946-954 (2009).
81	Anti-ribosomal P antibodies		P01860	Systemic Lupus Erythematosus	Diagnostic	>4.45 U/mL	Adult: >=18 yrs old	Both	serum	Carmona-Fernandes, D., Santos, M. J., Canhao, H. & Fonseca, J. E. Anti-ribosomal P protein IgG autoantibodies in patients with systemic lupus erythematosus: diagnostic performance and clinical profile. BMC Med 11, 98 (2013).
81	Anti-ribosomal P antibodies		P01860	Normal	Diagnostic	<4.45 U/mL	Adult: >=18 yrs old	Both	serum	Carmona-Fernandes, D., Santos, M. J., Canhao, H. & Fonseca, J. E. Anti-ribosomal P protein IgG autoantibodies in patients with systemic lupus erythematosus: diagnostic performance and clinical profile. BMC Med 11, 98 (2013).
82	Anti-Smith Antibodies		P01860	Systemic Lupus Erythematosus	Diagnostic	>3.4 U/mL	Adult: >=18 yrs old	Both	serum	Carmona-Fernandes, D., Santos, M. J., Canhao, H. & Fonseca, J. E. Anti-ribosomal P protein IgG autoantibodies in patients with systemic lupus erythematosus: diagnostic performance and clinical profile. BMC Med 11, 98 (2013).
82	Anti-Smith Antibodies		P01860	Normal	Diagnostic	<3.4 U/mL	Adult: >=18 yrs old	Both	serum	Carmona-Fernandes, D., Santos, M. J., Canhao, H. & Fonseca, J. E. Anti-ribosomal P protein IgG autoantibodies in patients with systemic lupus erythematosus: diagnostic performance and clinical profile. BMC Med 11, 98 (2013).
83	Anti-double stranded DNA antibodies		P01860	Systemic Lupus Erythematosus	Diagnostic	>15 U/mL	Adult: >=18 yrs old	Both	serum	Carmona-Fernandes, D., Santos, M. J., Canhao, H. & Fonseca, J. E. Anti-ribosomal P protein IgG autoantibodies in patients with systemic lupus erythematosus: diagnostic performance and clinical profile. BMC Med 11, 98 (2013).
83	Anti-double stranded DNA antibodies		P01860	Normal	Diagnostic	<15 U/mL	Adult: >=18 yrs old	both	serum	Carmona-Fernandes, D., Santos, M. J., Canhao, H. & Fonseca, J. E. Anti-ribosomal P protein IgG autoantibodies in patients with systemic lupus erythematosus: diagnostic performance and clinical profile. BMC Med 11, 98 (2013).
84	Hemoglobin subunit beta	HBB	P68871	Diabetes Mellitus Type 2	Diagnostic	>5.52 %	Adult: >=18 yrs old	Both	serum	Herdzik, E., Safranow, K. & Ciechanowski, K. Diagnostic value of fasting capillary glucose, fructosamine and glycosylated haemoglobin in detecting diabetes and other glucose tolerance abnormalities compared to oral glucose tolerance test. Acta Diabetol 39, 15-22 (2002).
84	Hemoglobin subunit beta	HBB	P68871	Normal	Diagnostic	4.49 (3.93-5.05) %	Adult: >=18 yrs old	Both	Blood	Herdzik, E., Safranow, K. & Ciechanowski, K. Diagnostic value of fasting capillary glucose, fructosamine and glycosylated haemoglobin in detecting diabetes and other glucose tolerance abnormalities compared to oral glucose tolerance test. Acta Diabetol 39, 15-22 (2002).
87	Glucose-6-phosphate 1-dehydrogenase	G6PD	P11413	Glucose 6 Phosphate Dehydrogenase Deficiency	Diagnostic	<2.35 U/g Hb	Infant: 1 wk-2 yrs old	Male	serum	Miao, J. K., Chen, Q. X., Bao, L. M., Huang, Y., Zhang, J., Wan, K. X., Yi, J., Wang, S. Y., Zou, L. & Li, T. Y. Determination of optimal cutoff value to accurately identify glucose-6-phosphate dehydrogenase-deficient heterozygous female neonates. Clin Chim Acta 424, 131-135 (2013).
87	Glucose-6-phosphate 1-dehydrogenase	G6PD	P11413	Glucose 6 Phosphate Dehydrogenase Deficiency	Diagnostic	<2.55 U/g Hb	Infant: 1 wk-2 yrs old	Female	serum	Miao, J. K., Chen, Q. X., Bao, L. M., Huang, Y., Zhang, J., Wan, K. X., Yi, J., Wang, S. Y., Zou, L. & Li, T. Y. Determination of optimal cutoff value to accurately identify glucose-6-phosphate dehydrogenase-deficient heterozygous female neonates. Clin Chim Acta 424, 131-135 (2013).
87	Glucose-6-phosphate 1-dehydrogenase	G6PD	P11413	Normal	Diagnostic	11.1 (8.8-13.4) U/g	Adult: >=18 yrs old	Both	Blood	Mayo clinic: Glucose-6-Phosphate Dehydrogenase (G-6-PD)
87	Glucose-6-phosphate 1-dehydrogenase	G6PD	P11413	Normal	Diagnostic	11.1 (8.8-13.4) U/g	Adult: >=18 yrs old	Both	Blood	Mayo clinic: Glucose-6-Phosphate Dehydrogenase (G-6-PD)
87	Glucose-6-phosphate 1-dehydrogenase	G6PD	P11413	Normal	Diagnostic	9.95 (8-11.9) U/g Hb	Children: >12 months	Both	Blood	Mayo Clinic Test Catalog
87	Glucose-6-phosphate 1-dehydrogenase	G6PD	P11413	Normal	Diagnostic	9.95 (8-11.9) U/g Hb	Children: >12 months	Both	Blood	Mayo Clinic Test Catalog
88	Gastrin	GAST	P01350	Enterochromaffin Like Cell Hyperplasia	Diagnostic	>89.5 ng/mL	Adult: >=18 yrs old	Both	serum	Nicolaou, A., Thomas, D., Alexandraki, K. I., Sougioultzis, S., Tsolakis, A. V. & Kaltsas, G. Predictive value of gastrin levels for the diagnosis of gastric enterochromaffin-like cell hyperplasia in patients with Hashimoto's thyroiditis. Neuroendocrinology 99, 118-122 (2014).
88	Gastrin	GAST	P01350	Normal	Diagnostic	<108 ng/mL	Adult: >=18 yrs old	Both	Blood	Nicolaou, A., Thomas, D., Alexandraki, K. I., Sougioultzis, S., Tsolakis, A. V. & Kaltsas, G. Predictive value of gastrin levels for the diagnosis of gastric enterochromaffin-like cell hyperplasia in patients with Hashimoto's thyroiditis. Neuroendocrinology 99, 118-122 (2014).
88	Gastrin	GAST	P01350	Normal	Diagnostic	100 pg/mL	All	Both	Serum	Mayo Clinic Test Catalog
89	Acetylcholinesterase	ACHE	P22303	Alzheimer's Disease	Diagnostic	8.8 (8.06–9.54) nmol/ml*min	Adult: >=18 yrs old	Both	Cerebrospinal Fluid (CSF)	Pubmed_ID: 1303164
89	Acetylcholinesterase	ACHE	P22303	Normal	Diagnostic	18.01 (15.75–20.27) nmol/ml*min	Adult: >=18 yrs old	Both	Cerebrospinal Fluid (CSF)	Pubmed_ID: 1303164
89	Acetylcholinesterase	ACHE	P22303	Organophosphate poisoning	Diagnostic	<31.2 U/g hemoglobin	All	Both	Blood	Mayo clinic: Acetylcholinesterase, Erythrocytes
89	Acetylcholinesterase	ACHE	P22303	Normal	Diagnostic	46.3 (31.2-61.3) U/g hemoglobin	All	Both	Blood	Mayo clinic: Acetylcholinesterase, Erythrocytes
90	Amyloid Beta42		P05067	Alzheimer's Disease	Diagnostic	<1138 pg/ml	Adult: >=18 yrs old	Both	Cerebrospinal Fluid (CSF)	Chernecky, Cynthia C, and Barbara J Berger. Laboratory Tests and Diagnostic Procedures. 6th ed. St. Louis, Mo.: Elsevier/Saunders, 2013.
90	Amyloid Beta42		P05067	Normal	Diagnostic	1675.0 (1250.0–2100.0) pg/ml	Adult: >= 18 yrs old	Both	Cerebrospinal Fluid (CSF)	Chernecky, Cynthia C, and Barbara J Berger. Laboratory Tests and Diagnostic Procedures. 6th ed. St. Louis, Mo.: Elsevier/Saunders, 2013.
90	Amyloid Beta42		P05067	Normal	Diagnostic	50 (20-80) pg/mL	Infant: 0-30 days	Both	Plasma	Mayo Clinic Test Catalog
91	Vasopressin-neurophysin 2-copeptin	AVP	P01185	Autosomal Dominant Neurohypophyseal Diabetes Insipidus	Diagnostic	<0.9 pmol/L	All	Both	Blood	medline
91	Vasopressin-neurophysin 2-copeptin	AVP	P01185	Normal	Diagnostic	2.75 (0.9–4.6) pmol/L	All	Both	serum	medline
91	Vasopressin-neurophysin 2-copeptin	AVP	P01185	Syndrome of inappropriate ADH	Diagnostic	>5 pg/mL	Adult: >=18 yrs old	Both	Blood	University of California San Francisco: Antidiruetic hormone blood test
91	Vasopressin-neurophysin 2-copeptin	AVP	P01185	Normal	Diagnostic	3 (1-5) pg/mL	Adult: >=18 yrs old	Both	Blood	University of Califonia San Francisco: Antidiruetic hormone test
92	Apolipoprotein E	APOE	P02649	Alzheimer's Disease	Diagnostic	43.7 (30.7–56.7) mg/L	Elderly: 65-100+ yrs old	Both	serum	Pubmed_ID: 11071064
92	Apolipoprotein E	APOE	P02649	Normal	Diagnostic	47.4 (34.2–60.6) mg/L	Elderly: 65-100+ yrs old	Both	serum	Pubmed_ID: 11071064
93	Beta-2-microglobulin	B2M	P61769	Multiple Myeloma	Diagnostic	>4 ug/mL	All	Both	serum	Mayo clinic: Beta-2-microglobulin Serum
93	Beta-2-microglobulin	B2M	P61769	Normal	Diagnostic	2 (1.21-2.7) ug/mL	All	Both	serum	Mayo clinic: Beta-2-microglobulin Serum
93	Beta-2-microglobulin	B2M	P61769	Normal	Diagnostic	3.85 (1.89-5.81) mg/L	Infant: 0-<3 months old	Both	Serum	Adeli K, Higgins V, Trajcevski K, White-Al Habeeb N. The Canadian laboratory initiative on pediatric reference intervals: a CALIPER white paper. Crit Rev Cliin Lab Sci. 2017 Sep;54(6):358-413. doi: 10.1080/10408363.2017.1379945. Epub 2017 Oct 11. Erratum in: crit Rev Clin Lab Sci. 2020 Mar;57(2):145. doi: 10.1080/10408363.2019.1704475. PMID: 29017389.
93	Beta-2-microglobulin	B2M	P61769	Normal	Diagnostic	2.925 (1.31-4.54) mg/L	Infant/Children: 3 months - <2 yrs old	Both	Serum	Adeli K, Higgins V, Trajcevski K, White-Al Habeeb N. The Canadian laboratory initiative on pediatric reference intervals: a CALIPER white paper. Crit Rev Cliin Lab Sci. 2017 Sep;54(6):358-413. doi: 10.1080/10408363.2017.1379945. Epub 2017 Oct 11. Erratum in: crit Rev Clin Lab Sci. 2020 Mar;57(2):145. doi: 10.1080/10408363.2019.1704475. PMID: 29017389.
93	Beta-2-microglobulin	B2M	P61769	Normal	Diagnostic	1.72 (1.19-2.25) mg/L	Children/Adolescent: 2-<19 yrs old	Both	Serum	Adeli K, Higgins V, Trajcevski K, White-Al Habeeb N. The Canadian laboratory initiative on pediatric reference intervals: a CALIPER white paper. Crit Rev Cliin Lab Sci. 2017 Sep;54(6):358-413. doi: 10.1080/10408363.2017.1379945. Epub 2017 Oct 11. Erratum in: crit Rev Clin Lab Sci. 2020 Mar;57(2):145. doi: 10.1080/10408363.2019.1704475. PMID: 29017389.
93	Beta-2-microglobulin	B2M	P61769	Normal	Diagnostic	<=300 mcg/L	All	Both	Urine	Mayo Clinic Test Catalog
93	Beta-2-microglobulin	B2M	P61769	Renal Tubular Disorder	Diagnostic	>300 mcg/L	All	Both	Urine	Mayo Clinic Test Catalog
93	Beta-2-microglobulin	B2M	P61769	Normal	Diagnostic	1.25 (0.7-1.8) mcg/mL	All	Both	Cerebrospinal Fluid (CSF)	Mayo Clinic Test Catalog
93	Beta-2-microglobulin	B2M	P61769	Autoimmune Disease	Diagnostic	>1.8 mcg/mL	All	Both	Cerebrospinal Fluid (CSF)	Mayo Clinic Test Catalog
93	Beta-2-microglobulin	B2M	P61769	Normal	Diagnostic	1.955 (1.21-2.7) mcg/mL	All	Both	Serum	Mayo Clinic Test Catalog
93	Beta-2-microglobulin	B2M	P61769	Multiple Myeloma	Diagnostic	>2.7 mcg/mL	All	Both	Serum	Mayo Clinic Test Catalog
93	Beta-2-microglobulin	B2M	P61769	Renal Tubular Disorder	Diagnostic	>2.7 mcg/mL	All	Both	Serum	Mayo Clinic Test Catalog
94	Bone specific alkaline phosphatase	ALPL	P05186	Bone Metastases	Diagnostic	>290 U/L	Adult: >=18 yrs old	Both	Serum	Schindler, F., Lajolo, P. P., Pinczowski, H., Fonseca, F. L., Barbieri, A., Massonetto, L. H., Katto, F. T. & Del Giglio, A. Bone and total alkaline phosphatase for screening skeletal metastasis in patients with solid tumours. Eur J Cancer Care (Engl) 17, 152-156 (2008).
94	Bone specific alkaline phosphatase	ALPL	P05186	Femoral Neck Osteoporsis	Diagnostic	107 (94-129) IU/L	Adult: >=18 yrs old	Female	Serum	Atalay, S., Elci, A., Kayadibi, H., Onder, C. B. & Aka, N. Diagnostic utility of osteocalcin, undercarboxylated osteocalcin, and alkaline phosphatase for osteoporosis in premenopausal and postmenopausal women. Ann Lab Med 32, 23-30 (2012).
94	Bone specific alkaline phosphatase	ALPL	P05186	L1 4 Spine Osteoporosis	Diagnostic	114 (88-130) IU/L	Adult: >=18 yrs old	Female	Serum	Atalay, S., Elci, A., Kayadibi, H., Onder, C. B. & Aka, N. Diagnostic utility of osteocalcin, undercarboxylated osteocalcin, and alkaline phosphatase for osteoporosis in premenopausal and postmenopausal women. Ann Lab Med 32, 23-30 (2012).
94	Bone specific alkaline phosphatase	ALPL	P05186	L2 4 Spine Osteoporosis	Diagnostic	104 (81-129) IU/L	Adult: >=18 yrs old	Female	Serum	Atalay, S., Elci, A., Kayadibi, H., Onder, C. B. & Aka, N. Diagnostic utility of osteocalcin, undercarboxylated osteocalcin, and alkaline phosphatase for osteoporosis in premenopausal and postmenopausal women. Ann Lab Med 32, 23-30 (2012).
94	Bone specific alkaline phosphatase	ALPL	P05186	Paget's Disease of Bone	Diagnostic	>= 44 ug/L	Adult: >=18 yrs old	Female	serum	Jain S., Camacho P.M. (2019) Osteomalacia and Rickets. In: Camacho P. (eds) Metabolic Bone Diseases. Springer, Cham NIH Osteoporosis and Related Bone Diseases - National Resource Center: Paget's Disease of Bone
94	Bone specific alkaline phosphatase	ALPL	P05186	Paget's Disease of Bone	Diagnostic	>= 28 ug/L	Adult: >=18 yrs old	Female	serum	Jain S., Camacho P.M. (2019) Osteomalacia and Rickets. In: Camacho P. (eds) Metabolic Bone Diseases. Springer, Cham NIH Osteoporosis and Related Bone Diseases - National Resource Center: Paget's Disease of Bone
94	Bone specific alkaline phosphatase	ALPL	P05186	Normal	Diagnostic	123.0 (25.0–221.0) ug/L	Infant: 1 wk-2 yrs old	Male	serum	Mayo Clinic Laboratories: Bone Alkaline Phosphatase, Serum
94	Bone specific alkaline phosphatase	ALPL	P05186	Normal	Diagnostic	87.5 (27.0–148.0) ug/L	Children: 2-17 yrs old	Male	serum	Mayo Clinic Laboratories: Bone Alkaline Phosphatase, Serum
94	Bone specific alkaline phosphatase	ALPL	P05186	Normal	Diagnostic	102.0 (35.0–169.0) ug/L	Children: 2-17 yrs old	Male	serum	Mayo Clinic Laboratories: Bone Alkaline Phosphatase, Serum
94	Bone specific alkaline phosphatase	ALPL	P05186	Normal	Diagnostic	62.0 (13.0–111.0) ug/L	Children: 2-17 yrs old	Male	serum	Mayo Clinic Laboratories: Bone Alkaline Phosphatase, Serum
94	Bone specific alkaline phosphatase	ALPL	P05186	Normal	Diagnostic	<=20 ug/L	Adult: >=18 yrs old	Male	serum	Mayo Clinic Laboratories: Bone Alkaline Phosphatase, Serum
94	Bone specific alkaline phosphatase	ALPL	P05186	Normal	Diagnostic	107.5 (28.0–187.0) ug/L	Children: 2-17 yrs old	Female	serum	Mayo Clinic Laboratories: Bone Alkaline Phosphatase, Serum
94	Bone specific alkaline phosphatase	ALPL	P05186	Normal	Diagnostic	122.5 (31.0–214.0) ug/L	Children: 2-17 yrs old	Female	serum	Mayo Clinic Laboratories: Bone Alkaline Phosphatase, Serum
94	Bone specific alkaline phosphatase	ALPL	P05186	Normal	Diagnostic	98.0 (19.0–177.0) ug/L	Children: 2-17 yrs old	Female	serum	Mayo Clinic Laboratories: Bone Alkaline Phosphatase, Serum
94	Bone specific alkaline phosphatase	ALPL	P05186	Normal	Diagnostic	24.0 (7.0–41.0) ug/L	Children: 2-17 yrs old	Female	serum	Mayo Clinic Laboratories: Bone Alkaline Phosphatase, Serum
94	Bone specific alkaline phosphatase	ALPL	P05186	Normal	Diagnostic	<=14 ug/L	Adult: >=18 yrs old	Female	serum	Mayo Clinic Laboratories: Bone Alkaline Phosphatase, Serum
94	Bone specific alkaline phosphatase	ALPL	P05186	Normal	Diagnostic	<=22 ug/L	Adult: >=18 yrs old	Female	serum	Mayo Clinic Laboratories: Bone Alkaline Phosphatase, Serum
94	Bone specific alkaline phosphatase	ALPL	P05186	Osteomalacia	Diagnostic	>20 ug/L	Adult: >=18 yrs old	Male	Serum	Mayo clinic: Bone alkaline phosphatase
94	Bone specific alkaline phosphatase	ALPL	P05186	Normal	Diagnostic	21.19 (18.43-23.95) U/L	Adult: >=18 yrs old	Both	Blood	Schindler, F., Lajolo, P. P., Pinczowski, H., Fonseca, F. L., Barbieri, A., Massonetto, L. H., Katto, F. T. & Del Giglio, A. Bone and total alkaline phosphatase for screening skeletal metastasis in patients with solid tumours. Eur J Cancer Care (Engl) 17, 152-156 (2008).
94	Bone specific alkaline phosphatase	ALPL	P05186	Normal	Diagnostic	21.19 (18.43-23.95) U/L	Adult: >=18 yrs old	Both	Blood	Schindler, F., Lajolo, P. P., Pinczowski, H., Fonseca, F. L., Barbieri, A., Massonetto, L. H., Katto, F. T. & Del Giglio, A. Bone and total alkaline phosphatase for screening skeletal metastasis in patients with solid tumours. Eur J Cancer Care (Engl) 17, 152-156 (2008).
94	Bone specific alkaline phosphatase	ALPL	P05186	Normal	Diagnostic	21.19 (18.43-23.95) U/L	Adult: >=18 yrs old	Both	Blood	Schindler, F., Lajolo, P. P., Pinczowski, H., Fonseca, F. L., Barbieri, A., Massonetto, L. H., Katto, F. T. & Del Giglio, A. Bone and total alkaline phosphatase for screening skeletal metastasis in patients with solid tumours. Eur J Cancer Care (Engl) 17, 152-156 (2008).
94	Bone specific alkaline phosphatase	ALPL	P05186	Normal	Diagnostic	21.19 (18.43-23.95) U/L	Adult: >=18 yrs old	Both	Blood	Schindler, F., Lajolo, P. P., Pinczowski, H., Fonseca, F. L., Barbieri, A., Massonetto, L. H., Katto, F. T. & Del Giglio, A. Bone and total alkaline phosphatase for screening skeletal metastasis in patients with solid tumours. Eur J Cancer Care (Engl) 17, 152-156 (2008).
94	Bone specific alkaline phosphatase	ALPL	P05186	Osteomalacia	Diagnostic	>=44 ug/L	Adult: >=18 yrs old	Female	serum	Mayo Clinic Laboratories: Bone Alkaline Phosphatase, Serum
94	Bone specific alkaline phosphatase	ALPL	P05186	Normal	Diagnostic	<=14 ug/L	Adult: >=18 yrs old	Female	serum	Mayo Clinic Laboratories: Bone Alkaline Phosphatase, Serum
94	Bone specific alkaline phosphatase	ALPL	P05186	Osteomalacia	Diagnostic	>=28 ug/L	Adult: >=18 yrs old	Female	serum	Mayo Clinic Laboratories: Bone Alkaline Phosphatase, Serum
94	Bone specific alkaline phosphatase	ALPL	P05186	Normal	Diagnostic	<=22 ug/L	Adult: >=18 yrs old	Female	serum	Mayo Clinic Laboratories: Bone Alkaline Phosphatase, Serum
94	Bone specific alkaline phosphatase	ALPL	P05186	Paget's Disease of Bone	Diagnostic	>20 ug/L	Adult: >=18 yrs old	Male	serum	Mayo Clinic Laboratories: Bone Alkaline Phosphatase, Serum
94	Bone specific alkaline phosphatase	ALPL	P05186	Normal	Diagnostic	<=20 ug/L	Adult: >=18 yrs old	Male	serum	Mayo Clinic Laboratories: Bone Alkaline Phosphatase, Serum
94	Bone specific alkaline phosphatase	ALPL	P05186	Normal	Diagnostic	123 (25-221) mcg/L	Infant & Children: <2 yrs	Male	Serum	Mayo Clinic Test Catalog
94	Bone specific alkaline phosphatase	ALPL	P05186	Normal	Diagnostic	87.5 (27-148) mcg/L	Children: 2-9 yrs	Male	Serum	Mayo Clinic Test Catalog
94	Bone specific alkaline phosphatase	ALPL	P05186	Normal	Diagnostic	102 (35-169) mcg/L	Children: 10-13 yrs	Male	Serum	Mayo Clinic Test Catalog
94	Bone specific alkaline phosphatase	ALPL	P05186	Normal	Diagnostic	62 (13-111) mcg/L	Children: 14-17 yrs	Male	Serum	Mayo Clinic Test Catalog
94	Bone specific alkaline phosphatase	ALPL	P05186	Normal	Diagnostic	<=20 mcg/L	Adult: >=18 yrs	Male	Serum	Mayo Clinic Test Catalog
94	Bone specific alkaline phosphatase	ALPL	P05186	Normal	Diagnostic	107.5 (28-187) mcg/L	Infant & Children: <2 yrs	Female	Serum	Mayo Clinic Test Catalog
94	Bone specific alkaline phosphatase	ALPL	P05186	Normal	Diagnostic	91.5 (31-152) mcg/L	Children: 2-9 yrs	Female	Serum	Mayo Clinic Test Catalog
94	Bone specific alkaline phosphatase	ALPL	P05186	Normal	Diagnostic	98 (19-177) mcg/L	Children: 10-13 yrs	Female	Serum	Mayo Clinic Test Catalog
94	Bone specific alkaline phosphatase	ALPL	P05186	Normal	Diagnostic	24 (7-41) mcg/L	Children: 14-17 yrs	Female	Serum	Mayo Clinic Test Catalog
94	Bone specific alkaline phosphatase	ALPL	P05186	Normal	Diagnostic	<=14 mcg/L	Adult: >=18 yrs	Female	Serum	Mayo Clinic Test Catalog
94	Bone specific alkaline phosphatase	ALPL	P05186	Normal	Diagnostic	<=22 mcg/L	Adult: >=18 yrs	Female	Serum	Mayo Clinic Test Catalog
94	Bone specific alkaline phosphatase	ALPL	P05186	Paget's Disease of Bone	Diagnostic	>221 mcg/L	Infant & Children: <2 yrs	Male	Serum	Mayo Clinic Test Catalog
94	Bone specific alkaline phosphatase	ALPL	P05186	Paget's Disease of Bone	Diagnostic	>148 mcg/L	Children: 2-9 yrs	Male	Serum	Mayo Clinic Test Catalog
94	Bone specific alkaline phosphatase	ALPL	P05186	Paget's Disease of Bone	Diagnostic	>169 mcg/L	Children: 10-13 yrs	Male	Serum	Mayo Clinic Test Catalog
94	Bone specific alkaline phosphatase	ALPL	P05186	Paget's Disease of Bone	Diagnostic	>111 mcg/L	Children: 14-17 yrs	Male	Serum	Mayo Clinic Test Catalog
94	Bone specific alkaline phosphatase	ALPL	P05186	Paget's Disease of Bone	Diagnostic	>21 mcg/L	Adult: >=18 yrs	Male	Serum	Mayo Clinic Test Catalog
94	Bone specific alkaline phosphatase	ALPL	P05186	Paget's Disease of Bone	Diagnostic	>187 mcg/L	Infant & Children: <2 yrs	Female	Serum	Mayo Clinic Test Catalog
94	Bone specific alkaline phosphatase	ALPL	P05186	Paget's Disease of Bone	Diagnostic	>152 mcg/L	Children: 2-9 yrs	Female	Serum	Mayo Clinic Test Catalog
94	Bone specific alkaline phosphatase	ALPL	P05186	Paget's Disease of Bone	Diagnostic	>177 mcg/L	Children: 10-13 yrs	Female	Serum	Mayo Clinic Test Catalog
94	Bone specific alkaline phosphatase	ALPL	P05186	Paget's Disease of Bone	Diagnostic	>41 mcg/L	Children: 14-17 yrs	Female	Serum	Mayo Clinic Test Catalog
94	Bone specific alkaline phosphatase	ALPL	P05186	Paget's Disease of Bone	Diagnostic	>15 mcg/L	Adult: >=18 yrs	Female	Serum	Mayo Clinic Test Catalog
94	Bone specific alkaline phosphatase	ALPL	P05186	Paget's Disease of Bone	Diagnostic	>23 mcg/L	Adult: >=18 yrs	Female	Serum	Mayo Clinic Test Catalog
95	Brain natriuretic peptide		P16860	Congestive Heart Failure	Diagnostic	>2150 pmol/L	Adult: >=18 yrs old	Both	Serum	Collins, S. P., Ronan-Bentle, S. & Storrow, A. B. Diagnostic and prognostic usefulness of natriuretic peptides in emergency department patients with dyspnea. Ann Emerg Med 41, 532-545 (2003).
95	Brain natriuretic peptide		P16860	Congestive Heart Failure	Diagnostic	>100 pg/mL	Adult: >=18 yrs old	Both	Blood	US NLM MedlinePlus: Brain natriuretic peptide test
95	Brain natriuretic peptide		P16860	Normal	Diagnostic	<100 pg/mL	Adult: >=18 yrs old	Both	Blood	US NLM MedlinePlus: Brain natriuretic peptide test
95	Brain natriuretic peptide		P16860	Normal	Diagnostic	<2150 pmol/L	Adult: >=18 yrs old	Both	Serum	Collins, S. P., Ronan-Bentle, S. & Storrow, A. B. Diagnostic and prognostic usefulness of natriuretic peptides in emergency department patients with dyspnea. Ann Emerg Med 41, 532-545 (2003).
95	Brain natriuretic peptide		P16860	Normal	Diagnostic	811.8 (29.6-1594) ng/L	Infant: 0-<1 yrs old	Both	Serum	Adeli K, Higgins V, Trajcevski K, White-Al Habeeb N. The Canadian laboratory initiative on pediatric reference intervals: a CALIPER white paper. Crit Rev Cliin Lab Sci. 2017 Sep;54(6):358-413. doi: 10.1080/10408363.2017.1379945. Epub 2017 Oct 11. Erratum in: crit Rev Clin Lab Sci. 2020 Mar;57(2):145. doi: 10.1080/10408363.2019.1704475. PMID: 29017389.
95	Brain natriuretic peptide		P16860	Normal	Diagnostic	112.5 (11-214) ng/L	Children/Adolescent: 1-<19 yrs old	Both	Serum	Adeli K, Higgins V, Trajcevski K, White-Al Habeeb N. The Canadian laboratory initiative on pediatric reference intervals: a CALIPER white paper. Crit Rev Cliin Lab Sci. 2017 Sep;54(6):358-413. doi: 10.1080/10408363.2017.1379945. Epub 2017 Oct 11. Erratum in: crit Rev Clin Lab Sci. 2020 Mar;57(2):145. doi: 10.1080/10408363.2019.1704475. PMID: 29017389.
95	Brain natriuretic peptide		P16860	Normal	Diagnostic	<=35 pg/mL	Infant & Children & Adult: <=45 yrs	Male	Plasma	Mayo Clinic Test Catalog
95	Brain natriuretic peptide		P16860	Normal	Diagnostic	<=36 pg/mL	Adult: 46 yrs	Male	Plasma	Mayo Clinic Test Catalog
95	Brain natriuretic peptide		P16860	Normal	Diagnostic	<=37 pg/mL	Adult: 47 yrs	Male	Plasma	Mayo Clinic Test Catalog
95	Brain natriuretic peptide		P16860	Normal	Diagnostic	<=38 pg/mL	Adult: 48 yrs	Male	Plasma	Mayo Clinic Test Catalog
95	Brain natriuretic peptide		P16860	Normal	Diagnostic	<=39 pg/mL	Adult: 49 yrs	Male	Plasma	Mayo Clinic Test Catalog
95	Brain natriuretic peptide		P16860	Normal	Diagnostic	<=40 pg/mL	Adult: 50 yrs	Male	Plasma	Mayo Clinic Test Catalog
95	Brain natriuretic peptide		P16860	Normal	Diagnostic	<=41 pg/mL	Adult: 51 yrs	Male	Plasma	Mayo Clinic Test Catalog
95	Brain natriuretic peptide		P16860	Normal	Diagnostic	<=42 pg/mL	Adult: 52 yrs	Male	Plasma	Mayo Clinic Test Catalog
95	Brain natriuretic peptide		P16860	Normal	Diagnostic	<=43 pg/mL	Adult: 53 yrs	Male	Plasma	Mayo Clinic Test Catalog
95	Brain natriuretic peptide		P16860	Normal	Diagnostic	<=45 pg/mL	Adult: 54 yrs	Male	Plasma	Mayo Clinic Test Catalog
95	Brain natriuretic peptide		P16860	Normal	Diagnostic	<=46 pg/mL	Adult: 55 yrs	Male	Plasma	Mayo Clinic Test Catalog
95	Brain natriuretic peptide		P16860	Normal	Diagnostic	<=47 pg/mL	Adult: 56 yrs	Male	Plasma	Mayo Clinic Test Catalog
95	Brain natriuretic peptide		P16860	Normal	Diagnostic	<=48 pg/mL	Adult: 57 yrs	Male	Plasma	Mayo Clinic Test Catalog
95	Brain natriuretic peptide		P16860	Normal	Diagnostic	<=49 pg/mL	Adult: 58 yrs	Male	Plasma	Mayo Clinic Test Catalog
95	Brain natriuretic peptide		P16860	Normal	Diagnostic	<=51 pg/mL	Adult: 59 yrs	Male	Plasma	Mayo Clinic Test Catalog
95	Brain natriuretic peptide		P16860	Normal	Diagnostic	<=52 pg/mL	Adult: 60 yrs	Male	Plasma	Mayo Clinic Test Catalog
95	Brain natriuretic peptide		P16860	Normal	Diagnostic	<=53 pg/mL	Adult: 61 yrs	Male	Plasma	Mayo Clinic Test Catalog
95	Brain natriuretic peptide		P16860	Normal	Diagnostic	<=55 pg/mL	Adult: 62 yrs	Male	Plasma	Mayo Clinic Test Catalog
95	Brain natriuretic peptide		P16860	Normal	Diagnostic	<=56 pg/mL	Adult: 63 yrs	Male	Plasma	Mayo Clinic Test Catalog
95	Brain natriuretic peptide		P16860	Normal	Diagnostic	<=57 pg/mL	Adult: 64 yrs	Male	Plasma	Mayo Clinic Test Catalog
95	Brain natriuretic peptide		P16860	Normal	Diagnostic	<=59 pg/mL	Adult: 65 yrs	Male	Plasma	Mayo Clinic Test Catalog
95	Brain natriuretic peptide		P16860	Normal	Diagnostic	<=60 pg/mL	Adult: 66 yrs	Male	Plasma	Mayo Clinic Test Catalog
95	Brain natriuretic peptide		P16860	Normal	Diagnostic	<=62 pg/mL	Adult: 67 yrs	Male	Plasma	Mayo Clinic Test Catalog
95	Brain natriuretic peptide		P16860	Normal	Diagnostic	<=64 pg/mL	Adult; 68 yrs	Male	Plasma	Mayo Clinic Test Catalog
95	Brain natriuretic peptide		P16860	Normal	Diagnostic	<=65 pg/mL	Adult: 69 yrs	Male	Plasma	Mayo Clinic Test Catalog
95	Brain natriuretic peptide		P16860	Normal	Diagnostic	<=67 pg/mL	Adult: 70 yrs	Male	Plasma	Mayo Clinic Test Catalog
95	Brain natriuretic peptide		P16860	Normal	Diagnostic	<=69 pg/mL	Adult: 71 yrs	Male	Plasma	Mayo Clinic Test Catalog
95	Brain natriuretic peptide		P16860	Normal	Diagnostic	<=70 pg/mL	Adult: 72 yrs	Male	Plasma	Mayo Clinic Test Catalog
95	Brain natriuretic peptide		P16860	Normal	Diagnostic	<=72 pg/mL	Adult: 73 yrs	Male	Plasma	Mayo Clinic Test Catalog
95	Brain natriuretic peptide		P16860	Normal	Diagnostic	<=74 pg/mL	Adult: 74 yrs	Male	Plasma	Mayo Clinic Test Catalog
95	Brain natriuretic peptide		P16860	Normal	Diagnostic	<=76 pg/mL	Adult: 75 yrs	Male	Plasma	Mayo Clinic Test Catalog
95	Brain natriuretic peptide		P16860	Normal	Diagnostic	<=78 pg/mL	Adult: 76 yrs	Male	Plasma	Mayo Clinic Test Catalog
95	Brain natriuretic peptide		P16860	Normal	Diagnostic	<=80 pg/mL	Adult: 77 yrs	Male	Plasma	Mayo Clinic Test Catalog
95	Brain natriuretic peptide		P16860	Normal	Diagnostic	<=82 pg/mL	Adult: 78 yrs	Male	Plasma	Mayo Clinic Test Catalog
95	Brain natriuretic peptide		P16860	Normal	Diagnostic	<=84 pg/mL	Adult: 79 yrs	Male	Plasma	Mayo Clinic Test Catalog
95	Brain natriuretic peptide		P16860	Normal	Diagnostic	<=86 pg/mL	Adult: 80 yrs	Male	Plasma	Mayo Clinic Test Catalog
95	Brain natriuretic peptide		P16860	Normal	Diagnostic	<=88 pg/mL	Adult: 81 yrs	Male	Plasma	Mayo Clinic Test Catalog
95	Brain natriuretic peptide		P16860	Normal	Diagnostic	<=91 pg/mL	Adult: 82 yrs	Male	Plasma	Mayo Clinic Test Catalog
95	Brain natriuretic peptide		P16860	Normal	Diagnostic	<=93 pg/mL	Adult: >=83 yrs	Male	Plasma	Mayo Clinic Test Catalog
95	Brain natriuretic peptide		P16860	Normal	Diagnostic	<=64 pg/mL	Infant & Children & Adult: <=45 yrs	Female	Plasma	Mayo Clinic Test Catalog
95	Brain natriuretic peptide		P16860	Normal	Diagnostic	<=66 pg/mL	Adult: 46 yrs	Female	Plasma	Mayo Clinic Test Catalog
95	Brain natriuretic peptide		P16860	Normal	Diagnostic	<=67 pg/mL	Adult: 47 yrs	Female	Plasma	Mayo Clinic Test Catalog
95	Brain natriuretic peptide		P16860	Normal	Diagnostic	<=69 pg/mL	Adult: 48 yrs	Female	Plasma	Mayo Clinic Test Catalog
95	Brain natriuretic peptide		P16860	Normal	Diagnostic	<=71 pg/mL	Adult: 49 yrs	Female	Plasma	Mayo Clinic Test Catalog
95	Brain natriuretic peptide		P16860	Normal	Diagnostic	<=73 pg/mL	Adult: 50 yrs	Female	Plasma	Mayo Clinic Test Catalog
95	Brain natriuretic peptide		P16860	Normal	Diagnostic	<=74 pg/mL	Adult: 51 yrs	Female	Plasma	Mayo Clinic Test Catalog
95	Brain natriuretic peptide		P16860	Normal	Diagnostic	<=76 pg/mL	Adult: 52 yrs	Female	Plasma	Mayo Clinic Test Catalog
95	Brain natriuretic peptide		P16860	Normal	Diagnostic	<=78 pg/mL	Adult: 53 yrs	Female	Plasma	Mayo Clinic Test Catalog
95	Brain natriuretic peptide		P16860	Normal	Diagnostic	<=80 pg/mL	Adult: 54 yrs	Female	Plasma	Mayo Clinic Test Catalog
95	Brain natriuretic peptide		P16860	Normal	Diagnostic	<=82 pg/mL	Adult: 55 yrs	Female	Plasma	Mayo Clinic Test Catalog
95	Brain natriuretic peptide		P16860	Normal	Diagnostic	<=84 pg/mL	Adult: 56 yrs	Female	Plasma	Mayo Clinic Test Catalog
95	Brain natriuretic peptide		P16860	Normal	Diagnostic	<=87 pg/mL	Adult: 57 yrs	Female	Plasma	Mayo Clinic Test Catalog
95	Brain natriuretic peptide		P16860	Normal	Diagnostic	<=89 pg/mL	Adult: 58 yrs	Female	Plasma	Mayo Clinic Test Catalog
95	Brain natriuretic peptide		P16860	Normal	Diagnostic	<=91 pg/mL	Adult: 59 yrs	Female	Plasma	Mayo Clinic Test Catalog
95	Brain natriuretic peptide		P16860	Normal	Diagnostic	<=93 pg/mL	Adult: 60 yrs	Female	Plasma	Mayo Clinic Test Catalog
95	Brain natriuretic peptide		P16860	Normal	Diagnostic	<=96 pg/mL	Adult: 61 yrs	Female	Plasma	Mayo Clinic Test Catalog
95	Brain natriuretic peptide		P16860	Normal	Diagnostic	<=98 pg/mL	Adult: 62 yrs	Female	Plasma	Mayo Clinic Test Catalog
95	Brain natriuretic peptide		P16860	Normal	Diagnostic	<=101 pg/mL	Adult: 63 yrs	Female	Plasma	Mayo Clinic Test Catalog
95	Brain natriuretic peptide		P16860	Normal	Diagnostic	<=103 pg/mL	Adult: 64 yrs	Female	Plasma	Mayo Clinic Test Catalog
95	Brain natriuretic peptide		P16860	Normal	Diagnostic	<=106 pg/mL	Adult: 65 yrs	Female	Plasma	Mayo Clinic Test Catalog
95	Brain natriuretic peptide		P16860	Normal	Diagnostic	<=109 pg/mL	Adult: 66 yrs	Female	Plasma	Mayo Clinic Test Catalog
95	Brain natriuretic peptide		P16860	Normal	Diagnostic	<=112 pg/mL	Adult: 67 yrs	Female	Plasma	Mayo Clinic Test Catalog
95	Brain natriuretic peptide		P16860	Normal	Diagnostic	<=114 pg/mL	Adult; 68 yrs	Female	Plasma	Mayo Clinic Test Catalog
95	Brain natriuretic peptide		P16860	Normal	Diagnostic	<=117 pg/mL	Adult: 69 yrs	Female	Plasma	Mayo Clinic Test Catalog
95	Brain natriuretic peptide		P16860	Normal	Diagnostic	<=120 pg/mL	Adult: 70 yrs	Female	Plasma	Mayo Clinic Test Catalog
95	Brain natriuretic peptide		P16860	Normal	Diagnostic	<=123 pg/mL	Adult: 71 yrs	Female	Plasma	Mayo Clinic Test Catalog
95	Brain natriuretic peptide		P16860	Normal	Diagnostic	<=127 pg/mL	Adult: 72 yrs	Female	Plasma	Mayo Clinic Test Catalog
95	Brain natriuretic peptide		P16860	Normal	Diagnostic	<=130 pg/mL	Adult: 73 yrs	Female	Plasma	Mayo Clinic Test Catalog
95	Brain natriuretic peptide		P16860	Normal	Diagnostic	<=133 pg/mL	Adult: 74 yrs	Female	Plasma	Mayo Clinic Test Catalog
95	Brain natriuretic peptide		P16860	Normal	Diagnostic	<=137 pg/mL	Adult: 75 yrs	Female	Plasma	Mayo Clinic Test Catalog
95	Brain natriuretic peptide		P16860	Normal	Diagnostic	<=140 pg/mL	Adult: 76 yrs	Female	Plasma	Mayo Clinic Test Catalog
95	Brain natriuretic peptide		P16860	Normal	Diagnostic	<=144 pg/mL	Adult: 77 yrs	Female	Plasma	Mayo Clinic Test Catalog
95	Brain natriuretic peptide		P16860	Normal	Diagnostic	<=147 pg/mL	Adult: 78 yrs	Female	Plasma	Mayo Clinic Test Catalog
95	Brain natriuretic peptide		P16860	Normal	Diagnostic	<=151 pg/mL	Adult: 79 yrs	Female	Plasma	Mayo Clinic Test Catalog
95	Brain natriuretic peptide		P16860	Normal	Diagnostic	<=155 pg/mL	Adult: 80 yrs	Female	Plasma	Mayo Clinic Test Catalog
95	Brain natriuretic peptide		P16860	Normal	Diagnostic	<=159 pg/mL	Adult: 81 yrs	Female	Plasma	Mayo Clinic Test Catalog
95	Brain natriuretic peptide		P16860	Normal	Diagnostic	<=163 pg/mL	Adult: 82 yrs	Female	Plasma	Mayo Clinic Test Catalog
95	Brain natriuretic peptide		P16860	Normal	Diagnostic	<=167 pg/mL	Adult: >=83 yrs	Female	Plasma	Mayo Clinic Test Catalog
95	Brain natriuretic peptide		P16860	Congestive Heart Failure	Diagnostic	300 (200-400) pg/mL	All	Both	Plasma	Mayo Clinic Test Catalog
96	Butyrylcholinesterase	BCHE	P06276	Liver Disease	Diagnostic	2819.05 (1649.86–3988.24) IU/L	Adult: >=18 yrs old	Both	serum	Pubmed_ID: 16530396
96	Butyrylcholinesterase	BCHE	P06276	Normal	Diagnostic	8014 (6203.33-9824.67) IU/L	Adult: >=18 yrs old	Both	serum	Pubmed_ID: 16530396
96	Butyrylcholinesterase	BCHE	P06276	Organophosphate poisoning	Diagnostic	<5320 U/L	Adult: >=18 yrs old	Male	serum	Mayo clinic: Pseudocholinesterase, serum
96	Butyrylcholinesterase	BCHE	P06276	Normal	Diagnostic	9120 (5320-12920) U/L	Adult: >=18 yrs old	Male	serum	Mayo clinic: Pseudocholinesterase, serum
96	Butyrylcholinesterase	BCHE	P06276	Organophosphate poisoning	Diagnostic	<4260 U/L	Adult: >=18 yrs old	Female	serum	Mayo clinic: Pseudocholinesterase, serum
96	Butyrylcholinesterase	BCHE	P06276	Normal	Diagnostic	8590 (4260-12920) U/L	Adult: >=18 yrs old	Female	serum	Mayo clinic: Pseudocholinesterase, serum
96	Butyrylcholinesterase	BCHE	P06276	Normal	Diagnostic	7071.5 (4421-9722) U/L	Infant: 0-<15 days old	Female	Serum	Adeli K, Higgins V, Trajcevski K, White-Al Habeeb N. The Canadian laboratory initiative on pediatric reference intervals: a CALIPER white paper. Crit Rev Cliin Lab Sci. 2017 Sep;54(6):358-413. doi: 10.1080/10408363.2017.1379945. Epub 2017 Oct 11. Erratum in: crit Rev Clin Lab Sci. 2020 Mar;57(2):145. doi: 10.1080/10408363.2019.1704475. PMID: 29017389.
96	Butyrylcholinesterase	BCHE	P06276	Normal	Diagnostic	10604.5 (5182-16027) U/L	Infant: 15 days - 1 yr old	Female	Serum	Adeli K, Higgins V, Trajcevski K, White-Al Habeeb N. The Canadian laboratory initiative on pediatric reference intervals: a CALIPER white paper. Crit Rev Cliin Lab Sci. 2017 Sep;54(6):358-413. doi: 10.1080/10408363.2017.1379945. Epub 2017 Oct 11. Erratum in: crit Rev Clin Lab Sci. 2020 Mar;57(2):145. doi: 10.1080/10408363.2019.1704475. PMID: 29017389.
96	Butyrylcholinesterase	BCHE	P06276	Normal	Diagnostic	11487.5 (7769-15206) U/L	Children/Adolescent: 1-<17 yrs old	Female	Serum	Adeli K, Higgins V, Trajcevski K, White-Al Habeeb N. The Canadian laboratory initiative on pediatric reference intervals: a CALIPER white paper. Crit Rev Cliin Lab Sci. 2017 Sep;54(6):358-413. doi: 10.1080/10408363.2017.1379945. Epub 2017 Oct 11. Erratum in: crit Rev Clin Lab Sci. 2020 Mar;57(2):145. doi: 10.1080/10408363.2019.1704475. PMID: 29017389.
96	Butyrylcholinesterase	BCHE	P06276	Normal	Diagnostic	9207.5 (7511-10904) U/L	Adolescent: 17-<19 yrs old	Female	Serum	Adeli K, Higgins V, Trajcevski K, White-Al Habeeb N. The Canadian laboratory initiative on pediatric reference intervals: a CALIPER white paper. Crit Rev Cliin Lab Sci. 2017 Sep;54(6):358-413. doi: 10.1080/10408363.2017.1379945. Epub 2017 Oct 11. Erratum in: crit Rev Clin Lab Sci. 2020 Mar;57(2):145. doi: 10.1080/10408363.2019.1704475. PMID: 29017389.
96	Butyrylcholinesterase	BCHE	P06276	Normal	Diagnostic	7071.5 (4421-9722) U/L	Infant: 0-<15 days old	Male	Serum	Adeli K, Higgins V, Trajcevski K, White-Al Habeeb N. The Canadian laboratory initiative on pediatric reference intervals: a CALIPER white paper. Crit Rev Cliin Lab Sci. 2017 Sep;54(6):358-413. doi: 10.1080/10408363.2017.1379945. Epub 2017 Oct 11. Erratum in: crit Rev Clin Lab Sci. 2020 Mar;57(2):145. doi: 10.1080/10408363.2019.1704475. PMID: 29017389.
96	Butyrylcholinesterase	BCHE	P06276	Normal	Diagnostic	10604.5 (5182-16027) U/L	Infant: 15 days - 1 yr old	Male	Serum	Adeli K, Higgins V, Trajcevski K, White-Al Habeeb N. The Canadian laboratory initiative on pediatric reference intervals: a CALIPER white paper. Crit Rev Cliin Lab Sci. 2017 Sep;54(6):358-413. doi: 10.1080/10408363.2017.1379945. Epub 2017 Oct 11. Erratum in: crit Rev Clin Lab Sci. 2020 Mar;57(2):145. doi: 10.1080/10408363.2019.1704475. PMID: 29017389.
96	Butyrylcholinesterase	BCHE	P06276	Normal	Diagnostic	11487.5 (7769-15206) U/L	Children/Adolescent: 1-<17 yrs old	Male	Serum	Adeli K, Higgins V, Trajcevski K, White-Al Habeeb N. The Canadian laboratory initiative on pediatric reference intervals: a CALIPER white paper. Crit Rev Cliin Lab Sci. 2017 Sep;54(6):358-413. doi: 10.1080/10408363.2017.1379945. Epub 2017 Oct 11. Erratum in: crit Rev Clin Lab Sci. 2020 Mar;57(2):145. doi: 10.1080/10408363.2019.1704475. PMID: 29017389.
96	Butyrylcholinesterase	BCHE	P06276	Normal	Diagnostic	10412.5 (8186-12639) U/L	Adolescent: 17-<19 yrs old	Male	Serum	Adeli K, Higgins V, Trajcevski K, White-Al Habeeb N. The Canadian laboratory initiative on pediatric reference intervals: a CALIPER white paper. Crit Rev Cliin Lab Sci. 2017 Sep;54(6):358-413. doi: 10.1080/10408363.2017.1379945. Epub 2017 Oct 11. Erratum in: crit Rev Clin Lab Sci. 2020 Mar;57(2):145. doi: 10.1080/10408363.2019.1704475. PMID: 29017389.
96	Butyrylcholinesterase	BCHE	P06276	Normal	Diagnostic	1637.5 (797-2478) U/L	Infant: 0-<1 month old	Both	Serum	Adeli K, Higgins V, Trajcevski K, White-Al Habeeb N. The Canadian laboratory initiative on pediatric reference intervals: a CALIPER white paper. Crit Rev Cliin Lab Sci. 2017 Sep;54(6):358-413. doi: 10.1080/10408363.2017.1379945. Epub 2017 Oct 11. Erratum in: crit Rev Clin Lab Sci. 2020 Mar;57(2):145. doi: 10.1080/10408363.2019.1704475. PMID: 29017389.
96	Butyrylcholinesterase	BCHE	P06276	Normal	Diagnostic	2401.5 (1523-3280) U/L	Infant/Adolescent: 1 month - <19 yrs old	Both	Serum	Adeli K, Higgins V, Trajcevski K, White-Al Habeeb N. The Canadian laboratory initiative on pediatric reference intervals: a CALIPER white paper. Crit Rev Cliin Lab Sci. 2017 Sep;54(6):358-413. doi: 10.1080/10408363.2017.1379945. Epub 2017 Oct 11. Erratum in: crit Rev Clin Lab Sci. 2020 Mar;57(2):145. doi: 10.1080/10408363.2019.1704475. PMID: 29017389.
96	Butyrylcholinesterase	BCHE	P06276	Pseudocholinesterase Deficiency	Diagnostic	<5320 U/L	All	Male	Serum	Mayo Clinic Test Catalog
96	Butyrylcholinesterase	BCHE	P06276	Pseudocholinesterase Deficiency	Diagnostic	<5320 U/L	Infant & Children: 0-15 yrs	Female	Serum	Mayo Clinic Test Catalog
96	Butyrylcholinesterase	BCHE	P06276	Pseudocholinesterase Deficiency	Diagnostic	<4260 U/L	Children & Adult: 16-39 yrs	Female	Serum	Mayo Clinic Test Catalog
96	Butyrylcholinesterase	BCHE	P06276	Pseudocholinesterase Deficiency	Diagnostic	<5320 U/L	Adult: >=40 yrs	Female	Serum	Mayo Clinic Test Catalog
99	CA 19-9 tumor marker		Q969X2	Intestinal Included Gastric Cancer	Diagnostic	> 11 U/mL U/mL	Adult: >=18 yrs old	Both	Blood	Chernecky, Cynthia C, and Barbara J Berger. Laboratory Tests and Diagnostic Procedures. 6th ed. St. Louis, Mo.: Elsevier/Saunders, 2013.
99	CA 19-9 tumor marker		Q969X2	Normal	Diagnostic	< 11 U/mL U/mL	Adult: >=18 yrs old	Both	Blood	Chernecky, Cynthia C, and Barbara J Berger. Laboratory Tests and Diagnostic Procedures. 6th ed. St. Louis, Mo.: Elsevier/Saunders, 2013.
99	CA 19-9 tumor marker		Q969X2	Cancer	Diagnostic	>37 U/mL	Adult: >=18 yrs old	Both	serum	University of Rochester Medical Center: CA19-9
99	CA 19-9 tumor marker		Q969X2	Normal	Diagnostic	<37 U/mL	Adult: >=18 yrs old	Both	serum	University of Rochester Medical Center: CA19-9
99	CA 19-9 tumor marker		Q969X2	Normal	Diagnostic	32 (0-64) kU/L	Infant: 0-<1 yrs old	Both	Serum	Adeli K, Higgins V, Trajcevski K, White-Al Habeeb N. The Canadian laboratory initiative on pediatric reference intervals: a CALIPER white paper. Crit Rev Cliin Lab Sci. 2017 Sep;54(6):358-413. doi: 10.1080/10408363.2017.1379945. Epub 2017 Oct 11. Erratum in: crit Rev Clin Lab Sci. 2020 Mar;57(2):145. doi: 10.1080/10408363.2019.1704475. PMID: 29017389.
99	CA 19-9 tumor marker		Q969X2	Normal	Diagnostic	20.5 (0-41) kU/L	Children/Adolescent: 1-<19 yrs old	Both	Serum	Adeli K, Higgins V, Trajcevski K, White-Al Habeeb N. The Canadian laboratory initiative on pediatric reference intervals: a CALIPER white paper. Crit Rev Cliin Lab Sci. 2017 Sep;54(6):358-413. doi: 10.1080/10408363.2017.1379945. Epub 2017 Oct 11. Erratum in: crit Rev Clin Lab Sci. 2020 Mar;57(2):145. doi: 10.1080/10408363.2019.1704475. PMID: 29017389.
99	CA 19-9 tumor marker		Q969X2	Pancreatic Cancer	Prognostic	>=1000 IU/mL 	Adult: >=18 yrs old	Both	Serum	Pubmed_ID: 28345594
99	CA 19-9 tumor marker		Q969X2	Normal	Prognostic	<1000  IU/mL 	Adult: >=18 yrs old	Both	Serum	Pubmed_ID: 28345594
100	Calcitonin	CALCA	P01258	Familial Medullary Thyroid Carcinoma	Diagnostic	>120 pg/mL	Adult: >=18 yrs old	Female	serum	Laboratory Tests and Diagnostic Procedures , 266-432
100	Calcitonin	CALCA	P01258	Normal	Diagnostic	<100 pg/mL	Adult: >=18 yrs old	Both	serum	Laboratory Tests and Diagnostic Procedures , 266-432
100	Calcitonin	CALCA	P01258	Familial Medullary Thyroid Carcinoma	Diagnostic	>265 ng/mL	Adult: >=18 yrs old	Male	serum	Laboratory Tests and Diagnostic Procedures , 266-432
100	Calcitonin	CALCA	P01258	Normal	Diagnostic	<=34 pg/mL	Infant: 1 mo	Both	Serum	Mayo Clinic Test Catalog
100	Calcitonin	CALCA	P01258	Normal	Diagnostic	<=31 pg/mL	Infant: 2 mos	Both	Serum	Mayo Clinic Test Catalog
100	Calcitonin	CALCA	P01258	Normal	Diagnostic	<=28 pg/mL	Infant: 3 mos	Both	Serum	Mayo Clinic Test Catalog
100	Calcitonin	CALCA	P01258	Normal	Diagnostic	<=26 pg/mL	Infant: 4 mos	Both	Serum	Mayo Clinic Test Catalog
100	Calcitonin	CALCA	P01258	Normal	Diagnostic	<=24 pg/mL	Infant: 5 mos	Both	Serum	Mayo Clinic Test Catalog
100	Calcitonin	CALCA	P01258	Normal	Diagnostic	<=22 pg/mL	Infant: 6 mos	Both	Serum	Mayo Clinic Test Catalog
100	Calcitonin	CALCA	P01258	Normal	Diagnostic	<=20 pg/mL	Infant: 7 mos	Both	Serum	Mayo Clinic Test Catalog
100	Calcitonin	CALCA	P01258	Normal	Diagnostic	<=19 pg/mL	Infant: 8 mos	Both	Serum	Mayo Clinic Test Catalog
100	Calcitonin	CALCA	P01258	Normal	Diagnostic	<=17 pg/mL	Infant: 9 mos	Both	Serum	Mayo Clinic Test Catalog
100	Calcitonin	CALCA	P01258	Normal	Diagnostic	<=16 pg/mL	Infant: 10 mos	Both	Serum	Mayo Clinic Test Catalog
100	Calcitonin	CALCA	P01258	Normal	Diagnostic	<=15 pg/mL	Infant: 11 mos	Both	Serum	Mayo Clinic Test Catalog
100	Calcitonin	CALCA	P01258	Normal	Diagnostic	<=14 pg/mL	Children: 12-14 mos	Both	Serum	Mayo Clinic Test Catalog
100	Calcitonin	CALCA	P01258	Normal	Diagnostic	<=12 pg/mL	Children: 15-17 mos	Both	Serum	Mayo Clinic Test Catalog
100	Calcitonin	CALCA	P01258	Normal	Diagnostic	<=10 pg/mL	Children: 18-20 mos	Both	Serum	Mayo Clinic Test Catalog
100	Calcitonin	CALCA	P01258	Normal	Diagnostic	<=9 pg/mL	Children: 21-23 mos	Both	Serum	Mayo Clinic Test Catalog
100	Calcitonin	CALCA	P01258	Normal	Diagnostic	<=8 pg/mL	Children: 2 yrs	Both	Serum	Mayo Clinic Test Catalog
100	Calcitonin	CALCA	P01258	Normal	Diagnostic	<=7 pg/mL	Children: 3-9 yrs	Both	Serum	Mayo Clinic Test Catalog
100	Calcitonin	CALCA	P01258	Normal	Diagnostic	<=6 pg/mL	Children: 10-15 yrs	Both	Serum	Mayo Clinic Test Catalog
100	Calcitonin	CALCA	P01258	Normal	Diagnostic	<=5 pg/mL	Children: 16 yrs	Both	Serum	Mayo Clinic Test Catalog
100	Calcitonin	CALCA	P01258	Normal	Diagnostic	<=14.3 pg/mL	Children & Adult: >=17 yrs	Male	Serum	Mayo Clinic Test Catalog
100	Calcitonin	CALCA	P01258	Normal	Diagnostic	<=7.6 pg/mL	Children & Adult: >=17 yrs	Female	Serum	Mayo Clinic Test Catalog
100	Calcitonin	CALCA	P01258	Familial Medullary Thyroid Carcinoma	Diagnostic	<=34 pg/mL	Infant: 1 mo	Both	Serum	Mayo Clinic Test Catalog
100	Calcitonin	CALCA	P01258	Familial Medullary Thyroid Carcinoma	Diagnostic	<=31 pg/mL	Infant: 2 mos	Both	Serum	Mayo Clinic Test Catalog
100	Calcitonin	CALCA	P01258	Familial Medullary Thyroid Carcinoma	Diagnostic	<=28 pg/mL	Infant: 3 mos	Both	Serum	Mayo Clinic Test Catalog
100	Calcitonin	CALCA	P01258	Familial Medullary Thyroid Carcinoma	Diagnostic	<=26 pg/mL	Infant: 4 mos	Both	Serum	Mayo Clinic Test Catalog
100	Calcitonin	CALCA	P01258	Familial Medullary Thyroid Carcinoma	Diagnostic	<=24 pg/mL	Infant: 5 mos	Both	Serum	Mayo Clinic Test Catalog
100	Calcitonin	CALCA	P01258	Familial Medullary Thyroid Carcinoma	Diagnostic	<=22 pg/mL	Infant: 6 mos	Both	Serum	Mayo Clinic Test Catalog
100	Calcitonin	CALCA	P01258	Familial Medullary Thyroid Carcinoma	Diagnostic	<=20 pg/mL	Infant: 7 mos	Both	Serum	Mayo Clinic Test Catalog
100	Calcitonin	CALCA	P01258	Familial Medullary Thyroid Carcinoma	Diagnostic	<=19 pg/mL	Infant: 8 mos	Both	Serum	Mayo Clinic Test Catalog
100	Calcitonin	CALCA	P01258	Familial Medullary Thyroid Carcinoma	Diagnostic	<=17 pg/mL	Infant: 9 mos	Both	Serum	Mayo Clinic Test Catalog
100	Calcitonin	CALCA	P01258	Familial Medullary Thyroid Carcinoma	Diagnostic	<=16 pg/mL	Infant: 10 mos	Both	Serum	Mayo Clinic Test Catalog
100	Calcitonin	CALCA	P01258	Familial Medullary Thyroid Carcinoma	Diagnostic	<=15 pg/mL	Infant: 11 mos	Both	Serum	Mayo Clinic Test Catalog
100	Calcitonin	CALCA	P01258	Familial Medullary Thyroid Carcinoma	Diagnostic	<=14 pg/mL	Children: 12-14 mos	Both	Serum	Mayo Clinic Test Catalog
100	Calcitonin	CALCA	P01258	Familial Medullary Thyroid Carcinoma	Diagnostic	<=12 pg/mL	Children: 15-17 mos	Both	Serum	Mayo Clinic Test Catalog
100	Calcitonin	CALCA	P01258	Familial Medullary Thyroid Carcinoma	Diagnostic	<=10 pg/mL	Children: 18-20 mos	Both	Serum	Mayo Clinic Test Catalog
100	Calcitonin	CALCA	P01258	Familial Medullary Thyroid Carcinoma	Diagnostic	<=9 pg/mL	Children: 21-23 mos	Both	Serum	Mayo Clinic Test Catalog
100	Calcitonin	CALCA	P01258	Familial Medullary Thyroid Carcinoma	Diagnostic	<=8 pg/mL	Children: 2 yrs	Both	Serum	Mayo Clinic Test Catalog
100	Calcitonin	CALCA	P01258	Familial Medullary Thyroid Carcinoma	Diagnostic	<=7 pg/mL	Children: 3-9 yrs	Both	Serum	Mayo Clinic Test Catalog
100	Calcitonin	CALCA	P01258	Familial Medullary Thyroid Carcinoma	Diagnostic	<=6 pg/mL	Children: 10-15 yrs	Both	Serum	Mayo Clinic Test Catalog
100	Calcitonin	CALCA	P01258	Familial Medullary Thyroid Carcinoma	Diagnostic	<=5 pg/mL	Children: 16 yrs	Both	Serum	Mayo Clinic Test Catalog
100	Calcitonin	CALCA	P01258	Familial Medullary Thyroid Carcinoma	Diagnostic	<=14.3 pg/mL	Children & Adult: >=17 yrs	Male	Serum	Mayo Clinic Test Catalog
100	Calcitonin	CALCA	P01258	Familial Medullary Thyroid Carcinoma	Diagnostic	<=7.6 pg/mL	Children & Adult: >=17 yrs	Female	Serum	Mayo Clinic Test Catalog
101	Ceruloplasmin	CP	P00450	Normal	Diagnostic	15.55 (7.4–23.7) mg/dL	Infant: 1 wk-2 yrs old	Both	serum	Mayo Clinic Laboratories: Ceruloplasmin, Serum
101	Ceruloplasmin	CP	P00450	Normal	Diagnostic	26.3 (13.7–38.9) mg/dL	Infant: 1 wk-2 yrs old	Both	serum	Mayo Clinic Laboratories: Ceruloplasmin, Serum
101	Ceruloplasmin	CP	P00450	Normal	Diagnostic	23.2 (13.5–32.9) mg/dL	Infant: 1 wk-2 yrs old	Both	serum	Mayo Clinic Laboratories: Ceruloplasmin, Serum
101	Ceruloplasmin	CP	P00450	Normal	Diagnostic	32.5 (21.7–43.3) mg/dL	Children: 2-17 yrs old	Both	serum	Mayo Clinic Laboratories: Ceruloplasmin, Serum
101	Ceruloplasmin	CP	P00450	Normal	Diagnostic	30.35 (20.5–40.2) mg/dL	Children: 2-17 yrs old	Both	serum	Mayo Clinic Laboratories: Ceruloplasmin, Serum
101	Ceruloplasmin	CP	P00450	Normal	Diagnostic	25.9 (17.0–34.8) mg/dL	Adolescent:13-18 yrs old	Male	serum	Mayo Clinic Laboratories: Ceruloplasmin, Serum
101	Ceruloplasmin	CP	P00450	Normal	Diagnostic	25.0 (19.0–31.0) mg/dL	Adult: >= 18 yrs old	Male	serum	Mayo Clinic Laboratories: Ceruloplasmin, Serum
101	Ceruloplasmin	CP	P00450	Normal	Diagnostic	32.0 (20.8–43.2) mg/dL	Adolescent:13-18 yrs old	Female	serum	Mayo Clinic Laboratories: Ceruloplasmin, Serum
101	Ceruloplasmin	CP	P00450	Normal	Diagnostic	32.5 (17.0–48.0) mg/dL	Adult: >=18 yrs old	Female	serum	Mayo Clinic Laboratories: Ceruloplasmin, Serum
101	Ceruloplasmin	CP	P00450	Wilson's Disease	Diagnostic	100.0 (0.0–200.0) mg/L	Adult: >=18 yrs old	Both	urine	Cox D.W., Tümer Z., Roberts E.A. (2000) Copper Transport Disorders: Wilson Disease and Menkes Disease. In: Fernandes J., Saudubray JM., Van den Berghe G. (eds) Inborn Metabolic Diseases. Springer, Berlin, Heidelberg
101	Ceruloplasmin	CP	P00450	Normal	Diagnostic	275.0 (200.0–350.0) mg/L	Adult: >=18 yrs old	Both	serum	Cox D.W., Tümer Z., Roberts E.A. (2000) Copper Transport Disorders: Wilson Disease and Menkes Disease. In: Fernandes J., Saudubray JM., Van den Berghe G. (eds) Inborn Metabolic Diseases. Springer, Berlin, Heidelberg
102	Chymotrypsin			Cystic Fibrosis of the Pancreas	Diagnostic	2.0 (0.0–4.0) U/g stool	Children: 2-17 yrs old	Both	Feces	Pubmed_ID: 3581467
102	Chymotrypsin			Normal	Diagnostic	34.0 (28.0–40.0) U/g stool	Children: 2-17 yrs old	Both	Feces	Pubmed_ID: 3581467
102	Chymotrypsin			Normal	Diagnostic	26.85 (2.3-51.4) units/g	All	Both	Feces	Mayo Clinic Test Catalog
103	Complement C1		P09871	Complement Component 1 Deficiency	Diagnostic	<12 mg/dL	Adult: >=18 yrs old	Both	serum	Mayo Clinic Laboratories: Complement C1q serum
103	Complement C1		P09871	Normal	Diagnostic	17.0 (12.0–22.0) mg/dL	Adult: >=18 yrs old	Both	serum	Mayo Clinic Laboratories: Complement C1q serum
104	Complement C2	C2	P06681	C2 Deficiency	Diagnostic	<25 U/mL	Adult: >= 18 yrs old	Both	serum	Mayo Clinic laboratories: C2FXN
104	Complement C2	C2	P06681	Normal	Diagnostic	36.0 (25.0–47.0) U/mL	Adult: >= 18 yrs old	Both	serum	Mayo Clinic laboratories: C2FXN
104	Complement C2	C2	P06681	Normal	Diagnostic	36 (25-47) U/mL	All	Both	Serum	Mayo Clinic Test Catalog
104	Complement C2	C2	P06681	C2 Deficiency	Diagnostic	<25 U/mL	All	Both	Serum	Mayo Clinic Test Catalog
105	Complement C3	C3	P01024	Systemic Lupus Erythematosus	Diagnostic	<75 mg/dL	Adult: >= 18 yrs old	Both	serum	Mayo Clinic laboratories: Complement C3 serum
105	Complement C3	C3	P01024	Normal	Diagnostic	125.0 (75.0–175.0) mg/dL	Adult: >= 18 yrs old	Both	serum	Mayo Clinic laboratories: Complement C3 serum
105	Complement C3	C3	P01024	Acute Glomerulonephritis	Diagnostic	<75 mg/dL	Adult: >= 18 yrs old	Both	serum	Mayo Clinic laboratories: Complement C3 serum
105	Complement C3	C3	P01024	Normal	Diagnostic	125.0 (75.0–175.0) mg/dL	Adult: >= 18 yrs old	Both	serum	Mayo Clinic laboratories: Complement C3 serum
105	Complement C3	C3	P01024	Membranoproliferative Glomerulonephritis	Diagnostic	<75 mg/dL	Adult: >= 18 yrs old	Both	serum	Mayo Clinic laboratories: Complement C3 serum
105	Complement C3	C3	P01024	Normal	Diagnostic	125.0 (75.0–175.0) mg/dL	Adult: >= 18 yrs old	Both	serum	Mayo Clinic laboratories: Complement C3 serum
105	Complement C3	C3	P01024	Immune Complex Disease	Diagnostic	<75 mg/dL	Adult: >= 18 yrs old	Both	serum	Mayo Clinic laboratories: Complement C3 serum
105	Complement C3	C3	P01024	Normal	Diagnostic	125.0 (75.0–175.0) mg/dL	Adult: >= 18 yrs old	Both	serum	Mayo Clinic laboratories: Complement C3 serum
105	Complement C3	C3	P01024	Septic Shock	Diagnostic	<75 mg/dL	Adult: >= 18 yrs old	Both	serum	Mayo Clinic laboratories: Complement C3 serum
105	Complement C3	C3	P01024	Normal	Diagnostic	125.0 (75.0–175.0) mg/dL	Adult: >= 18 yrs old	Both	serum	Mayo Clinic laboratories: Complement C3 serum
105	Complement C3	C3	P01024	Systemic Lupus Erythematosus	Diagnostic	<80 mg/dL	Adult: >=18 yrs old	Both	Blood	University of Rochester Medical Center: Complement C3 (Blood)
105	Complement C3	C3	P01024	Normal	Diagnostic	120 (80-160) mg/dL	Adult: >=18 yrs old	Both	Blood	University of Rochester Medical Center: Complement C3 (Blood)
105	Complement C3	C3	P01024	Chronic Kidney Disease	Diagnostic	<80 mg/dL	Adult: >=18 yrs old	Both	Blood	University of Rochester Medical Center: Complement C3 (Blood)
105	Complement C3	C3	P01024	Normal	Diagnostic	120 (80-160) mg/dL	Adult: >=18 yrs old	Both	Blood	University of Rochester Medical Center: Complement C3 (Blood)
105	Complement C3	C3	P01024	Normal	Diagnostic	0.855 (0.5-1.21) g/L	Infant: 0-<15 days old	Both	Serum	Adeli K, Higgins V, Trajcevski K, White-Al Habeeb N. The Canadian laboratory initiative on pediatric reference intervals: a CALIPER white paper. Crit Rev Cliin Lab Sci. 2017 Sep;54(6):358-413. doi: 10.1080/10408363.2017.1379945. Epub 2017 Oct 11. Erratum in: crit Rev Clin Lab Sci. 2020 Mar;57(2):145. doi: 10.1080/10408363.2019.1704475. PMID: 29017389.
105	Complement C3	C3	P01024	Normal	Diagnostic	1.055 (0.51-1.6) g/L	Infant: 15 days - 1 yr old	Both	Serum	Adeli K, Higgins V, Trajcevski K, White-Al Habeeb N. The Canadian laboratory initiative on pediatric reference intervals: a CALIPER white paper. Crit Rev Cliin Lab Sci. 2017 Sep;54(6):358-413. doi: 10.1080/10408363.2017.1379945. Epub 2017 Oct 11. Erratum in: crit Rev Clin Lab Sci. 2020 Mar;57(2):145. doi: 10.1080/10408363.2019.1704475. PMID: 29017389.
105	Complement C3	C3	P01024	Normal	Diagnostic	1.175 (0.83-1.52) g/L	Children/Adolescent: 1-<19 yrs old	Both	Serum	Adeli K, Higgins V, Trajcevski K, White-Al Habeeb N. The Canadian laboratory initiative on pediatric reference intervals: a CALIPER white paper. Crit Rev Cliin Lab Sci. 2017 Sep;54(6):358-413. doi: 10.1080/10408363.2017.1379945. Epub 2017 Oct 11. Erratum in: crit Rev Clin Lab Sci. 2020 Mar;57(2):145. doi: 10.1080/10408363.2019.1704475. PMID: 29017389.
105	Complement C3	C3	P01024	Normal	Diagnostic	35.5 (21-50) U/mL	All	Both	Serum	Mayo Clinic Test Catalog
105	Complement C3	C3	P01024	C3 Deficiency	Diagnostic	<21 U/mL	All	Both	Serum	Mayo Clinic Test Catalog
105	Complement C3	C3	P01024	Normal	Diagnostic	125 (75-175) mg/dL	All	Both	Serum	Mayo Clinic Test Catalog
105	Complement C3	C3	P01024	Systemic Lupus Erythematosus	Diagnostic	<75 mg/dL	All	Both	Serum	Mayo Clinic Test Catalog
105	Complement C3	C3	P01024	Normal	Diagnostic	125 (75-175) mg/dL	All	Both	Serum	Mayo Clinic Test Catalog
106	Complement C4		P0C0L4	Hereditary Angioedema	Diagnostic	<14 mg/dL	Adult: >=18 yrs old	Both	serum	Mayo clinic laboratories: Complement C4 serum
106	Complement C4		P0C0L4	Normal	Diagnostic	27.0 (14.0–40.0) mg/dL	Adult: >= 18 yrs old	Both	serum	Mayo clinic laboratories: Complement C4 serum
106	Complement C4		P0C0L4	Systemic Lupus Erythematosus	Diagnostic	<14 mg/dL	Adult: >=18 yrs old	Both	serum	Mayo clinic laboratories: Complement C4 serum
106	Complement C4		P0C0L4	Normal	Diagnostic	27 (40-14) mg/dL	Adult: >=18 yrs old	Both	serum	Mayo clinic laboratories: Complement C4 serum
106	Complement C4		P0C0L4	Rheumatoid Arthritis	Diagnostic	<14 mg/dL	Adult: >=18 yrs old	Both	serum	Mayo clinic laboratories: Complement C4 serum
106	Complement C4		P0C0L4	Normal	Diagnostic	27 (40-14) mg/dL	Adult: >=18 yrs old	Both	serum	Mayo clinic laboratories: Complement C4 serum
106	Complement C4		P0C0L4	Normal	Diagnostic	0.185 (0.07-0.3) g/L	Infant: 0-<1 yrs old	Both	Serum	Adeli K, Higgins V, Trajcevski K, White-Al Habeeb N. The Canadian laboratory initiative on pediatric reference intervals: a CALIPER white paper. Crit Rev Cliin Lab Sci. 2017 Sep;54(6):358-413. doi: 10.1080/10408363.2017.1379945. Epub 2017 Oct 11. Erratum in: crit Rev Clin Lab Sci. 2020 Mar;57(2):145. doi: 10.1080/10408363.2019.1704475. PMID: 29017389.
106	Complement C4		P0C0L4	Normal	Diagnostic	0.25 (0.13-0.37) g/L	Children/Adolescent: 1-<19 yrs old	Both	Serum	Adeli K, Higgins V, Trajcevski K, White-Al Habeeb N. The Canadian laboratory initiative on pediatric reference intervals: a CALIPER white paper. Crit Rev Cliin Lab Sci. 2017 Sep;54(6):358-413. doi: 10.1080/10408363.2017.1379945. Epub 2017 Oct 11. Erratum in: crit Rev Clin Lab Sci. 2020 Mar;57(2):145. doi: 10.1080/10408363.2019.1704475. PMID: 29017389.
106	Complement C4		P0C0L4	Normal	Diagnostic	33.5 (22-45) U/mL	All	Both	Serum	Mayo Clinic Test Catalog
106	Complement C4		P0C0L4	C4 Deficiency	Diagnostic	<22 U/mL	All	Both	Serum	Mayo Clinic Test Catalog
106	Complement C4		P0C0L4	Normal	Diagnostic	27 (14-40) mg/dL	All	Both	Serum	Mayo Clinic Test Catalog
106	Complement C4		P0C0L4	Hereditary Angioedema	Diagnostic	<14 mg/dL	All	Both	Serum	Mayo Clinic Test Catalog
106	Complement C4		P0C0L4	Normal	Diagnostic	27 (14-40) mg/dL	All	Both	Serum	Mayo Clinic Test Catalog
107	Pancreatic elastase-1		Q9UNI1	Normal	Diagnostic	<3.5 ng/mL	Adult: >=18 yrs old	Both	serum	Mayo Clinic Laboratories: Elastase, Pancreatic, Serum
107	Pancreatic elastase-1		Q9UNI1	Pancreatic Insufficiency	Diagnostic	<100 ug/g stool	Adult: >=18 yrs old	Both	Feces	Pubmed_ID: 18506918
107	Pancreatic elastase-1		Q9UNI1	Normal	Diagnostic	>200 ug/g stool	Adult: >=18 yrs old	Both	Feces	Pubmed_ID: 18506918
107	Pancreatic elastase-1		Q9UNI1	Normal	Diagnostic	<3.5 ng/mL	Adult: >=18 yrs	Both	Serum	Mayo Clinic Test Catalog
121	Ferritin		P02794	Iron Deficiency	Diagnostic	<24 ug/L	Adult: >=18 yrs old	Male	Blood	Mayo clinic: Ferritin test
121	Ferritin		P02794	Normal	Diagnostic	180 (24-336) ug/L	Adult: >=18 yrs old	Male	Blood	Mayo clinic: Ferritin test
121	Ferritin		P02794	Iron Deficiency	Diagnostic	<11 ug/L	Adult: >=18 yrs old	Female	Blood	Mayo clinic: Ferritin test
121	Ferritin		P02794	Normal	Diagnostic	159 (11-307)	Adult: >=18 yrs old	Female	Blood	Mayo clinic: Ferritin test
121	Ferritin		P02794	Iron Deficiency	Diagnostic	<24 ug/L	Adult: >=18 yrs old	Male	Blood	Mayo clinic: Ferritin test
121	Ferritin		P02794	Normal	Diagnostic	180 (24-336) ug/L	Adult: >=18 yrs old	Male	Blood	Mayo clinic: Ferritin test
121	Ferritin		P02794	Iron Deficiency	Diagnostic	<11 ug/L	Adult: >=18 yrs old	Female	Blood	Mayo clinic: Ferritin test
121	Ferritin		P02794	Normal	Diagnostic	159 (307-11) ug/L	Adult: >=18 yrs old	Female	Blood	Mayo clinic: Ferritin test
121	Ferritin		P02794	Normal	Diagnostic	917.5 (224-1611) pmol/L	Infant: 4-14 days old	Female	Serum	Adeli K, Higgins V, Trajcevski K, White-Al Habeeb N. The Canadian laboratory initiative on pediatric reference intervals: a CALIPER white paper. Crit Rev Cliin Lab Sci. 2017 Sep;54(6):358-413. doi: 10.1080/10408363.2017.1379945. Epub 2017 Oct 11. Erratum in: crit Rev Clin Lab Sci. 2020 Mar;57(2):145. doi: 10.1080/10408363.2019.1704475. PMID: 29017389.
121	Ferritin		P02794	Normal	Diagnostic	742.7 (31.4-1454) pmol/L	Infant: 15 days - <6 months	Female	Serum	Adeli K, Higgins V, Trajcevski K, White-Al Habeeb N. The Canadian laboratory initiative on pediatric reference intervals: a CALIPER white paper. Crit Rev Cliin Lab Sci. 2017 Sep;54(6):358-413. doi: 10.1080/10408363.2017.1379945. Epub 2017 Oct 11. Erratum in: crit Rev Clin Lab Sci. 2020 Mar;57(2):145. doi: 10.1080/10408363.2019.1704475. PMID: 29017389.
121	Ferritin		P02794	Normal	Diagnostic	213.9 (18.8-409) pmol/L	Infant: 6 months - 1 yr old	Female	Serum	Adeli K, Higgins V, Trajcevski K, White-Al Habeeb N. The Canadian laboratory initiative on pediatric reference intervals: a CALIPER white paper. Crit Rev Cliin Lab Sci. 2017 Sep;54(6):358-413. doi: 10.1080/10408363.2017.1379945. Epub 2017 Oct 11. Erratum in: crit Rev Clin Lab Sci. 2020 Mar;57(2):145. doi: 10.1080/10408363.2019.1704475. PMID: 29017389.
121	Ferritin		P02794	Normal	Diagnostic	117.9 (11.8-224) pmol/L	Children: 1-<5 yrs old	Female	Serum	Adeli K, Higgins V, Trajcevski K, White-Al Habeeb N. The Canadian laboratory initiative on pediatric reference intervals: a CALIPER white paper. Crit Rev Cliin Lab Sci. 2017 Sep;54(6):358-413. doi: 10.1080/10408363.2017.1379945. Epub 2017 Oct 11. Erratum in: crit Rev Clin Lab Sci. 2020 Mar;57(2):145. doi: 10.1080/10408363.2019.1704475. PMID: 29017389.
121	Ferritin		P02794	Normal	Diagnostic	103.85 (30.7-177) pmol/L	Children/Adolescent: 5-<14 yrs old	Female	Serum	Adeli K, Higgins V, Trajcevski K, White-Al Habeeb N. The Canadian laboratory initiative on pediatric reference intervals: a CALIPER white paper. Crit Rev Cliin Lab Sci. 2017 Sep;54(6):358-413. doi: 10.1080/10408363.2017.1379945. Epub 2017 Oct 11. Erratum in: crit Rev Clin Lab Sci. 2020 Mar;57(2):145. doi: 10.1080/10408363.2019.1704475. PMID: 29017389.
121	Ferritin		P02794	Normal	Diagnostic	82.15 (12.3-152) pmol/L	Adolescent: 14-<19 yrs old	Female	Serum	Adeli K, Higgins V, Trajcevski K, White-Al Habeeb N. The Canadian laboratory initiative on pediatric reference intervals: a CALIPER white paper. Crit Rev Cliin Lab Sci. 2017 Sep;54(6):358-413. doi: 10.1080/10408363.2017.1379945. Epub 2017 Oct 11. Erratum in: crit Rev Clin Lab Sci. 2020 Mar;57(2):145. doi: 10.1080/10408363.2019.1704475. PMID: 29017389.
121	Ferritin		P02794	Normal	Diagnostic	917.5 (224-1611) pmol/L	Infant: 4-14 days old	Male	Serum	Adeli K, Higgins V, Trajcevski K, White-Al Habeeb N. The Canadian laboratory initiative on pediatric reference intervals: a CALIPER white paper. Crit Rev Cliin Lab Sci. 2017 Sep;54(6):358-413. doi: 10.1080/10408363.2017.1379945. Epub 2017 Oct 11. Erratum in: crit Rev Clin Lab Sci. 2020 Mar;57(2):145. doi: 10.1080/10408363.2019.1704475. PMID: 29017389.
121	Ferritin		P02794	Normal	Diagnostic	742.7 (31.4-1454) pmol/L	Infant: 15 days - <6 months	Male	Serum	Adeli K, Higgins V, Trajcevski K, White-Al Habeeb N. The Canadian laboratory initiative on pediatric reference intervals: a CALIPER white paper. Crit Rev Cliin Lab Sci. 2017 Sep;54(6):358-413. doi: 10.1080/10408363.2017.1379945. Epub 2017 Oct 11. Erratum in: crit Rev Clin Lab Sci. 2020 Mar;57(2):145. doi: 10.1080/10408363.2019.1704475. PMID: 29017389.
121	Ferritin		P02794	Normal	Diagnostic	213.9 (18.8-409) pmol/L	Infant: 6 months - 1 yr old	Male	Serum	Adeli K, Higgins V, Trajcevski K, White-Al Habeeb N. The Canadian laboratory initiative on pediatric reference intervals: a CALIPER white paper. Crit Rev Cliin Lab Sci. 2017 Sep;54(6):358-413. doi: 10.1080/10408363.2017.1379945. Epub 2017 Oct 11. Erratum in: crit Rev Clin Lab Sci. 2020 Mar;57(2):145. doi: 10.1080/10408363.2019.1704475. PMID: 29017389.
121	Ferritin		P02794	Normal	Diagnostic	117.9 (11.8-224) pmol/L	Children: 1-<5 yrs old	Male	Serum	Adeli K, Higgins V, Trajcevski K, White-Al Habeeb N. The Canadian laboratory initiative on pediatric reference intervals: a CALIPER white paper. Crit Rev Cliin Lab Sci. 2017 Sep;54(6):358-413. doi: 10.1080/10408363.2017.1379945. Epub 2017 Oct 11. Erratum in: crit Rev Clin Lab Sci. 2020 Mar;57(2):145. doi: 10.1080/10408363.2019.1704475. PMID: 29017389.
121	Ferritin		P02794	Normal	Diagnostic	103.85 (30.7-177) pmol/L	Children/Adolescent: 5-<14 yrs old	Male	Serum	Adeli K, Higgins V, Trajcevski K, White-Al Habeeb N. The Canadian laboratory initiative on pediatric reference intervals: a CALIPER white paper. Crit Rev Cliin Lab Sci. 2017 Sep;54(6):358-413. doi: 10.1080/10408363.2017.1379945. Epub 2017 Oct 11. Erratum in: crit Rev Clin Lab Sci. 2020 Mar;57(2):145. doi: 10.1080/10408363.2019.1704475. PMID: 29017389.
121	Ferritin		P02794	Normal	Diagnostic	107.2 (28.4-186) pmol/L	Adolescent: 14-<16 yrs old	Male	Serum	Adeli K, Higgins V, Trajcevski K, White-Al Habeeb N. The Canadian laboratory initiative on pediatric reference intervals: a CALIPER white paper. Crit Rev Cliin Lab Sci. 2017 Sep;54(6):358-413. doi: 10.1080/10408363.2017.1379945. Epub 2017 Oct 11. Erratum in: crit Rev Clin Lab Sci. 2020 Mar;57(2):145. doi: 10.1080/10408363.2019.1704475. PMID: 29017389.
121	Ferritin		P02794	Normal	Diagnostic	205.5 (25-386) pmol/L	Adolescent: 16-<19 yrs old	Male	Serum	Adeli K, Higgins V, Trajcevski K, White-Al Habeeb N. The Canadian laboratory initiative on pediatric reference intervals: a CALIPER white paper. Crit Rev Cliin Lab Sci. 2017 Sep;54(6):358-413. doi: 10.1080/10408363.2017.1379945. Epub 2017 Oct 11. Erratum in: crit Rev Clin Lab Sci. 2020 Mar;57(2):145. doi: 10.1080/10408363.2019.1704475. PMID: 29017389.
121	Ferritin		P02794	Normal	Diagnostic	561.5 (150-973) mcg/L	Infant: 0 days-4 weeks	Male	serum	Mayo Clinic Test Catalog
121	Ferritin		P02794	Normal	Diagnostic	294.5 (9-580) mcg/L	Infant: 5 weeks-5 months	Male	serum	Mayo Clinic Test Catalog
121	Ferritin		P02794	Normal	Diagnostic	58.5 (6-111) mcg/L	Infant/Children: 6 months-9 yrs old	Male	serum	Mayo Clinic Test Catalog
121	Ferritin		P02794	Normal	Diagnostic	108 (15-201) mcg/L	Children: 1Infant/Adolescent: 0-17 yrs old	Male	serum	Mayo Clinic Test Catalog
121	Ferritin		P02794	Normal	Diagnostic	220 (31-409) mcg/L	Adult: >18 yrs old	Male	serum	Mayo Clinic Test Catalog
121	Ferritin		P02794	Normal	Diagnostic	561.5 (150-973) mcg/L	Infant: 0 days-4 weeks	Female	serum	Mayo Clinic Test Catalog
121	Ferritin		P02794	Normal	Diagnostic	294.5 (9-580) mcg/L	Infant: 5 weeks-5 months	Female	serum	Mayo Clinic Test Catalog
121	Ferritin		P02794	Normal	Diagnostic	61.5 (8-115) mcg/L	Infant/Children: 6 months-17 yrs old	Female	serum	Mayo Clinic Test Catalog
121	Ferritin		P02794	Normal	Diagnostic	90.5 (6-175) mcg/L	Adult: 18 yrs old-50 yrs old	Female	serum	Mayo Clinic Test Catalog
121	Ferritin		P02794	Normal	Diagnostic	169.5 (11-328) mcg/L	Adult: 51 yrs old	Female	serum	Mayo Clinic Test Catalog
122	Gammaglutamyl transferase (GGT)	GGT	P19440	Normal	Diagnostic	<178 U/L	Infant: 1 wk-2 yrs old	Both	serum	Mayo Clinic Laboratories: Gamma-Glutamyltransferase (GGT), Serum
122	Gammaglutamyl transferase (GGT)	GGT	P19440	Normal	Diagnostic	<21 U/L	Children: 2-17 yrs old	Both	serum	Mayo Clinic Laboratories: Gamma-Glutamyltransferase (GGT), Serum
122	Gammaglutamyl transferase (GGT)	GGT	P19440	Normal	Diagnostic	<24 U/L	Children: 2-17 yrs old	Both	serum	Mayo Clinic Laboratories: Gamma-Glutamyltransferase (GGT), Serum
122	Gammaglutamyl transferase (GGT)	GGT	P19440	Normal	Diagnostic	<43 U/L	Adolescent:13-18 yrs old	Male	serum	Mayo Clinic Laboratories: Gamma-Glutamyltransferase (GGT), Serum
122	Gammaglutamyl transferase (GGT)	GGT	P19440	Normal	Diagnostic	<26 U/L	Adolescent:13-18 yrs old	Female	serum	Mayo Clinic Laboratories: Gamma-Glutamyltransferase (GGT), Serum
122	Gammaglutamyl transferase (GGT)	GGT	P19440	Liver Disease	Diagnostic	>178 U/L	Infant: 1 wk-2 yrs old	Both	serum	Mayo Clinic Laboratories: Gamma-Glutamyltransferase (GGT), Serum
122	Gammaglutamyl transferase (GGT)	GGT	P19440	Liver Disease	Diagnostic	>21 U/L	Children: 2-17 yrs old	Both	serum	Mayo Clinic Laboratories: Gamma-Glutamyltransferase (GGT), Serum
122	Gammaglutamyl transferase (GGT)	GGT	P19440	Liver Disease	Diagnostic	>24 U/L	Children: 2-17 yrs old	Both	serum	Mayo Clinic Laboratories: Gamma-Glutamyltransferase (GGT), Serum
122	Gammaglutamyl transferase (GGT)	GGT	P19440	Liver Disease	Diagnostic	>43 U/L	Adolescent:13-18 yrs old	Male	serum	Mayo Clinic Laboratories: Gamma-Glutamyltransferase (GGT), Serum
122	Gammaglutamyl transferase (GGT)	GGT	P19440	Liver Disease	Diagnostic	>26 U/L	Adolescent:13-18 yrs old	Female	serum	Mayo Clinic Laboratories: Gamma-Glutamyltransferase (GGT), Serum
122	Gammaglutamyl transferase (GGT)	GGT	P19440	Liver Disease	Diagnostic	>61 U/L	Adult: >=18 yrs old	Male	Blood	Mayo clinic: Gamma-Glutamyltransferase (GGT), Serum
122	Gammaglutamyl transferase (GGT)	GGT	P19440	Normal	Diagnostic	34.5 (8-61) U/L	Adult: >=18 yrs old	Male	Blood	Mayo clinic: Gamma-Glutamyltransferase (GGT), Serum
122	Gammaglutamyl transferase (GGT)	GGT	P19440	Liver Disease	Diagnostic	>36 U/L	Adult: >=18 yrs old	Female	Blood	Mayo clinic: Gamma-Glutamyltransferase (GGT), Serum
122	Gammaglutamyl transferase (GGT)	GGT	P19440	Normal	Diagnostic	20.5 (5-36) U/L	Adult: >=18 yrs old	Female	Blood	Mayo clinic: Gamma-Glutamyltransferase (GGT), Serum
122	Gammaglutamyl transferase (GGT)	GGT	P19440	Normal	Diagnostic	121 (23-219) U/L	Infant: 0-<15 days old	Both	Serum	Adeli K, Higgins V, Trajcevski K, White-Al Habeeb N. The Canadian laboratory initiative on pediatric reference intervals: a CALIPER white paper. Crit Rev Cliin Lab Sci. 2017 Sep;54(6):358-413. doi: 10.1080/10408363.2017.1379945. Epub 2017 Oct 11. Erratum in: crit Rev Clin Lab Sci. 2020 Mar;57(2):145. doi: 10.1080/10408363.2019.1704475. PMID: 29017389.
122	Gammaglutamyl transferase (GGT)	GGT	P19440	Normal	Diagnostic	67.5 (8-127) U/L	Infant: 15 days - 1 yr old	Both	Serum	Adeli K, Higgins V, Trajcevski K, White-Al Habeeb N. The Canadian laboratory initiative on pediatric reference intervals: a CALIPER white paper. Crit Rev Cliin Lab Sci. 2017 Sep;54(6):358-413. doi: 10.1080/10408363.2017.1379945. Epub 2017 Oct 11. Erratum in: crit Rev Clin Lab Sci. 2020 Mar;57(2):145. doi: 10.1080/10408363.2019.1704475. PMID: 29017389.
122	Gammaglutamyl transferase (GGT)	GGT	P19440	Normal	Diagnostic	11 (6-16) U/L	Children: 1-<11 yrs old	Both	Serum	Adeli K, Higgins V, Trajcevski K, White-Al Habeeb N. The Canadian laboratory initiative on pediatric reference intervals: a CALIPER white paper. Crit Rev Cliin Lab Sci. 2017 Sep;54(6):358-413. doi: 10.1080/10408363.2017.1379945. Epub 2017 Oct 11. Erratum in: crit Rev Clin Lab Sci. 2020 Mar;57(2):145. doi: 10.1080/10408363.2019.1704475. PMID: 29017389.
122	Gammaglutamyl transferase (GGT)	GGT	P19440	Normal	Diagnostic	14 (7-21) U/L	Children/Adolescent: 11-<19 yrs old	Both	Serum	Adeli K, Higgins V, Trajcevski K, White-Al Habeeb N. The Canadian laboratory initiative on pediatric reference intervals: a CALIPER white paper. Crit Rev Cliin Lab Sci. 2017 Sep;54(6):358-413. doi: 10.1080/10408363.2017.1379945. Epub 2017 Oct 11. Erratum in: crit Rev Clin Lab Sci. 2020 Mar;57(2):145. doi: 10.1080/10408363.2019.1704475. PMID: 29017389.
122	Gammaglutamyl transferase (GGT)	GGT	P19440	Normal	Diagnostic	178 U/L	Infant: 0-11 months	Male	serum	Mayo Clinic Test Catalog
122	Gammaglutamyl transferase (GGT)	GGT	P19440	Normal	Diagnostic	21 U/L	Children: 12 months-6 yrs old	Male	serum	Mayo Clinic Test Catalog
122	Gammaglutamyl transferase (GGT)	GGT	P19440	Normal	Diagnostic	24 U/L	Children: 7-12 yrs old	Male	serum	Mayo Clinic Test Catalog
122	Gammaglutamyl transferase (GGT)	GGT	P19440	Normal	Diagnostic	43 U/L	Adolescent: 13-17 yrs old	Male	serum	Mayo Clinic Test Catalog
122	Gammaglutamyl transferase (GGT)	GGT	P19440	Normal	Diagnostic	34.5 (8-61) U/L	Adult: >18 yrs old	Male	serum	Mayo Clinic Test Catalog
122	Gammaglutamyl transferase (GGT)	GGT	P19440	Normal	Diagnostic	178 U/L	Infant: 0-11 months	Female	serum	Mayo Clinic Test Catalog
122	Gammaglutamyl transferase (GGT)	GGT	P19440	Normal	Diagnostic	21 U/L	Children: 12 months-6 yrs old	Female	serum	Mayo Clinic Test Catalog
122	Gammaglutamyl transferase (GGT)	GGT	P19440	Normal	Diagnostic	24 U/L	Children: 7-12 yrs old	Female	serum	Mayo Clinic Test Catalog
122	Gammaglutamyl transferase (GGT)	GGT	P19440	Normal	Diagnostic	26 U/L	Adolescent: 13-17 yrs old	Female	serum	Mayo Clinic Test Catalog
122	Gammaglutamyl transferase (GGT)	GGT	P19440	Normal	Diagnostic	20.5 (5-36) U/L	Adult: >18 yrs old	Female	serum	Mayo Clinic Test Catalog
122	Gammaglutamyl transferase (GGT)	GGT	P19440	Normal	Diagnostic	178 U/L	Infant: 0-11 months	Male	Serum	Mayo Clinic Test Catalog
122	Gammaglutamyl transferase (GGT)	GGT	P19440	Normal	Diagnostic	21 U/L	Children: 12 months-6 yrs old	Male	Serum	Mayo Clinic Test Catalog
122	Gammaglutamyl transferase (GGT)	GGT	P19440	Normal	Diagnostic	24 U/L	Children: 7-12 yrs old	Male	Serum	Mayo Clinic Test Catalog
122	Gammaglutamyl transferase (GGT)	GGT	P19440	Normal	Diagnostic	43 U/L	Adolescent: 13-17 yrs old	Male	Serum	Mayo Clinic Test Catalog
122	Gammaglutamyl transferase (GGT)	GGT	P19440	Normal	Diagnostic	34.5 (8-61) U/L	Adult: >18 yrs old	Male	Serum	Mayo Clinic Test Catalog
122	Gammaglutamyl transferase (GGT)	GGT	P19440	Normal	Diagnostic	178 U/L	Infant: 0-11 months	Female	Serum	Mayo Clinic Test Catalog
122	Gammaglutamyl transferase (GGT)	GGT	P19440	Normal	Diagnostic	21 U/L	Children: 12 months-6 yrs old	Female	Serum	Mayo Clinic Test Catalog
122	Gammaglutamyl transferase (GGT)	GGT	P19440	Normal	Diagnostic	24 U/L	Children: 7-12 yrs old	Female	Serum	Mayo Clinic Test Catalog
122	Gammaglutamyl transferase (GGT)	GGT	P19440	Normal	Diagnostic	26 U/L	Adolescent: 13-17 yrs old	Female	Serum	Mayo Clinic Test Catalog
122	Gammaglutamyl transferase (GGT)	GGT	P19440	Normal	Diagnostic	20.5 (5-36) U/L	Adult: >18 yrs old	Female	Serum	Mayo Clinic Test Catalog
123	Haptoglobin	HP	Q5SSJ5	Normal	Diagnostic	95.0 (30.0–160.0) mg/dL	Adult: >=18 yrs old	Both	Blood	Cavanaugh, B. M. (2003). Nurse’s Manual of Laboratory and Diagnostic Tests: Vol. 4th ed. F.A. Davis Company.
123	Haptoglobin	HP	Q5SSJ5	Normal	Diagnostic	5.0 (0.0–10.0) mg/dL	Newborn: 0 day-1 wk	Both	Blood	Cavanaugh, B. M. (2003). Nurse’s Manual of Laboratory and Diagnostic Tests: Vol. 4th ed. F.A. Davis Company.
123	Haptoglobin	HP	Q5SSJ5	Anemia	Diagnostic	<45 mg/dL	Adult: >=18 yrs old	Both	Blood	Healthline: Haptoglobin Test
123	Haptoglobin	HP	Q5SSJ5	Normal	Diagnostic	0.05 (0-0.1) g/L	Infant: 0-<15 days old	Both	Serum	Adeli K, Higgins V, Trajcevski K, White-Al Habeeb N. The Canadian laboratory initiative on pediatric reference intervals: a CALIPER white paper. Crit Rev Cliin Lab Sci. 2017 Sep;54(6):358-413. doi: 10.1080/10408363.2017.1379945. Epub 2017 Oct 11. Erratum in: crit Rev Clin Lab Sci. 2020 Mar;57(2):145. doi: 10.1080/10408363.2019.1704475. PMID: 29017389.
123	Haptoglobin	HP	Q5SSJ5	Normal	Diagnostic	1.14 (0.07-2.21) g/L	Infant: 15 days - 1 yr old	Both	Serum	Adeli K, Higgins V, Trajcevski K, White-Al Habeeb N. The Canadian laboratory initiative on pediatric reference intervals: a CALIPER white paper. Crit Rev Cliin Lab Sci. 2017 Sep;54(6):358-413. doi: 10.1080/10408363.2017.1379945. Epub 2017 Oct 11. Erratum in: crit Rev Clin Lab Sci. 2020 Mar;57(2):145. doi: 10.1080/10408363.2019.1704475. PMID: 29017389.
123	Haptoglobin	HP	Q5SSJ5	Normal	Diagnostic	0.85 (0.07-1.63) g/L	Children: 1-<12 yrs old	Both	Serum	Adeli K, Higgins V, Trajcevski K, White-Al Habeeb N. The Canadian laboratory initiative on pediatric reference intervals: a CALIPER white paper. Crit Rev Cliin Lab Sci. 2017 Sep;54(6):358-413. doi: 10.1080/10408363.2017.1379945. Epub 2017 Oct 11. Erratum in: crit Rev Clin Lab Sci. 2020 Mar;57(2):145. doi: 10.1080/10408363.2019.1704475. PMID: 29017389.
123	Haptoglobin	HP	Q5SSJ5	Normal	Diagnostic	0.93 (0.07-1.79) g/L	Adolescent: 12-<19 yrs old	Both	Serum	Adeli K, Higgins V, Trajcevski K, White-Al Habeeb N. The Canadian laboratory initiative on pediatric reference intervals: a CALIPER white paper. Crit Rev Cliin Lab Sci. 2017 Sep;54(6):358-413. doi: 10.1080/10408363.2017.1379945. Epub 2017 Oct 11. Erratum in: crit Rev Clin Lab Sci. 2020 Mar;57(2):145. doi: 10.1080/10408363.2019.1704475. PMID: 29017389.
123	Haptoglobin	HP	Q5SSJ5	Normal	Diagnostic	115 (30-200) mg/dL	All	Both	serum	Mayo Clinic Test Catalog
123	Haptoglobin	HP	Q5SSJ5	Normal	Diagnostic	115 (30-200) mg/dL	All	Both	Serum	Mayo Clinic Test Catalog
124	Hemoglobin	HB	P69905	Normal	Diagnostic	15.5 (13.5–17.5) g/dL	Adult: >=18 yrs old	Male	Blood	Mayo Clinic: Hemoglobin test
124	Hemoglobin	HB	P69905	Normal	Diagnostic	13.8 (12.0-15.5) g/dL	Adult: >=18 yrs old	Female	Blood	Mayo Clinic: Hemoglobin test
124	Hemoglobin	HB	P69905	Anemia	Diagnostic	<12 g/dL	Adult: >=18 yrs old	Female	Blood	Pubmed_ID: 26404438
124	Hemoglobin	HB	P69905	Anemia	Diagnostic	<13.5 g/dL	Adult: >=18 yrs old	Male	Blood	Pubmed_ID: 26404438
124	Hemoglobin	HB	P69905	Normal	Diagnostic	114.5 (94.1-134.9) g/L	Infant: 0-<1 yr old	Female	Blood	Adeli K, Higgins V, Trajcevski K, White-Al Habeeb N. The Canadian laboratory initiative on pediatric reference intervals: a CALIPER white paper. Crit Rev Cliin Lab Sci. 2017 Sep;54(6):358-413. doi: 10.1080/10408363.2017.1379945. Epub 2017 Oct 11. Erratum in: crit Rev Clin Lab Sci. 2020 Mar;57(2):145. doi: 10.1080/10408363.2019.1704475. PMID: 29017389.
124	Hemoglobin	HB	P69905	Normal	Diagnostic	120.1 (102.2-138) g/L	Children: 1-<4 yrs old	Female	Blood	Adeli K, Higgins V, Trajcevski K, White-Al Habeeb N. The Canadian laboratory initiative on pediatric reference intervals: a CALIPER white paper. Crit Rev Cliin Lab Sci. 2017 Sep;54(6):358-413. doi: 10.1080/10408363.2017.1379945. Epub 2017 Oct 11. Erratum in: crit Rev Clin Lab Sci. 2020 Mar;57(2):145. doi: 10.1080/10408363.2019.1704475. PMID: 29017389.
124	Hemoglobin	HB	P69905	Normal	Diagnostic	130.9 (116.1-145.7) g/L	Children/Adolescent: 4-<14 yrs old	Female	Blood	Adeli K, Higgins V, Trajcevski K, White-Al Habeeb N. The Canadian laboratory initiative on pediatric reference intervals: a CALIPER white paper. Crit Rev Cliin Lab Sci. 2017 Sep;54(6):358-413. doi: 10.1080/10408363.2017.1379945. Epub 2017 Oct 11. Erratum in: crit Rev Clin Lab Sci. 2020 Mar;57(2):145. doi: 10.1080/10408363.2019.1704475. PMID: 29017389.
124	Hemoglobin	HB	P69905	Normal	Diagnostic	134.8 (116.2-153.4) g/L	Adolescent/Adult: 14-<21 yrs old	Female	Blood	Adeli K, Higgins V, Trajcevski K, White-Al Habeeb N. The Canadian laboratory initiative on pediatric reference intervals: a CALIPER white paper. Crit Rev Cliin Lab Sci. 2017 Sep;54(6):358-413. doi: 10.1080/10408363.2017.1379945. Epub 2017 Oct 11. Erratum in: crit Rev Clin Lab Sci. 2020 Mar;57(2):145. doi: 10.1080/10408363.2019.1704475. PMID: 29017389.
124	Hemoglobin	HB	P69905	Normal	Diagnostic	114.5 (94.1-134.9) g/L	Infant: 0-<1 yr old	Male	Blood	Adeli K, Higgins V, Trajcevski K, White-Al Habeeb N. The Canadian laboratory initiative on pediatric reference intervals: a CALIPER white paper. Crit Rev Cliin Lab Sci. 2017 Sep;54(6):358-413. doi: 10.1080/10408363.2017.1379945. Epub 2017 Oct 11. Erratum in: crit Rev Clin Lab Sci. 2020 Mar;57(2):145. doi: 10.1080/10408363.2019.1704475. PMID: 29017389.
124	Hemoglobin	HB	P69905	Normal	Diagnostic	120.1 (102.2-138) g/L	Children: 1-<4 yrs old	Male	Blood	Adeli K, Higgins V, Trajcevski K, White-Al Habeeb N. The Canadian laboratory initiative on pediatric reference intervals: a CALIPER white paper. Crit Rev Cliin Lab Sci. 2017 Sep;54(6):358-413. doi: 10.1080/10408363.2017.1379945. Epub 2017 Oct 11. Erratum in: crit Rev Clin Lab Sci. 2020 Mar;57(2):145. doi: 10.1080/10408363.2019.1704475. PMID: 29017389.
124	Hemoglobin	HB	P69905	Normal	Diagnostic	130.9 (116.1-145.7) g/L	Children/Adolescent: 4-<14 yrs old	Male	Blood	Adeli K, Higgins V, Trajcevski K, White-Al Habeeb N. The Canadian laboratory initiative on pediatric reference intervals: a CALIPER white paper. Crit Rev Cliin Lab Sci. 2017 Sep;54(6):358-413. doi: 10.1080/10408363.2017.1379945. Epub 2017 Oct 11. Erratum in: crit Rev Clin Lab Sci. 2020 Mar;57(2):145. doi: 10.1080/10408363.2019.1704475. PMID: 29017389.
124	Hemoglobin	HB	P69905	Normal	Diagnostic	150.85 (133.1-168.6) g/L	Adolescent/Adult: 14-<21 yrs old	Male	Blood	Adeli K, Higgins V, Trajcevski K, White-Al Habeeb N. The Canadian laboratory initiative on pediatric reference intervals: a CALIPER white paper. Crit Rev Cliin Lab Sci. 2017 Sep;54(6):358-413. doi: 10.1080/10408363.2017.1379945. Epub 2017 Oct 11. Erratum in: crit Rev Clin Lab Sci. 2020 Mar;57(2):145. doi: 10.1080/10408363.2019.1704475. PMID: 29017389.
124	Hemoglobin	HB	P69905	Normal	Diagnostic	34.55 (27.6-41.5) g/L	Infant/Children: 30 days - <2 yrs old	Female	Blood	Adeli K, Higgins V, Trajcevski K, White-Al Habeeb N. The Canadian laboratory initiative on pediatric reference intervals: a CALIPER white paper. Crit Rev Cliin Lab Sci. 2017 Sep;54(6):358-413. doi: 10.1080/10408363.2017.1379945. Epub 2017 Oct 11. Erratum in: crit Rev Clin Lab Sci. 2020 Mar;57(2):145. doi: 10.1080/10408363.2019.1704475. PMID: 29017389.
124	Hemoglobin	HB	P69905	Normal	Diagnostic	30.85 (23.8-37.9) g/L	Children/Adolescent: 2-<14 yrs old	Female	Blood	Adeli K, Higgins V, Trajcevski K, White-Al Habeeb N. The Canadian laboratory initiative on pediatric reference intervals: a CALIPER white paper. Crit Rev Cliin Lab Sci. 2017 Sep;54(6):358-413. doi: 10.1080/10408363.2017.1379945. Epub 2017 Oct 11. Erratum in: crit Rev Clin Lab Sci. 2020 Mar;57(2):145. doi: 10.1080/10408363.2019.1704475. PMID: 29017389.
124	Hemoglobin	HB	P69905	Normal	Diagnostic	29.65 (22.2-37.1) g/L	Adolescent: 14-<19 yrs old	Female	Blood	Adeli K, Higgins V, Trajcevski K, White-Al Habeeb N. The Canadian laboratory initiative on pediatric reference intervals: a CALIPER white paper. Crit Rev Cliin Lab Sci. 2017 Sep;54(6):358-413. doi: 10.1080/10408363.2017.1379945. Epub 2017 Oct 11. Erratum in: crit Rev Clin Lab Sci. 2020 Mar;57(2):145. doi: 10.1080/10408363.2019.1704475. PMID: 29017389.
124	Hemoglobin	HB	P69905	Normal	Diagnostic	34.55 (27.6-41.5) g/L	Infant/Children: 30 days - <2 yrs old	Male	Blood	Adeli K, Higgins V, Trajcevski K, White-Al Habeeb N. The Canadian laboratory initiative on pediatric reference intervals: a CALIPER white paper. Crit Rev Cliin Lab Sci. 2017 Sep;54(6):358-413. doi: 10.1080/10408363.2017.1379945. Epub 2017 Oct 11. Erratum in: crit Rev Clin Lab Sci. 2020 Mar;57(2):145. doi: 10.1080/10408363.2019.1704475. PMID: 29017389.
124	Hemoglobin	HB	P69905	Normal	Diagnostic	33.4 (26.1-40.7) g/L	Children/Adolescent: 2-<14 yrs old	Male	Blood	Adeli K, Higgins V, Trajcevski K, White-Al Habeeb N. The Canadian laboratory initiative on pediatric reference intervals: a CALIPER white paper. Crit Rev Cliin Lab Sci. 2017 Sep;54(6):358-413. doi: 10.1080/10408363.2017.1379945. Epub 2017 Oct 11. Erratum in: crit Rev Clin Lab Sci. 2020 Mar;57(2):145. doi: 10.1080/10408363.2019.1704475. PMID: 29017389.
124	Hemoglobin	HB	P69905	Normal	Diagnostic	29.65 (22.2-37.1) g/L	Adolescent: 14-<19 yrs old	Male	Blood	Adeli K, Higgins V, Trajcevski K, White-Al Habeeb N. The Canadian laboratory initiative on pediatric reference intervals: a CALIPER white paper. Crit Rev Cliin Lab Sci. 2017 Sep;54(6):358-413. doi: 10.1080/10408363.2017.1379945. Epub 2017 Oct 11. Erratum in: crit Rev Clin Lab Sci. 2020 Mar;57(2):145. doi: 10.1080/10408363.2019.1704475. PMID: 29017389.
124	Hemoglobin	HB	P69905	Normal	Diagnostic	8.55 (2-15.1) %	Infant/Adult: 0-<21 yrs old	Both	Blood	Adeli K, Higgins V, Trajcevski K, White-Al Habeeb N. The Canadian laboratory initiative on pediatric reference intervals: a CALIPER white paper. Crit Rev Cliin Lab Sci. 2017 Sep;54(6):358-413. doi: 10.1080/10408363.2017.1379945. Epub 2017 Oct 11. Erratum in: crit Rev Clin Lab Sci. 2020 Mar;57(2):145. doi: 10.1080/10408363.2019.1704475. PMID: 29017389.
124	Hemoglobin	HB	P69905	Normal	Diagnostic	28.1 (23.5-32.7) Pg	Infant: 0-<1 yr old	Both	Blood	Adeli K, Higgins V, Trajcevski K, White-Al Habeeb N. The Canadian laboratory initiative on pediatric reference intervals: a CALIPER white paper. Crit Rev Cliin Lab Sci. 2017 Sep;54(6):358-413. doi: 10.1080/10408363.2017.1379945. Epub 2017 Oct 11. Erratum in: crit Rev Clin Lab Sci. 2020 Mar;57(2):145. doi: 10.1080/10408363.2019.1704475. PMID: 29017389.
124	Hemoglobin	HB	P69905	Normal	Diagnostic	26 (23.3-28.7) Pg	Children: 1-<3 yrs old	Both	Blood	Adeli K, Higgins V, Trajcevski K, White-Al Habeeb N. The Canadian laboratory initiative on pediatric reference intervals: a CALIPER white paper. Crit Rev Cliin Lab Sci. 2017 Sep;54(6):358-413. doi: 10.1080/10408363.2017.1379945. Epub 2017 Oct 11. Erratum in: crit Rev Clin Lab Sci. 2020 Mar;57(2):145. doi: 10.1080/10408363.2019.1704475. PMID: 29017389.
124	Hemoglobin	HB	P69905	Normal	Diagnostic	27.55 (25.6-29.5) Pg	Children: 3-<6 yrs old	Both	Blood	Adeli K, Higgins V, Trajcevski K, White-Al Habeeb N. The Canadian laboratory initiative on pediatric reference intervals: a CALIPER white paper. Crit Rev Cliin Lab Sci. 2017 Sep;54(6):358-413. doi: 10.1080/10408363.2017.1379945. Epub 2017 Oct 11. Erratum in: crit Rev Clin Lab Sci. 2020 Mar;57(2):145. doi: 10.1080/10408363.2019.1704475. PMID: 29017389.
124	Hemoglobin	HB	P69905	Normal	Diagnostic	28 (25.4-30.6) Pg	Children: 6-<13 yrs old	Both	Blood	Adeli K, Higgins V, Trajcevski K, White-Al Habeeb N. The Canadian laboratory initiative on pediatric reference intervals: a CALIPER white paper. Crit Rev Cliin Lab Sci. 2017 Sep;54(6):358-413. doi: 10.1080/10408363.2017.1379945. Epub 2017 Oct 11. Erratum in: crit Rev Clin Lab Sci. 2020 Mar;57(2):145. doi: 10.1080/10408363.2019.1704475. PMID: 29017389.
124	Hemoglobin	HB	P69905	Normal	Diagnostic	29.1 (26-32.2) Pg	Adolescent/Adult: 13-<21 yrs old	Both	Blood	Adeli K, Higgins V, Trajcevski K, White-Al Habeeb N. The Canadian laboratory initiative on pediatric reference intervals: a CALIPER white paper. Crit Rev Cliin Lab Sci. 2017 Sep;54(6):358-413. doi: 10.1080/10408363.2017.1379945. Epub 2017 Oct 11. Erratum in: crit Rev Clin Lab Sci. 2020 Mar;57(2):145. doi: 10.1080/10408363.2019.1704475. PMID: 29017389.
124	Hemoglobin	HB	P69905	Normal	Diagnostic	332 (321-343) g/L	Infant/Adult: 0-<21 yrs old	Both	Blood	Adeli K, Higgins V, Trajcevski K, White-Al Habeeb N. The Canadian laboratory initiative on pediatric reference intervals: a CALIPER white paper. Crit Rev Cliin Lab Sci. 2017 Sep;54(6):358-413. doi: 10.1080/10408363.2017.1379945. Epub 2017 Oct 11. Erratum in: crit Rev Clin Lab Sci. 2020 Mar;57(2):145. doi: 10.1080/10408363.2019.1704475. PMID: 29017389.
124	Hemoglobin	HB	P69905	Normal	Diagnostic	27.8 (23.4-32.2) pg	Infant/Children: 30 days - <4 yrs old	Both	Blood	Adeli K, Higgins V, Trajcevski K, White-Al Habeeb N. The Canadian laboratory initiative on pediatric reference intervals: a CALIPER white paper. Crit Rev Cliin Lab Sci. 2017 Sep;54(6):358-413. doi: 10.1080/10408363.2017.1379945. Epub 2017 Oct 11. Erratum in: crit Rev Clin Lab Sci. 2020 Mar;57(2):145. doi: 10.1080/10408363.2019.1704475. PMID: 29017389.
124	Hemoglobin	HB	P69905	Normal	Diagnostic	30.15 (27.3-33) pg	Children: 4-<12 yrs old	Both	Blood	Adeli K, Higgins V, Trajcevski K, White-Al Habeeb N. The Canadian laboratory initiative on pediatric reference intervals: a CALIPER white paper. Crit Rev Cliin Lab Sci. 2017 Sep;54(6):358-413. doi: 10.1080/10408363.2017.1379945. Epub 2017 Oct 11. Erratum in: crit Rev Clin Lab Sci. 2020 Mar;57(2):145. doi: 10.1080/10408363.2019.1704475. PMID: 29017389.
124	Hemoglobin	HB	P69905	Normal	Diagnostic	30.9 (27.5-34.3) pg	Adolescent: 12-<19 yrs old	Both	Blood	Adeli K, Higgins V, Trajcevski K, White-Al Habeeb N. The Canadian laboratory initiative on pediatric reference intervals: a CALIPER white paper. Crit Rev Cliin Lab Sci. 2017 Sep;54(6):358-413. doi: 10.1080/10408363.2017.1379945. Epub 2017 Oct 11. Erratum in: crit Rev Clin Lab Sci. 2020 Mar;57(2):145. doi: 10.1080/10408363.2019.1704475. PMID: 29017389.
124	Hemoglobin	HB	P69905	Normal	Diagnostic	0.965 (0.48-1.45) %	Infant/Children: 0-<5 yrs old	Both	Blood	Adeli K, Higgins V, Trajcevski K, White-Al Habeeb N. The Canadian laboratory initiative on pediatric reference intervals: a CALIPER white paper. Crit Rev Cliin Lab Sci. 2017 Sep;54(6):358-413. doi: 10.1080/10408363.2017.1379945. Epub 2017 Oct 11. Erratum in: crit Rev Clin Lab Sci. 2020 Mar;57(2):145. doi: 10.1080/10408363.2019.1704475. PMID: 29017389.
124	Hemoglobin	HB	P69905	Normal	Diagnostic	0.85 (0.6-1.1) %	Children/Adolescent: 5-<19 yrs old	Both	Blood	Adeli K, Higgins V, Trajcevski K, White-Al Habeeb N. The Canadian laboratory initiative on pediatric reference intervals: a CALIPER white paper. Crit Rev Cliin Lab Sci. 2017 Sep;54(6):358-413. doi: 10.1080/10408363.2017.1379945. Epub 2017 Oct 11. Erratum in: crit Rev Clin Lab Sci. 2020 Mar;57(2):145. doi: 10.1080/10408363.2019.1704475. PMID: 29017389.
124	Hemoglobin	HB	P69905	Normal	Diagnostic	26.65 (23.8-29.5) pg	Infant/Children: 30 days - <4 yrs old	Both	Blood	Adeli K, Higgins V, Trajcevski K, White-Al Habeeb N. The Canadian laboratory initiative on pediatric reference intervals: a CALIPER white paper. Crit Rev Cliin Lab Sci. 2017 Sep;54(6):358-413. doi: 10.1080/10408363.2017.1379945. Epub 2017 Oct 11. Erratum in: crit Rev Clin Lab Sci. 2020 Mar;57(2):145. doi: 10.1080/10408363.2019.1704475. PMID: 29017389.
124	Hemoglobin	HB	P69905	Normal	Diagnostic	28 (25.7-30.3) pg	Children: 4-<10 yrs old	Both	Blood	Adeli K, Higgins V, Trajcevski K, White-Al Habeeb N. The Canadian laboratory initiative on pediatric reference intervals: a CALIPER white paper. Crit Rev Cliin Lab Sci. 2017 Sep;54(6):358-413. doi: 10.1080/10408363.2017.1379945. Epub 2017 Oct 11. Erratum in: crit Rev Clin Lab Sci. 2020 Mar;57(2):145. doi: 10.1080/10408363.2019.1704475. PMID: 29017389.
124	Hemoglobin	HB	P69905	Normal	Diagnostic	28.9 (26.2-31.6) pg	Children/Adolescent: 10-<19 yrs old	Both	Blood	Adeli K, Higgins V, Trajcevski K, White-Al Habeeb N. The Canadian laboratory initiative on pediatric reference intervals: a CALIPER white paper. Crit Rev Cliin Lab Sci. 2017 Sep;54(6):358-413. doi: 10.1080/10408363.2017.1379945. Epub 2017 Oct 11. Erratum in: crit Rev Clin Lab Sci. 2020 Mar;57(2):145. doi: 10.1080/10408363.2019.1704475. PMID: 29017389.
124	Hemoglobin	HB	P69905	Normal	Diagnostic	9.55 (7.7-11.4) n/a	Infant/Children: 0-<2 yrs old	Female	Blood	Adeli K, Higgins V, Trajcevski K, White-Al Habeeb N. The Canadian laboratory initiative on pediatric reference intervals: a CALIPER white paper. Crit Rev Cliin Lab Sci. 2017 Sep;54(6):358-413. doi: 10.1080/10408363.2017.1379945. Epub 2017 Oct 11. Erratum in: crit Rev Clin Lab Sci. 2020 Mar;57(2):145. doi: 10.1080/10408363.2019.1704475. PMID: 29017389.
124	Hemoglobin	HB	P69905	Normal	Diagnostic	10.3 (8.9-11.7) n/a	Children: 2-<5 yrs old	Female	Blood	Adeli K, Higgins V, Trajcevski K, White-Al Habeeb N. The Canadian laboratory initiative on pediatric reference intervals: a CALIPER white paper. Crit Rev Cliin Lab Sci. 2017 Sep;54(6):358-413. doi: 10.1080/10408363.2017.1379945. Epub 2017 Oct 11. Erratum in: crit Rev Clin Lab Sci. 2020 Mar;57(2):145. doi: 10.1080/10408363.2019.1704475. PMID: 29017389.
124	Hemoglobin	HB	P69905	Normal	Diagnostic	11.1 (9.3-12.9) n/a	Children: 5-<12 yrs old	Female	Blood	Adeli K, Higgins V, Trajcevski K, White-Al Habeeb N. The Canadian laboratory initiative on pediatric reference intervals: a CALIPER white paper. Crit Rev Cliin Lab Sci. 2017 Sep;54(6):358-413. doi: 10.1080/10408363.2017.1379945. Epub 2017 Oct 11. Erratum in: crit Rev Clin Lab Sci. 2020 Mar;57(2):145. doi: 10.1080/10408363.2019.1704475. PMID: 29017389.
124	Hemoglobin	HB	P69905	Normal	Diagnostic	11.65 (9.8-13.5) n/a	Adolescent: 12-<15 yrs old	Female	Blood	Adeli K, Higgins V, Trajcevski K, White-Al Habeeb N. The Canadian laboratory initiative on pediatric reference intervals: a CALIPER white paper. Crit Rev Cliin Lab Sci. 2017 Sep;54(6):358-413. doi: 10.1080/10408363.2017.1379945. Epub 2017 Oct 11. Erratum in: crit Rev Clin Lab Sci. 2020 Mar;57(2):145. doi: 10.1080/10408363.2019.1704475. PMID: 29017389.
124	Hemoglobin	HB	P69905	Normal	Diagnostic	12.2 (10.2-14.2) n/a	Adolescent/Adult: 15-<21 yrs old	Female	Blood	Adeli K, Higgins V, Trajcevski K, White-Al Habeeb N. The Canadian laboratory initiative on pediatric reference intervals: a CALIPER white paper. Crit Rev Cliin Lab Sci. 2017 Sep;54(6):358-413. doi: 10.1080/10408363.2017.1379945. Epub 2017 Oct 11. Erratum in: crit Rev Clin Lab Sci. 2020 Mar;57(2):145. doi: 10.1080/10408363.2019.1704475. PMID: 29017389.
124	Hemoglobin	HB	P69905	Normal	Diagnostic	9.55 (7.7-11.4) n/a	Infant/Children: 0-<2 yrs old	Male	Blood	Adeli K, Higgins V, Trajcevski K, White-Al Habeeb N. The Canadian laboratory initiative on pediatric reference intervals: a CALIPER white paper. Crit Rev Cliin Lab Sci. 2017 Sep;54(6):358-413. doi: 10.1080/10408363.2017.1379945. Epub 2017 Oct 11. Erratum in: crit Rev Clin Lab Sci. 2020 Mar;57(2):145. doi: 10.1080/10408363.2019.1704475. PMID: 29017389.
124	Hemoglobin	HB	P69905	Normal	Diagnostic	10.3 (8.9-11.7) n/a	Children: 2-<5 yrs old	Male	Blood	Adeli K, Higgins V, Trajcevski K, White-Al Habeeb N. The Canadian laboratory initiative on pediatric reference intervals: a CALIPER white paper. Crit Rev Cliin Lab Sci. 2017 Sep;54(6):358-413. doi: 10.1080/10408363.2017.1379945. Epub 2017 Oct 11. Erratum in: crit Rev Clin Lab Sci. 2020 Mar;57(2):145. doi: 10.1080/10408363.2019.1704475. PMID: 29017389.
124	Hemoglobin	HB	P69905	Normal	Diagnostic	11.1 (9.3-12.9) n/a	Children: 5-<12 yrs old	Male	Blood	Adeli K, Higgins V, Trajcevski K, White-Al Habeeb N. The Canadian laboratory initiative on pediatric reference intervals: a CALIPER white paper. Crit Rev Cliin Lab Sci. 2017 Sep;54(6):358-413. doi: 10.1080/10408363.2017.1379945. Epub 2017 Oct 11. Erratum in: crit Rev Clin Lab Sci. 2020 Mar;57(2):145. doi: 10.1080/10408363.2019.1704475. PMID: 29017389.
124	Hemoglobin	HB	P69905	Normal	Diagnostic	11.65 (9.8-13.5) n/a	Adolescent: 12-<15 yrs old	Male	Blood	Adeli K, Higgins V, Trajcevski K, White-Al Habeeb N. The Canadian laboratory initiative on pediatric reference intervals: a CALIPER white paper. Crit Rev Cliin Lab Sci. 2017 Sep;54(6):358-413. doi: 10.1080/10408363.2017.1379945. Epub 2017 Oct 11. Erratum in: crit Rev Clin Lab Sci. 2020 Mar;57(2):145. doi: 10.1080/10408363.2019.1704475. PMID: 29017389.
124	Hemoglobin	HB	P69905	Normal	Diagnostic	13.7 (11.7-15.7) n/a	Adolescent/Adult: 15-<21 yrs old	Male	Blood	Adeli K, Higgins V, Trajcevski K, White-Al Habeeb N. The Canadian laboratory initiative on pediatric reference intervals: a CALIPER white paper. Crit Rev Cliin Lab Sci. 2017 Sep;54(6):358-413. doi: 10.1080/10408363.2017.1379945. Epub 2017 Oct 11. Erratum in: crit Rev Clin Lab Sci. 2020 Mar;57(2):145. doi: 10.1080/10408363.2019.1704475. PMID: 29017389.
124	Hemoglobin	HB	P69905	Normal	Diagnostic	41.55 (5.9-77.2) %	Infant: 0-30 days	Both	Blood	Mayo Clinic Test Catalog
124	Hemoglobin	HB	P69905	Normal	Diagnostic	50.15 (7.9-92.4) %	Infant: 1-2 months	Both	Blood	Mayo Clinic Test Catalog
124	Hemoglobin	HB	P69905	Normal	Diagnostic	75.9 (54.7-97.1) %	Infant: 3-5 months	Both	Blood	Mayo Clinic Test Catalog
124	Hemoglobin	HB	P69905	Normal	Diagnostic	89 (80-98) %	Infant: 6-8 months	Both	Blood	Mayo Clinic Test Catalog
124	Hemoglobin	HB	P69905	Normal	Diagnostic	92.1 (86.2-98) %	Infant: 9-12 months	Both	Blood	Mayo Clinic Test Catalog
124	Hemoglobin	HB	P69905	Normal	Diagnostic	93.4 (88.8-98) %	Children: 13-17 months	Both	Blood	Mayo Clinic Test Catalog
124	Hemoglobin	HB	P69905	Normal	Diagnostic	94.2 (90.4-98) %	Children: 18-23 months	Both	Blood	Mayo Clinic Test Catalog
124	Hemoglobin	HB	P69905	Normal	Diagnostic	96.9 (95.8-98) %	Children: >24 months	Both	Blood	Mayo Clinic Test Catalog
124	Hemoglobin	HB	P69905	Normal	Diagnostic	1.05 (0-2.1) %	Infant: 0-30 days	Both	Blood	Mayo Clinic Test Catalog
124	Hemoglobin	HB	P69905	Normal	Diagnostic	1.3 (0-2.6) %	Infant: 1-2 months	Both	Blood	Mayo Clinic Test Catalog
124	Hemoglobin	HB	P69905	Normal	Diagnostic	2.2 (1.3-3.1) %	Infant: 3-5 months	Both	Blood	Mayo Clinic Test Catalog
124	Hemoglobin	HB	P69905	Normal	Diagnostic	2.65 (2-3.3) %	Infant/Children: >6 months	Both	Blood	Mayo Clinic Test Catalog
124	Hemoglobin	HB	P69905	Normal	Diagnostic	57.4 (22.8-92) %	Infant: 0-30 days	Both	Blood	Mayo Clinic Test Catalog
124	Hemoglobin	HB	P69905	Normal	Diagnostic	48.7 (7.6-89.8) %	Infant: 1-2 months	Both	Blood	Mayo Clinic Test Catalog
124	Hemoglobin	HB	P69905	Normal	Diagnostic	21.9 (1.6-42.2) %	Infant: 3-5 months	Both	Blood	Mayo Clinic Test Catalog
124	Hemoglobin	HB	P69905	Normal	Diagnostic	8.35 (0-16.7) %	Infant: 6-8 months	Both	Blood	Mayo Clinic Test Catalog
124	Hemoglobin	HB	P69905	Normal	Diagnostic	5.25 (0-10.5) %	Infant: 9-12 months	Both	Blood	Mayo Clinic Test Catalog
124	Hemoglobin	HB	P69905	Normal	Diagnostic	3.95 (0-7.9) %	Children: 13-17 months	Both	Blood	Mayo Clinic Test Catalog
124	Hemoglobin	HB	P69905	Normal	Diagnostic	3.15 (0-6.3) %	Children: 18-23 months	Both	Blood	Mayo Clinic Test Catalog
124	Hemoglobin	HB	P69905	Normal	Diagnostic	0.45 (0-0.9) %	All	Both	Blood	Mayo Clinic Test Catalog
125	IgA		P01860	Immunoglobulin A Deficiency	Diagnostic	<0.8 g/L	Adult: >=18 yrs old	Both	serum	Exeter Clinical Laboratories: Immunoglobulin laboratories
125	IgA		P01860	Normal	Diagnostic	2.4 (0.8-4.0) g/L	Adult: >=18 yrs old	Both	serum	Exeter Clinical Laboratories: Immunoglobulin laboratories
125	IgA		P01860	Chronic Infections	Diagnostic	>400 mg/dL	Adult: >=18 yrs old	Both	Blood	Labtests online: Immunoglobulins (IgA, IgG, IgM)
125	IgA		P01860	Normal	Diagnostic	230 (60-400) mg/dL	Adult: >=18 yrs old	Both	Blood	University of Michigan Medicine: Immunoglobulins
125	IgA		P01860	Autoimmune Disease	Diagnostic	>400 mg/dL	Adult: >=18 yrs old	Both	Blood	Labtests online: Immunoglobulins (IgA, IgG, IgM)
125	IgA		P01860	Normal	Diagnostic	230 (60-400) mg/dL	Adult: >=18 yrs old	Both	Blood	University of Michigan Medicine: Immunoglobulins
125	IgA		P01860	Cirrhosis	Diagnostic	>400 mg/dL	Adult: >=18 yrs old	Both	Blood	Labtests online: Immunoglobulins (IgA, IgG, IgM)
125	IgA		P01860	Normal	Diagnostic	230 (60-400) mg/dL	Adult: >=18 yrs old	Both	Blood	University of Michigan Medicine: Immunoglobulins
125	IgA		P01860	Multiple Myeloma	Diagnostic	<60 mg/dL	Adult: >=18 yrs old	Both	Blood	Labtests online: Immunoglobulins (IgA, IgG, IgM)
125	IgA		P01860	Normal	Diagnostic	230 (60-400) mg/dL	Adult: >=18 yrs old	Both	Blood	University of Michigan Medicine: Immunoglobulins
125	IgA		P01860	Normal	Diagnostic	230 (60-400) mg/dL	Adult: >=18 yrs old	Both	Blood	University of Michigan Medicine: Immunoglobulins
125	IgA		P01860	Normal	Diagnostic	0.15 (0-0.3) g/L	Infant: 0-<1 yrs old	Both	Serum	Adeli K, Higgins V, Trajcevski K, White-Al Habeeb N. The Canadian laboratory initiative on pediatric reference intervals: a CALIPER white paper. Crit Rev Cliin Lab Sci. 2017 Sep;54(6):358-413. doi: 10.1080/10408363.2017.1379945. Epub 2017 Oct 11. Erratum in: crit Rev Clin Lab Sci. 2020 Mar;57(2):145. doi: 10.1080/10408363.2019.1704475. PMID: 29017389.
125	IgA		P01860	Normal	Diagnostic	0.45 (0-0.9) g/L	Children: 1-<3 yrs old	Both	Serum	Adeli K, Higgins V, Trajcevski K, White-Al Habeeb N. The Canadian laboratory initiative on pediatric reference intervals: a CALIPER white paper. Crit Rev Cliin Lab Sci. 2017 Sep;54(6):358-413. doi: 10.1080/10408363.2017.1379945. Epub 2017 Oct 11. Erratum in: crit Rev Clin Lab Sci. 2020 Mar;57(2):145. doi: 10.1080/10408363.2019.1704475. PMID: 29017389.
125	IgA		P01860	Normal	Diagnostic	0.9 (0.3-1.5) g/L	Children: 3-<6 yrs old	Both	Serum	Adeli K, Higgins V, Trajcevski K, White-Al Habeeb N. The Canadian laboratory initiative on pediatric reference intervals: a CALIPER white paper. Crit Rev Cliin Lab Sci. 2017 Sep;54(6):358-413. doi: 10.1080/10408363.2017.1379945. Epub 2017 Oct 11. Erratum in: crit Rev Clin Lab Sci. 2020 Mar;57(2):145. doi: 10.1080/10408363.2019.1704475. PMID: 29017389.
125	IgA		P01860	Normal	Diagnostic	1.35 (0.5-2.2) g/L	Children/Adolescent: 6-<14 yrs old	Both	Serum	Adeli K, Higgins V, Trajcevski K, White-Al Habeeb N. The Canadian laboratory initiative on pediatric reference intervals: a CALIPER white paper. Crit Rev Cliin Lab Sci. 2017 Sep;54(6):358-413. doi: 10.1080/10408363.2017.1379945. Epub 2017 Oct 11. Erratum in: crit Rev Clin Lab Sci. 2020 Mar;57(2):145. doi: 10.1080/10408363.2019.1704475. PMID: 29017389.
125	IgA		P01860	Normal	Diagnostic	1.7 (0.5-2.9) g/L	Adolescent: 14-<19 yrs old	Both	Serum	Adeli K, Higgins V, Trajcevski K, White-Al Habeeb N. The Canadian laboratory initiative on pediatric reference intervals: a CALIPER white paper. Crit Rev Cliin Lab Sci. 2017 Sep;54(6):358-413. doi: 10.1080/10408363.2017.1379945. Epub 2017 Oct 11. Erratum in: crit Rev Clin Lab Sci. 2020 Mar;57(2):145. doi: 10.1080/10408363.2019.1704475. PMID: 29017389.
125	IgA		P01860	Antiphospholipid Syndrome (APS)	Diagnostic	12 U/mL	All	Both	Serum	Mayo Clinic Test Catalog
126	IgE		P01860	Allergic Disease	Diagnostic	>13 kU/L	Infant: 1 wk-2 yrs old	Both	serum	Mayo Clinic Laboratories: Immunoglobulin E serum
126	IgE		P01860	Normal	Diagnostic	<=13 kU/L	Infant: 1 wk-2 yrs old	Both	serum	Mayo Clinic Laboratories: Immunoglobulin E serum
126	IgE		P01860	Allergic Disease	Diagnostic	>34 kU/L	Infant: 1 wk-2 yrs old	Both	serum	Mayo Clinic Laboratories: Immunoglobulin E serum
126	IgE		P01860	Normal	Diagnostic	<=34 kU/L	Infant: 1 wk-2 yrs old	Both	serum	Mayo Clinic Laboratories: Immunoglobulin E serum
126	IgE		P01860	Allergic Disease	Diagnostic	>97 kU/L	Infant: 1 wk-2 yrs old	Both	serum	Mayo Clinic Laboratories: Immunoglobulin E serum
126	IgE		P01860	Normal	Diagnostic	<=97 kU/L	Infant: 1 wk-2 yrs old	Both	serum	Mayo Clinic Laboratories: Immunoglobulin E serum
126	IgE		P01860	Allergic Disease	Diagnostic	>199 kU/L	Children: 2-17 yrs old	Both	serum	Mayo Clinic Laboratories: Immunoglobulin E serum
126	IgE		P01860	Normal	Diagnostic	<=199 kU/L	Children: 2-17 yrs old	Both	serum	Mayo Clinic Laboratories: Immunoglobulin E serum
126	IgE		P01860	Allergic Disease	Diagnostic	>307 kU/L	Children: 2-17 yrs old	Both	serum	Mayo Clinic Laboratories: Immunoglobulin E serum
126	IgE		P01860	Normal	Diagnostic	<=307 kU/L	Children: 2-17 yrs old	Both	serum	Mayo Clinic Laboratories: Immunoglobulin E serum
126	IgE		P01860	Allergic Disease	Diagnostic	>403 kU/L	Children: 2-17 yrs old	Both	serum	Mayo Clinic Laboratories: Immunoglobulin E serum
126	IgE		P01860	Normal	Diagnostic	<=403 kU/L	Children: 2-17 yrs old	Both	serum	Mayo Clinic Laboratories: Immunoglobulin E serum
126	IgE		P01860	Allergic Disease	Diagnostic	>696 kU/L	Children: 2-17 yrs old	Both	serum	Mayo Clinic Laboratories: Immunoglobulin E serum
126	IgE		P01860	Normal	Diagnostic	<=696 kU/L	Children: 2-17 yrs old	Both	serum	Mayo Clinic Laboratories: Immunoglobulin E serum
126	IgE		P01860	Allergic Disease	Diagnostic	>629 kU/L	Adolescent:13-18 yrs old	Both	serum	Mayo Clinic Laboratories: Immunoglobulin E serum
126	IgE		P01860	Normal	Diagnostic	<=629 kU/L	Adolescent:13-18 yrs old	Both	serum	Mayo Clinic Laboratories: Immunoglobulin E serum
126	IgE		P01860	Allergic Disease	Diagnostic	>537 kU/L	Adolescent:13-18 yrs old	Both	serum	Mayo Clinic Laboratories: Immunoglobulin E serum
126	IgE		P01860	Normal	Diagnostic	<=537 kU/L	Adolescent:13-18 yrs old	Both	serum	Mayo Clinic Laboratories: Immunoglobulin E serum
126	IgE		P01860	Allergic Disease	Diagnostic	>214 kU/L	Adult: >=18 yrs old	Both	serum	Mayo Clinic Laboratories: Immunoglobulin E serum
126	IgE		P01860	Normal	Diagnostic	<=214 kU/L	Adult: >=18 yrs old	Both	serum	Mayo Clinic Laboratories: Immunoglobulin E serum
126	IgE		P01860	Allergic bronchopulmonary aspergillosis	Diagnostic	>13 kU/L	Infant: 1 wk-2 yrs old	Both	serum	mayo clinic: Immunoglobulin E, serum
126	IgE		P01860	Normal	Diagnostic	<=13 kU/L	Infant: 1 wk-2 yrs old	Both	serum	mayo clinic: Immunoglobulin E, serum
126	IgE		P01860	Allergic bronchopulmonary aspergillosis	Diagnostic	>34 kU/L	Infant: 1 wk-2 yrs old	Both	serum	mayo clinic: Immunoglobulin E, serum
126	IgE		P01860	Normal	Diagnostic	<=34 kU/L	Infant: 1 wk-2 yrs old	Both	serum	mayo clinic: Immunoglobulin E, serum
126	IgE		P01860	Allergic bronchopulmonary aspergillosis	Diagnostic	>97 kU/L	Infant: 1 wk-2 yrs old	Both	serum	mayo clinic: Immunoglobulin E, serum
126	IgE		P01860	Normal	Diagnostic	<=97 kU/L	Infant: 1 wk-2 yrs old	Both	serum	mayo clinic: Immunoglobulin E, serum
126	IgE		P01860	Allergic bronchopulmonary aspergillosis	Diagnostic	>199 kU/L	Children: 2-17 yrs old	Both	serum	mayo clinic: Immunoglobulin E, serum
126	IgE		P01860	Normal	Diagnostic	<=199 kU/L	Children: 2-17 yrs old	Both	serum	mayo clinic: Immunoglobulin E, serum
126	IgE		P01860	Allergic bronchopulmonary aspergillosis	Diagnostic	>307 kU/L	Children: 2-17 yrs old	Both	serum	mayo clinic: Immunoglobulin E, serum
126	IgE		P01860	Normal	Diagnostic	<=307 kU/L	Children: 2-17 yrs old	Both	serum	mayo clinic: Immunoglobulin E, serum
126	IgE		P01860	Allergic bronchopulmonary aspergillosis	Diagnostic	>403 kU/L	Children: 2-17 yrs old	Both	serum	mayo clinic: Immunoglobulin E, serum
126	IgE		P01860	Normal	Diagnostic	<=403 kU/L	Children: 2-17 yrs old	Both	serum	mayo clinic: Immunoglobulin E, serum
126	IgE		P01860	Allergic bronchopulmonary aspergillosis	Diagnostic	>696 kU/L	Children: 2-17 yrs old	Both	serum	mayo clinic: Immunoglobulin E, serum
126	IgE		P01860	Normal	Diagnostic	<=696 kU/L	Children: 2-17 yrs old	Both	serum	mayo clinic: Immunoglobulin E, serum
126	IgE		P01860	Allergic bronchopulmonary aspergillosis	Diagnostic	>629 kU/L	Adolescent:13-18 yrs old	Both	serum	mayo clinic: Immunoglobulin E, serum
126	IgE		P01860	Normal	Diagnostic	<=629 kU/L	Adolescent:13-18 yrs old	Both	serum	mayo clinic: Immunoglobulin E, serum
126	IgE		P01860	Allergic bronchopulmonary aspergillosis	Diagnostic	>537 kU/L	Adolescent:13-18 yrs old	Both	serum	mayo clinic: Immunoglobulin E, serum
126	IgE		P01860	Normal	Diagnostic	<=537 kU/L	Adolescent:13-18 yrs old	Both	serum	mayo clinic: Immunoglobulin E, serum
126	IgE		P01860	Allergic bronchopulmonary aspergillosis	Diagnostic	>214 kU/L	Adult: >=18 yrs old	Both	serum	mayo clinic: Immunoglobulin E, serum
126	IgE		P01860	Normal	Diagnostic	<=214 kU/L	Adult: >=18 yrs old	Both	serum	mayo clinic: Immunoglobulin E, serum
126	IgE		P01860	Normal	Diagnostic	220 (0-440) IU/mL	Infant/Children: 0-<7 yrs old	Both	Serum	Adeli K, Higgins V, Trajcevski K, White-Al Habeeb N. The Canadian laboratory initiative on pediatric reference intervals: a CALIPER white paper. Crit Rev Cliin Lab Sci. 2017 Sep;54(6):358-413. doi: 10.1080/10408363.2017.1379945. Epub 2017 Oct 11. Erratum in: crit Rev Clin Lab Sci. 2020 Mar;57(2):145. doi: 10.1080/10408363.2019.1704475. PMID: 29017389.
126	IgE		P01860	Normal	Diagnostic	225 (0-450) IU/mL	Children/Adolescent: 7-<19 yrs old	Both	Serum	Adeli K, Higgins V, Trajcevski K, White-Al Habeeb N. The Canadian laboratory initiative on pediatric reference intervals: a CALIPER white paper. Crit Rev Cliin Lab Sci. 2017 Sep;54(6):358-413. doi: 10.1080/10408363.2017.1379945. Epub 2017 Oct 11. Erratum in: crit Rev Clin Lab Sci. 2020 Mar;57(2):145. doi: 10.1080/10408363.2019.1704475. PMID: 29017389.
126	IgE		P01860	Normal	Diagnostic	<0.35 kU/L	All	Both	Serum	Mayo Clinic Test Catalog
126	IgE		P01860	Allergic Disease	Diagnostic	>0.35 kU/L	All	Both	Serum	Mayo Clinic Test Catalog
126	IgE		P01860	Dairy Foods Consumption	Diagnostic	0.35 kU/L	All	Both	serum	Mayo Clinic Test Catalog
126	IgE		P01860	Dairy Foods Consumption	Diagnostic	0.52 (0.35-0.69) kU/L	All	Both	serum	Mayo Clinic Test Catalog
126	IgE		P01860	Dairy Foods Consumption	Diagnostic	2.095 (0.7-3.49) kU/L	All	Both	serum	Mayo Clinic Test Catalog
126	IgE		P01860	Dairy Foods Consumption	Diagnostic	10.495 (3.5-17.49) kU/L	All	Both	serum	Mayo Clinic Test Catalog
126	IgE		P01860	Dairy Foods Consumption	Diagnostic	33.745 (17.5-49.99) kU/L	All	Both	serum	Mayo Clinic Test Catalog
126	IgE		P01860	Dairy Foods Consumption	Diagnostic	49.99 kU/L	All	Both	serum	Mayo Clinic Test Catalog
126	IgE		P01860	Walnut Consumption	Diagnostic	0.1 kU/L	All	Both	serum	Mayo Clinic Test Catalog
126	IgE		P01860	Walnut Consumption	Diagnostic	0.22 (0.1-0.34) kU/L	All	Both	serum	Mayo Clinic Test Catalog
126	IgE		P01860	Walnut Consumption	Diagnostic	0.52 (0.35-0.69) kU/L	All	Both	serum	Mayo Clinic Test Catalog
126	IgE		P01860	Walnut Consumption	Diagnostic	2.095 (0.7-3.49) kU/L	All	Both	serum	Mayo Clinic Test Catalog
126	IgE		P01860	Walnut Consumption	Diagnostic	10.45 (3.5-17.4) kU/L	All	Both	serum	Mayo Clinic Test Catalog
126	IgE		P01860	Walnut Consumption	Diagnostic	33.7 (17.5-49.9) kU/L	All	Both	serum	Mayo Clinic Test Catalog
126	IgE		P01860	Walnut Consumption	Diagnostic	74.995 (50-99.99) kU/L	All	Both	serum	Mayo Clinic Test Catalog
126	IgE		P01860	Zucchini Consumption	Diagnostic	0.35 kU/L	All	Both	serum	Mayo Clinic Test Catalog
126	IgE		P01860	Zucchini Consumption	Diagnostic	0.52 (0.35-0.69) kU/L	All	Both	serum	Mayo Clinic Test Catalog
126	IgE		P01860	Zucchini Consumption	Diagnostic	2.095 (0.7-3.49) kU/L	All	Both	serum	Mayo Clinic Test Catalog
126	IgE		P01860	Zucchini Consumption	Diagnostic	10.495 (3.5-17.49) kU/L	All	Both	serum	Mayo Clinic Test Catalog
126	IgE		P01860	Zucchini Consumption	Diagnostic	33.745 (17.5-49.99) kU/L	All	Both	serum	Mayo Clinic Test Catalog
126	IgE		P01860	Zucchini Consumption	Diagnostic	49.99 kU/L	All	Both	serum	Mayo Clinic Test Catalog
126	IgE		P01860	Hornet Venom Exposure	Diagnostic	0.1 kU/L	All	Both	serum	Mayo Clinic Test Catalog
126	IgE		P01860	Hornet Venom Exposure	Diagnostic	0.22 (0.1-0.34) kU/L	All	Both	serum	Mayo Clinic Test Catalog
126	IgE		P01860	Hornet Venom Exposure	Diagnostic	0.52 (0.35-0.69) kU/L	All	Both	serum	Mayo Clinic Test Catalog
126	IgE		P01860	Hornet Venom Exposure	Diagnostic	2.095 (0.7-3.49) kU/L	All	Both	serum	Mayo Clinic Test Catalog
126	IgE		P01860	Hornet Venom Exposure	Diagnostic	10.45 (3.5-17.4) kU/L	All	Both	serum	Mayo Clinic Test Catalog
126	IgE		P01860	Hornet Venom Exposure	Diagnostic	33.7 (17.5-49.9) kU/L	All	Both	serum	Mayo Clinic Test Catalog
126	IgE		P01860	Hornet Venom Exposure	Diagnostic	74.95 (50-99.9) kU/L	All	Both	serum	Mayo Clinic Test Catalog
126	IgE		P01860	Hornet Venom Exposure	Diagnostic	0.1 kU/L	All	Both	serum	Mayo Clinic Test Catalog
126	IgE		P01860	Hornet Venom Exposure	Diagnostic	0.22 (0.1-0.34) kU/L	All	Both	serum	Mayo Clinic Test Catalog
126	IgE		P01860	Hornet Venom Exposure	Diagnostic	0.52 (0.35-0.69) kU/L	All	Both	serum	Mayo Clinic Test Catalog
126	IgE		P01860	Hornet Venom Exposure	Diagnostic	2.095 (0.7-3.49) kU/L	All	Both	serum	Mayo Clinic Test Catalog
126	IgE		P01860	Hornet Venom Exposure	Diagnostic	10.45 (3.5-17.4) kU/L	All	Both	serum	Mayo Clinic Test Catalog
126	IgE		P01860	Hornet Venom Exposure	Diagnostic	33.7 (17.5-49.9) kU/L	All	Both	serum	Mayo Clinic Test Catalog
126	IgE		P01860	Hornet Venom Exposure	Diagnostic	74.95 (50-99.9) kU/L	All	Both	serum	Mayo Clinic Test Catalog
126	IgE		P01860	Wall Eyed Pike Consumption	Diagnostic	0.1 kU/L	All	Both	serum	Mayo Clinic Test Catalog
126	IgE		P01860	Wall Eyed Pike Consumption	Diagnostic	0.22 (0.1-0.34) kU/L	All	Both	serum	Mayo Clinic Test Catalog
126	IgE		P01860	Wall Eyed Pike Consumption	Diagnostic	0.52 (0.35-0.69) kU/L	All	Both	serum	Mayo Clinic Test Catalog
126	IgE		P01860	Wall Eyed Pike Consumption	Diagnostic	2.095 (0.7-3.49) kU/L	All	Both	serum	Mayo Clinic Test Catalog
126	IgE		P01860	Wall Eyed Pike Consumption	Diagnostic	10.45 (3.5-17.4) kU/L	All	Both	serum	Mayo Clinic Test Catalog
126	IgE		P01860	Wall Eyed Pike Consumption	Diagnostic	33.7 (17.5-49.9) kU/L	All	Both	serum	Mayo Clinic Test Catalog
126	IgE		P01860	Wall Eyed Pike Consumption	Diagnostic	74.995 (50-99.99) kU/L	All	Both	serum	Mayo Clinic Test Catalog
126	IgE		P01860	Wall Eyed Pike Consumption	Diagnostic	99.99 kU/L	All	Both	serum	Mayo Clinic Test Catalog
127	IgG		P01860	Chronic Infections	Diagnostic	>1500 mg/dL	Adult: >=18 yrs old	Both	Blood	Labtests online: Immunoglobulins (IgA, IgG, IgM)
127	IgG		P01860	Normal	Diagnostic	1100 (700-1500) mg/dL	Adult: >=18 yrs old	Both	Blood	University of Michigan Medicine: Immunoglobulins
127	IgG		P01860	Autoimmune Disease	Diagnostic	>1500 mg/dL	Adult: >=18 yrs old	Both	Blood	Labtests online: Immunoglobulins (IgA, IgG, IgM)
127	IgG		P01860	Normal	Diagnostic	1100 (700-1500) mg/dL	Adult: >=18 yrs old	Both	Blood	University of Michigan Medicine: Immunoglobulins
127	IgG		P01860	Cirrhosis	Diagnostic	>1500 mg/dL	Adult: >=18 yrs old	Both	Blood	Labtests online: Immunoglobulins (IgA, IgG, IgM)
127	IgG		P01860	Normal	Diagnostic	1100 (700-1500) mg/dL	Adult: >=18 yrs old	Both	Blood	University of Michigan Medicine: Immunoglobulins
127	IgG		P01860	Multiple Myeloma	Diagnostic	<700 mg/dL	Adult: >=18 yrs old	Both	Blood	Labtests online: Immunoglobulins (IgA, IgG, IgM)
127	IgG		P01860	Normal	Diagnostic	1100 (700-1500) mg/dL	Adult: >=18 yrs old	Both	Blood	University of Michigan Medicine: Immunoglobulins
127	IgG		P01860	Autoimmune Hepatitis	Diagnostic	>2250 mg/dL	Adult: >=18 yrs old	Both	Blood	Cleaveland Clinic: Autoimmune Hepatitis
127	IgG		P01860	Normal	Diagnostic	1100 (700-1500) mg/dL	Adult: >=18 yrs old	Both	Blood	University of Michigan Medicine: Immunoglobulins
127	IgG		P01860	Normal	Diagnostic	9.05 (0.4-17.7) kIU/L	Infant/Adolescent: 0-<19 yrs old	Both	Serum	Adeli K, Higgins V, Trajcevski K, White-Al Habeeb N. The Canadian laboratory initiative on pediatric reference intervals: a CALIPER white paper. Crit Rev Cliin Lab Sci. 2017 Sep;54(6):358-413. doi: 10.1080/10408363.2017.1379945. Epub 2017 Oct 11. Erratum in: crit Rev Clin Lab Sci. 2020 Mar;57(2):145. doi: 10.1080/10408363.2019.1704475. PMID: 29017389.
127	IgG		P01860	Normal	Diagnostic	8.6 (3.2-14) g/L	Infant: 0-<15 days old	Both	Serum	Adeli K, Higgins V, Trajcevski K, White-Al Habeeb N. The Canadian laboratory initiative on pediatric reference intervals: a CALIPER white paper. Crit Rev Cliin Lab Sci. 2017 Sep;54(6):358-413. doi: 10.1080/10408363.2017.1379945. Epub 2017 Oct 11. Erratum in: crit Rev Clin Lab Sci. 2020 Mar;57(2):145. doi: 10.1080/10408363.2019.1704475. PMID: 29017389.
127	IgG		P01860	Normal	Diagnostic	4.05 (1.1-7) g/L	Infant: 15 days - 1 yr old	Both	Serum	Adeli K, Higgins V, Trajcevski K, White-Al Habeeb N. The Canadian laboratory initiative on pediatric reference intervals: a CALIPER white paper. Crit Rev Cliin Lab Sci. 2017 Sep;54(6):358-413. doi: 10.1080/10408363.2017.1379945. Epub 2017 Oct 11. Erratum in: crit Rev Clin Lab Sci. 2020 Mar;57(2):145. doi: 10.1080/10408363.2019.1704475. PMID: 29017389.
127	IgG		P01860	Normal	Diagnostic	7.35 (3.2-11.5) g/L	Children: 1-<4 yrs old	Both	Serum	Adeli K, Higgins V, Trajcevski K, White-Al Habeeb N. The Canadian laboratory initiative on pediatric reference intervals: a CALIPER white paper. Crit Rev Cliin Lab Sci. 2017 Sep;54(6):358-413. doi: 10.1080/10408363.2017.1379945. Epub 2017 Oct 11. Erratum in: crit Rev Clin Lab Sci. 2020 Mar;57(2):145. doi: 10.1080/10408363.2019.1704475. PMID: 29017389.
127	IgG		P01860	Normal	Diagnostic	9.5 (5.4-13.6) g/L	Children: 4-<10 yrs old	Both	Serum	Adeli K, Higgins V, Trajcevski K, White-Al Habeeb N. The Canadian laboratory initiative on pediatric reference intervals: a CALIPER white paper. Crit Rev Cliin Lab Sci. 2017 Sep;54(6):358-413. doi: 10.1080/10408363.2017.1379945. Epub 2017 Oct 11. Erratum in: crit Rev Clin Lab Sci. 2020 Mar;57(2):145. doi: 10.1080/10408363.2019.1704475. PMID: 29017389.
127	IgG		P01860	Normal	Diagnostic	10.95 (6.6-15.3) g/L	Children/Adolescent: 10-<19 yrs old	Both	Serum	Adeli K, Higgins V, Trajcevski K, White-Al Habeeb N. The Canadian laboratory initiative on pediatric reference intervals: a CALIPER white paper. Crit Rev Cliin Lab Sci. 2017 Sep;54(6):358-413. doi: 10.1080/10408363.2017.1379945. Epub 2017 Oct 11. Erratum in: crit Rev Clin Lab Sci. 2020 Mar;57(2):145. doi: 10.1080/10408363.2019.1704475. PMID: 29017389.
127	IgG		P01860	Normal	Diagnostic	180.35 (10.7-350) kIU/L	Infant/Adolescent: 0-<19 yrs old	Both	Blood	Adeli K, Higgins V, Trajcevski K, White-Al Habeeb N. The Canadian laboratory initiative on pediatric reference intervals: a CALIPER white paper. Crit Rev Cliin Lab Sci. 2017 Sep;54(6):358-413. doi: 10.1080/10408363.2017.1379945. Epub 2017 Oct 11. Erratum in: crit Rev Clin Lab Sci. 2020 Mar;57(2):145. doi: 10.1080/10408363.2019.1704475. PMID: 29017389.
127	IgG		P01860	Antiphospholipid Syndrome (APS)	Diagnostic	12 U/mL	All	Both	Serum	Mayo Clinic Test Catalog
128	IgM		P01860	Non-specific Inflammation	Diagnostic	>2 g/L	Adult: >=18 yrs old	Both	serum	Exeter Clinical Laboratories: Immunoglobulin laboratories
128	IgM		P01860	Chronic Infections	Diagnostic	>300 mg/dL	Adult: >=18 yrs old	Both	Blood	Labtests online: Immunoglobulins (IgA, IgG, IgM)
128	IgM		P01860	Normal	Diagnostic	180 (60-300) mg/dL	Adult: >=18 yrs old	Both	Blood	University of Michigan Medicine: Immunoglobulins
128	IgM		P01860	Autoimmune Disease	Diagnostic	>300 mg/dL	Adult: >=18 yrs old	Both	Blood	Labtests online: Immunoglobulins (IgA, IgG, IgM)
128	IgM		P01860	Normal	Diagnostic	180 (60-300) mg/dL	Adult: >=18 yrs old	Both	Blood	University of Michigan Medicine: Immunoglobulins
128	IgM		P01860	Cirrhosis	Diagnostic	>300 mg/dL	Adult: >=18 yrs old	Both	Blood	Labtests online: Immunoglobulins (IgA, IgG, IgM)
128	IgM		P01860	Normal	Diagnostic	180 (60-300) mg/dL	Adult: >=18 yrs old	Both	Blood	University of Michigan Medicine: Immunoglobulins
128	IgM		P01860	Normal	Diagnostic	180 (60-300) mg/dL	Adult: >=18 yrs old	Both	Blood	University of Michigan Medicine: Immunoglobulins
128	IgM		P01860	Normal	Diagnostic	180 (60-300) mg/dL	Adult: >=18 yrs old	Both	Blood	University of Michigan Medicine: Immunoglobulins
128	IgM		P01860	Normal	Diagnostic	1.25 (0.5-2) g/L	Adult: >=18 yrs old	Both	Blood	Exeter clinical laboratories: Immunologbulins (IgA, IgG, IgM) tests
128	IgM		P01860	Waldenstrom Macroglobulinemia	Diagnostic	>300 mg/dL	Adult: >=18 yrs old	Both	Blood	University of Michigan Health: IgM
128	IgM		P01860	Normal	Diagnostic	180 (60-300) mg/dL	Adult: >=18 yrs old	Both	Blood	University of Michigan Health: IgM
128	IgM		P01860	Normal	Diagnostic	0.25 (0.1-0.4) g/L	Infant: 0-<15 days old	Female	Serum	Adeli K, Higgins V, Trajcevski K, White-Al Habeeb N. The Canadian laboratory initiative on pediatric reference intervals: a CALIPER white paper. Crit Rev Cliin Lab Sci. 2017 Sep;54(6):358-413. doi: 10.1080/10408363.2017.1379945. Epub 2017 Oct 11. Erratum in: crit Rev Clin Lab Sci. 2020 Mar;57(2):145. doi: 10.1080/10408363.2019.1704475. PMID: 29017389.
128	IgM		P01860	Normal	Diagnostic	0.4 (0.1-0.7) g/L	Infant: 15 days - <13 weeks old	Female	Serum	Adeli K, Higgins V, Trajcevski K, White-Al Habeeb N. The Canadian laboratory initiative on pediatric reference intervals: a CALIPER white paper. Crit Rev Cliin Lab Sci. 2017 Sep;54(6):358-413. doi: 10.1080/10408363.2017.1379945. Epub 2017 Oct 11. Erratum in: crit Rev Clin Lab Sci. 2020 Mar;57(2):145. doi: 10.1080/10408363.2019.1704475. PMID: 29017389.
128	IgM		P01860	Normal	Diagnostic	0.55 (0.2-0.9) g/L	Infant: 13 weeks - <1 yr old	Female	Serum	Adeli K, Higgins V, Trajcevski K, White-Al Habeeb N. The Canadian laboratory initiative on pediatric reference intervals: a CALIPER white paper. Crit Rev Cliin Lab Sci. 2017 Sep;54(6):358-413. doi: 10.1080/10408363.2017.1379945. Epub 2017 Oct 11. Erratum in: crit Rev Clin Lab Sci. 2020 Mar;57(2):145. doi: 10.1080/10408363.2019.1704475. PMID: 29017389.
128	IgM		P01860	Normal	Diagnostic	1.2 (0.5-1.9) g/L	Children/Adolescent: 1-<19 yrs old	Female	Serum	Adeli K, Higgins V, Trajcevski K, White-Al Habeeb N. The Canadian laboratory initiative on pediatric reference intervals: a CALIPER white paper. Crit Rev Cliin Lab Sci. 2017 Sep;54(6):358-413. doi: 10.1080/10408363.2017.1379945. Epub 2017 Oct 11. Erratum in: crit Rev Clin Lab Sci. 2020 Mar;57(2):145. doi: 10.1080/10408363.2019.1704475. PMID: 29017389.
128	IgM		P01860	Normal	Diagnostic	0.25 (0.1-0.4) g/L	Infant: 0-<15 days old	Male	Serum	Adeli K, Higgins V, Trajcevski K, White-Al Habeeb N. The Canadian laboratory initiative on pediatric reference intervals: a CALIPER white paper. Crit Rev Cliin Lab Sci. 2017 Sep;54(6):358-413. doi: 10.1080/10408363.2017.1379945. Epub 2017 Oct 11. Erratum in: crit Rev Clin Lab Sci. 2020 Mar;57(2):145. doi: 10.1080/10408363.2019.1704475. PMID: 29017389.
128	IgM		P01860	Normal	Diagnostic	0.4 (0.1-0.7) g/L	Infant: 15 days - <13 weeks old	Male	Serum	Adeli K, Higgins V, Trajcevski K, White-Al Habeeb N. The Canadian laboratory initiative on pediatric reference intervals: a CALIPER white paper. Crit Rev Cliin Lab Sci. 2017 Sep;54(6):358-413. doi: 10.1080/10408363.2017.1379945. Epub 2017 Oct 11. Erratum in: crit Rev Clin Lab Sci. 2020 Mar;57(2):145. doi: 10.1080/10408363.2019.1704475. PMID: 29017389.
128	IgM		P01860	Normal	Diagnostic	0.55 (0.2-0.9) g/L	Infant: 13 weeks - <1 yr old	Male	Serum	Adeli K, Higgins V, Trajcevski K, White-Al Habeeb N. The Canadian laboratory initiative on pediatric reference intervals: a CALIPER white paper. Crit Rev Cliin Lab Sci. 2017 Sep;54(6):358-413. doi: 10.1080/10408363.2017.1379945. Epub 2017 Oct 11. Erratum in: crit Rev Clin Lab Sci. 2020 Mar;57(2):145. doi: 10.1080/10408363.2019.1704475. PMID: 29017389.
128	IgM		P01860	Normal	Diagnostic	0.95 (0.4-1.5) g/L	Children/Adolescent: 1-<19 yrs old	Male	Serum	Adeli K, Higgins V, Trajcevski K, White-Al Habeeb N. The Canadian laboratory initiative on pediatric reference intervals: a CALIPER white paper. Crit Rev Cliin Lab Sci. 2017 Sep;54(6):358-413. doi: 10.1080/10408363.2017.1379945. Epub 2017 Oct 11. Erratum in: crit Rev Clin Lab Sci. 2020 Mar;57(2):145. doi: 10.1080/10408363.2019.1704475. PMID: 29017389.
128	IgM		P01860	Antiphospholipid Syndrome (APS)	Diagnostic	12 u/mL	Children: 5 yrs old	Both	Serum	Mayo Clinic Test Catalog
129	Insulin	INS	P01308	Diabetes Mellitus Type 1	Diagnostic	<125 pmol/L	Adult: >=18 yrs old	Both	Blood	Medscape: Insulin tests
129	Insulin	INS	P01308	Normal	Diagnostic	896 pmol/L	Adult: >=18 yrs old	Both	Blood	Medscape: Insulin tests
129	Insulin	INS	P01308	Normal	Diagnostic	84.82 (6.64-163) pmol/L	Infant: 0-<1 yrs old	Both	Serum	Adeli K, Higgins V, Trajcevski K, White-Al Habeeb N. The Canadian laboratory initiative on pediatric reference intervals: a CALIPER white paper. Crit Rev Cliin Lab Sci. 2017 Sep;54(6):358-413. doi: 10.1080/10408363.2017.1379945. Epub 2017 Oct 11. Erratum in: crit Rev Clin Lab Sci. 2020 Mar;57(2):145. doi: 10.1080/10408363.2019.1704475. PMID: 29017389.
129	Insulin	INS	P01308	Normal	Diagnostic	144.055 (9.11-279) pmol/L	Children: 1-<6 yrs old	Both	Serum	Adeli K, Higgins V, Trajcevski K, White-Al Habeeb N. The Canadian laboratory initiative on pediatric reference intervals: a CALIPER white paper. Crit Rev Cliin Lab Sci. 2017 Sep;54(6):358-413. doi: 10.1080/10408363.2017.1379945. Epub 2017 Oct 11. Erratum in: crit Rev Clin Lab Sci. 2020 Mar;57(2):145. doi: 10.1080/10408363.2019.1704475. PMID: 29017389.
129	Insulin	INS	P01308	Normal	Diagnostic	180.1 (15.2-345) pmol/L	Children/Adolescent: 6-<19 yrs old	Both	Serum	Adeli K, Higgins V, Trajcevski K, White-Al Habeeb N. The Canadian laboratory initiative on pediatric reference intervals: a CALIPER white paper. Crit Rev Cliin Lab Sci. 2017 Sep;54(6):358-413. doi: 10.1080/10408363.2017.1379945. Epub 2017 Oct 11. Erratum in: crit Rev Clin Lab Sci. 2020 Mar;57(2):145. doi: 10.1080/10408363.2019.1704475. PMID: 29017389.
129	Insulin	INS	P01308	Normal	Diagnostic	13.75 (2.6-24.9) mcIU/mL	All	All	Serum	Mayo Clinic Test Catalog
130	Insulin-like growth factor 1	IGF1	P08069	Sarcopenia	Risk	58.16 +/- 3.37 pg/mL	Elderly:>65 yrs old	Both	Blood	Pubmed_ID: 29872072
130	Insulin-like growth factor 1	IGF1	P08069	Normal	Risk	72.61 +/- 5.49 pg/mL	Elderly:>65 yrs old	Both	Blood	Pubmed_ID: 29872072
130	Insulin-like growth factor 1	IGF1	P08069	Normal	Diagnostic	132.5 (115.5) ng/mL	Children: 2-17 yrs old	Both	Blood	Chernecky, Cynthia C, and Barbara J Berger. Laboratory Tests and Diagnostic Procedures. 6th ed. St. Louis, Mo.: Elsevier/Saunders, 2013.
130	Insulin-like growth factor 1	IGF1	P08069	Normal	Diagnostic	281.0 (88.0–474.0) ng/mL	Children: 2-17 yrs old	Both	Blood	Chernecky, Cynthia C, and Barbara J Berger. Laboratory Tests and Diagnostic Procedures. 6th ed. St. Louis, Mo.: Elsevier/Saunders, 2013.
130	Insulin-like growth factor 1	IGF1	P08069	Normal	Diagnostic	337.5 (227.5) ng/mL	Children: 2-17 yrs old	Male	Blood	Chernecky, Cynthia C, and Barbara J Berger. Laboratory Tests and Diagnostic Procedures. 6th ed. St. Louis, Mo.: Elsevier/Saunders, 2013.
130	Insulin-like growth factor 1	IGF1	P08069	Normal	Diagnostic	444.0 (117.0–771.0) ng/mL	Children: 2-17 yrs old	Female	Blood	Chernecky, Cynthia C, and Barbara J Berger. Laboratory Tests and Diagnostic Procedures. 6th ed. St. Louis, Mo.: Elsevier/Saunders, 2013.
130	Insulin-like growth factor 1	IGF1	P08069	Pituitary Gigantism	Diagnostic	>248 ng/mL	Children: 2-17 yrs old	Both	Blood	Chernecky, Cynthia C, and Barbara J Berger. Laboratory Tests and Diagnostic Procedures. 6th ed. St. Louis, Mo.: Elsevier/Saunders, 2013.
130	Insulin-like growth factor 1	IGF1	P08069	Pituitary Gigantism	Diagnostic	>474 ng/mL	Children: 2-17 yrs old	Both	Blood	Chernecky, Cynthia C, and Barbara J Berger. Laboratory Tests and Diagnostic Procedures. 6th ed. St. Louis, Mo.: Elsevier/Saunders, 2013.
130	Insulin-like growth factor 1	IGF1	P08069	Pituitary Gigantism	Diagnostic	>565 ng/mL	Children: 2-17 yrs old	Male	Blood	Chernecky, Cynthia C, and Barbara J Berger. Laboratory Tests and Diagnostic Procedures. 6th ed. St. Louis, Mo.: Elsevier/Saunders, 2013.
130	Insulin-like growth factor 1	IGF1	P08069	Pituitary Gigantism	Diagnostic	>771 ng/mL	Children: 2-17 yrs old	Female	Blood	Chernecky, Cynthia C, and Barbara J Berger. Laboratory Tests and Diagnostic Procedures. 6th ed. St. Louis, Mo.: Elsevier/Saunders, 2013.
130	Insulin-like growth factor 1	IGF1	P08069	Hypothyroidism	Diagnostic	<17 ng/mL	Children: 2-17 yrs old	Both	Blood	Chernecky, Cynthia C, and Barbara J Berger. Laboratory Tests and Diagnostic Procedures. 6th ed. St. Louis, Mo.: Elsevier/Saunders, 2013.
130	Insulin-like growth factor 1	IGF1	P08069	Hypothyroidism	Diagnostic	<88 ng/mL	Children: 2-17 yrs old	Both	Blood	Chernecky, Cynthia C, and Barbara J Berger. Laboratory Tests and Diagnostic Procedures. 6th ed. St. Louis, Mo.: Elsevier/Saunders, 2013.
130	Insulin-like growth factor 1	IGF1	P08069	Hypothyroidism	Diagnostic	<110 ng/mL	Children: 2-17 yrs old	Male	Blood	Chernecky, Cynthia C, and Barbara J Berger. Laboratory Tests and Diagnostic Procedures. 6th ed. St. Louis, Mo.: Elsevier/Saunders, 2013.
130	Insulin-like growth factor 1	IGF1	P08069	Hypothyroidism	Diagnostic	<117 ng/mL	Children: 2-17 yrs old	Female	Blood	Chernecky, Cynthia C, and Barbara J Berger. Laboratory Tests and Diagnostic Procedures. 6th ed. St. Louis, Mo.: Elsevier/Saunders, 2013.
130	Insulin-like growth factor 1	IGF1	P08069	Normal	Diagnostic	579.5 (377.5) ng/mL	Children: 2-17 yrs old	Male	Blood	Chernecky, Cynthia C, and Barbara J Berger. Laboratory Tests and Diagnostic Procedures. 6th ed. St. Louis, Mo.: Elsevier/Saunders, 2013.
130	Insulin-like growth factor 1	IGF1	P08069	Normal	Diagnostic	678.5 (417.5) ng/mL	Children: 2-17 yrs old	Female	Blood	Chernecky, Cynthia C, and Barbara J Berger. Laboratory Tests and Diagnostic Procedures. 6th ed. St. Louis, Mo.: Elsevier/Saunders, 2013.
130	Insulin-like growth factor 1	IGF1	P08069	Normal	Diagnostic	481.0 (182.0–780.0) ng/mL	Adult: >=18 yrs old	Both	Blood	Chernecky, Cynthia C, and Barbara J Berger. Laboratory Tests and Diagnostic Procedures. 6th ed. St. Louis, Mo.: Elsevier/Saunders, 2013.
130	Insulin-like growth factor 1	IGF1	P08069	Normal	Diagnostic	303.0 (114.0–492.0) ng/mL	Adult: >=18 yrs old	Both	Blood	Chernecky, Cynthia C, and Barbara J Berger. Laboratory Tests and Diagnostic Procedures. 6th ed. St. Louis, Mo.: Elsevier/Saunders, 2013.
130	Insulin-like growth factor 1	IGF1	P08069	Normal	Diagnostic	225.0 (90.0–360.0) ng/mL	Adult: >=18 yrs old	Both	Blood	Chernecky, Cynthia C, and Barbara J Berger. Laboratory Tests and Diagnostic Procedures. 6th ed. St. Louis, Mo.: Elsevier/Saunders, 2013.
130	Insulin-like growth factor 1	IGF1	P08069	Normal	Diagnostic	180.5 (109.5) ng/mL	Elderly: 65-100+ yrs old	Both	Blood	Chernecky, Cynthia C, and Barbara J Berger. Laboratory Tests and Diagnostic Procedures. 6th ed. St. Louis, Mo.: Elsevier/Saunders, 2013.
130	Insulin-like growth factor 1	IGF1	P08069	Pituitary Gigantism	Diagnostic	>957 ng/mL	Children: 2-17 yrs old	Male	Blood	Chernecky, Cynthia C, and Barbara J Berger. Laboratory Tests and Diagnostic Procedures. 6th ed. St. Louis, Mo.: Elsevier/Saunders, 2013.
130	Insulin-like growth factor 1	IGF1	P08069	Pituitary Gigantism	Diagnostic	>1096 ng/mL	Children: 2-17 yrs old	Female	Blood	Chernecky, Cynthia C, and Barbara J Berger. Laboratory Tests and Diagnostic Procedures. 6th ed. St. Louis, Mo.: Elsevier/Saunders, 2013.
130	Insulin-like growth factor 1	IGF1	P08069	Pituitary Gigantism	Diagnostic	>780 ng/mL	Adolescent:13-18 yrs old	Both	Blood	Chernecky, Cynthia C, and Barbara J Berger. Laboratory Tests and Diagnostic Procedures. 6th ed. St. Louis, Mo.: Elsevier/Saunders, 2013.
130	Insulin-like growth factor 1	IGF1	P08069	Pituitary Gigantism	Diagnostic	>492 ng/mL	Adult: >=18 yrs old	Both	Blood	Chernecky, Cynthia C, and Barbara J Berger. Laboratory Tests and Diagnostic Procedures. 6th ed. St. Louis, Mo.: Elsevier/Saunders, 2013.
130	Insulin-like growth factor 1	IGF1	P08069	Pituitary Gigantism	Diagnostic	>360 ng/mL	Adult: >=18 yrs old	Both	Blood	Chernecky, Cynthia C, and Barbara J Berger. Laboratory Tests and Diagnostic Procedures. 6th ed. St. Louis, Mo.: Elsevier/Saunders, 2013.
130	Insulin-like growth factor 1	IGF1	P08069	Pituitary Gigantism	Diagnostic	>290 ng/mL	Elderly: 65-100+ yrs old	Both	Blood	Chernecky, Cynthia C, and Barbara J Berger. Laboratory Tests and Diagnostic Procedures. 6th ed. St. Louis, Mo.: Elsevier/Saunders, 2013.
130	Insulin-like growth factor 1	IGF1	P08069	Hypothyroidism	Diagnostic	<202 ng/mL	Children: 2-17 yrs old	Male	Blood	Chernecky, Cynthia C, and Barbara J Berger. Laboratory Tests and Diagnostic Procedures. 6th ed. St. Louis, Mo.: Elsevier/Saunders, 2013.
130	Insulin-like growth factor 1	IGF1	P08069	Hypothyroidism	Diagnostic	<261 ng/mL	Children: 2-17 yrs old	Female	Blood	Chernecky, Cynthia C, and Barbara J Berger. Laboratory Tests and Diagnostic Procedures. 6th ed. St. Louis, Mo.: Elsevier/Saunders, 2013.
130	Insulin-like growth factor 1	IGF1	P08069	Hypothyroidism	Diagnostic	<182 ng/mL	Adolescent:13-18 yrs old	Both	Blood	Chernecky, Cynthia C, and Barbara J Berger. Laboratory Tests and Diagnostic Procedures. 6th ed. St. Louis, Mo.: Elsevier/Saunders, 2013.
130	Insulin-like growth factor 1	IGF1	P08069	Hypothyroidism	Diagnostic	<114 ng/mL	Adult: >=18 yrs old	Both	Blood	Chernecky, Cynthia C, and Barbara J Berger. Laboratory Tests and Diagnostic Procedures. 6th ed. St. Louis, Mo.: Elsevier/Saunders, 2013.
130	Insulin-like growth factor 1	IGF1	P08069	Hypothyroidism	Diagnostic	<90 ng/mL	Adult: >=18 yrs old	Both	Blood	Chernecky, Cynthia C, and Barbara J Berger. Laboratory Tests and Diagnostic Procedures. 6th ed. St. Louis, Mo.: Elsevier/Saunders, 2013.
130	Insulin-like growth factor 1	IGF1	P08069	Hypothyroidism	Diagnostic	<71 ng/mL	Elderly: 65-100+ yrs old	Both	Blood	Chernecky, Cynthia C, and Barbara J Berger. Laboratory Tests and Diagnostic Procedures. 6th ed. St. Louis, Mo.: Elsevier/Saunders, 2013.
130	Insulin-like growth factor 1	IGF1	P08069	Normal	Diagnostic	579.5 (202-957) ng/mL	Children: 2-17 yrs old	Male	Blood	Chernecky, Cynthia C, and Barbara J Berger. Laboratory Tests and Diagnostic Procedures. 6th ed. St. Louis, Mo.: Elsevier/Saunders, 2013.
130	Insulin-like growth factor 1	IGF1	P08069	Normal	Diagnostic	678.5 (261-1096) ng/mL	Children: 2-17 yrs old	Female	Blood	Chernecky, Cynthia C, and Barbara J Berger. Laboratory Tests and Diagnostic Procedures. 6th ed. St. Louis, Mo.: Elsevier/Saunders, 2013.
130	Insulin-like growth factor 1	IGF1	P08069	Normal	Diagnostic	481 (182-780) ng/mL	Adolescent:13-18 yrs old	Both	Blood	Chernecky, Cynthia C, and Barbara J Berger. Laboratory Tests and Diagnostic Procedures. 6th ed. St. Louis, Mo.: Elsevier/Saunders, 2013.
130	Insulin-like growth factor 1	IGF1	P08069	Normal	Diagnostic	303 (114-492) ng/mL	Adult: >=18 yrs old	Both	Blood	Chernecky, Cynthia C, and Barbara J Berger. Laboratory Tests and Diagnostic Procedures. 6th ed. St. Louis, Mo.: Elsevier/Saunders, 2013.
130	Insulin-like growth factor 1	IGF1	P08069	Normal	Diagnostic	225 (90-360) ng/mL	Adult: >=18 yrs old	Both	Blood	Chernecky, Cynthia C, and Barbara J Berger. Laboratory Tests and Diagnostic Procedures. 6th ed. St. Louis, Mo.: Elsevier/Saunders, 2013.
130	Insulin-like growth factor 1	IGF1	P08069	Normal	Diagnostic	180.5 (71-290) ng/mL	Elderly: 65-100+ yrs old	Both	Blood	Chernecky, Cynthia C, and Barbara J Berger. Laboratory Tests and Diagnostic Procedures. 6th ed. St. Louis, Mo.: Elsevier/Saunders, 2013.
130	Insulin-like growth factor 1	IGF1	P08069	Normal	Diagnostic	579.5 (202-957) ng/mL	Children: 2-17 yrs old	Male	Blood	Chernecky, Cynthia C, and Barbara J Berger. Laboratory Tests and Diagnostic Procedures. 6th ed. St. Louis, Mo.: Elsevier/Saunders, 2013.
130	Insulin-like growth factor 1	IGF1	P08069	Normal	Diagnostic	678.5 (261-1096) ng/mL	Children: 2-17 yrs old	Female	Blood	Chernecky, Cynthia C, and Barbara J Berger. Laboratory Tests and Diagnostic Procedures. 6th ed. St. Louis, Mo.: Elsevier/Saunders, 2013.
130	Insulin-like growth factor 1	IGF1	P08069	Normal	Diagnostic	481 (182-780) ng/mL	Adolescent:13-18 yrs old	Both	Blood	Chernecky, Cynthia C, and Barbara J Berger. Laboratory Tests and Diagnostic Procedures. 6th ed. St. Louis, Mo.: Elsevier/Saunders, 2013.
130	Insulin-like growth factor 1	IGF1	P08069	Normal	Diagnostic	303 (114-492) ng/mL	Adult: >=18 yrs old	Both	Blood	Chernecky, Cynthia C, and Barbara J Berger. Laboratory Tests and Diagnostic Procedures. 6th ed. St. Louis, Mo.: Elsevier/Saunders, 2013.
130	Insulin-like growth factor 1	IGF1	P08069	Normal	Diagnostic	225 (90-360) ng/mL	Adult: >=18 yrs old	Both	Blood	Chernecky, Cynthia C, and Barbara J Berger. Laboratory Tests and Diagnostic Procedures. 6th ed. St. Louis, Mo.: Elsevier/Saunders, 2013.
130	Insulin-like growth factor 1	IGF1	P08069	Normal	Diagnostic	180.5 (71-290) ng/mL	Elderly: 65-100+ yrs old	Both	Blood	Chernecky, Cynthia C, and Barbara J Berger. Laboratory Tests and Diagnostic Procedures. 6th ed. St. Louis, Mo.: Elsevier/Saunders, 2013.
130	Insulin-like growth factor 1	IGF1	P08069	Normal	Diagnostic	579.5 (202-957) ng/mL	Children: 2-17 yrs old	Male	Blood	Chernecky, Cynthia C, and Barbara J Berger. Laboratory Tests and Diagnostic Procedures. 6th ed. St. Louis, Mo.: Elsevier/Saunders, 2013.
130	Insulin-like growth factor 1	IGF1	P08069	Normal	Diagnostic	678.5 (261-1096) ng/mL	Children: 2-17 yrs old	Female	Blood	Chernecky, Cynthia C, and Barbara J Berger. Laboratory Tests and Diagnostic Procedures. 6th ed. St. Louis, Mo.: Elsevier/Saunders, 2013.
130	Insulin-like growth factor 1	IGF1	P08069	Normal	Diagnostic	481 (182-780) ng/mL	Adolescent:13-18 yrs old	Both	Blood	Chernecky, Cynthia C, and Barbara J Berger. Laboratory Tests and Diagnostic Procedures. 6th ed. St. Louis, Mo.: Elsevier/Saunders, 2013.
130	Insulin-like growth factor 1	IGF1	P08069	Normal	Diagnostic	303 (114-492) ng/mL	Adult: >=18 yrs old	Both	Blood	Chernecky, Cynthia C, and Barbara J Berger. Laboratory Tests and Diagnostic Procedures. 6th ed. St. Louis, Mo.: Elsevier/Saunders, 2013.
130	Insulin-like growth factor 1	IGF1	P08069	Normal	Diagnostic	225 (90-360) ng/mL	Adult: >=18 yrs old	Both	Blood	Chernecky, Cynthia C, and Barbara J Berger. Laboratory Tests and Diagnostic Procedures. 6th ed. St. Louis, Mo.: Elsevier/Saunders, 2013.
130	Insulin-like growth factor 1	IGF1	P08069	Normal	Diagnostic	180.5 (71-290) ng/mL	Elderly: 65-100+ yrs old	Both	Blood	Chernecky, Cynthia C, and Barbara J Berger. Laboratory Tests and Diagnostic Procedures. 6th ed. St. Louis, Mo.: Elsevier/Saunders, 2013.
131	Interleukin-6	IL6	P08887	Sarcopenia	Risk	1.64 +/- 0.36 pg/mL	Elderly:>65 yrs old	Both	Blood	Pubmed_ID: 29872072
131	Interleukin-6	IL6	P08887	Normal	Risk	0.86 +/- 0.25 pg/mL	Elderly:>65 yrs old	Both	Blood	Pubmed_ID: 29872072
131	Interleukin-6	IL6	P08887	Myocardial Infarction	Diagnostic	28.5 (6.6) pg/mL	Elderly: 65-100+ yrs old	Both	Blood	Pubmed_ID: 8249785
131	Interleukin-6	IL6	P08887	Myocardial Infarction	Diagnostic	11.4 (2.9) pg/mL	Elderly: 65-100+ yrs old	Both	Blood	Pubmed_ID: 8249785
131	Interleukin-6	IL6	P08887	Sepsis	Diagnostic	28 pg/mL	Children: 1-13 yrs old	Both	Blood	Pubmed_ID: 30004393
131	Interleukin-6	IL6	P08887	Normal	Diagnostic	2.8 pg/mL	Children: 1-13 yrs old	Both	Blood	Pubmed_ID: 30004393
131	Interleukin-6	IL6	P08887	Normal	Diagnostic	3.92 (<LLQQ-3.92) pg/mL	Children/Adolescent: 1-<19 yrs old	Both	Plasma	Adeli K, Higgins V, Trajcevski K, White-Al Habeeb N. The Canadian laboratory initiative on pediatric reference intervals: a CALIPER white paper. Crit Rev Cliin Lab Sci. 2017 Sep;54(6):358-413. doi: 10.1080/10408363.2017.1379945. Epub 2017 Oct 11. Erratum in: crit Rev Clin Lab Sci. 2020 Mar;57(2):145. doi: 10.1080/10408363.2019.1704475. PMID: 29017389.
131	Interleukin-6	IL6	P08887	Smoking	Response	1.8 (1.7-1.9) (1.7-1.9) pg/mL	Adult	Female	Blood	Wu, Z., Cavallaro, U., Marchisio, P. C., Soria, M. R. & Maier, J. A. Fibronectin modulates the effects of HIV-1 Tat on the growth of murine Kaposi's sarcoma-like cells through the down-regulation of tyrosine phosphorylation. Am J Pathol 152, 1599-1605 (1998).
131	Interleukin-6	IL6	P08887	Smoking	Response	1.6 (1.5-1.7) (1.5-1.7) pg/mL	Adult	Female	Blood	Wu, Z., Cavallaro, U., Marchisio, P. C., Soria, M. R. & Maier, J. A. Fibronectin modulates the effects of HIV-1 Tat on the growth of murine Kaposi's sarcoma-like cells through the down-regulation of tyrosine phosphorylation. Am J Pathol 152, 1599-1605 (1998).
131	Interleukin-6	IL6	P08887	Tobacco consumption	Response	1.8 (1.7-1.9) (1.7-1.9) pg/mL	Adult	Female	Blood	Wu, Z., Cavallaro, U., Marchisio, P. C., Soria, M. R. & Maier, J. A. Fibronectin modulates the effects of HIV-1 Tat on the growth of murine Kaposi's sarcoma-like cells through the down-regulation of tyrosine phosphorylation. Am J Pathol 152, 1599-1605 (1998).
131	Interleukin-6	IL6	P08887	Tobacco consumption	Response	1.6 (1.5-1.7) (1.5-1.7) pg/mL	Adult	Female	Blood	Wu, Z., Cavallaro, U., Marchisio, P. C., Soria, M. R. & Maier, J. A. Fibronectin modulates the effects of HIV-1 Tat on the growth of murine Kaposi's sarcoma-like cells through the down-regulation of tyrosine phosphorylation. Am J Pathol 152, 1599-1605 (1998).
132	Interferon gamma	IFNG	P01579	Tuberculosis	Diagnostic	>2 pg/mL	Adult: >=18 yrs old	Both	Blood	Mayo Clinica Laboratories: IFN-gamma serum
132	Interferon gamma	IFNG	P01579	Normal	Diagnostic	<2 pg/mL	Adult: >=18 yrs old	Both	Blood	Mayo Clinica Laboratories: IFN-gamma serum
132	Interferon gamma	IFNG	P01579	Normal	Diagnostic	3.7 (<0.99-3.7) pg/mL	Children/Adolescent: 1-<19 yrs old	Both	Plasma	Adeli K, Higgins V, Trajcevski K, White-Al Habeeb N. The Canadian laboratory initiative on pediatric reference intervals: a CALIPER white paper. Crit Rev Cliin Lab Sci. 2017 Sep;54(6):358-413. doi: 10.1080/10408363.2017.1379945. Epub 2017 Oct 11. Erratum in: crit Rev Clin Lab Sci. 2020 Mar;57(2):145. doi: 10.1080/10408363.2019.1704475. PMID: 29017389.
133	Lactate dehydrogenase		P00338	Hepatocellular Carcinoma	Diagnostic	>500 IU/L	Adult: >=18 yrs old	Both	serum	Henry's Clinical Diagnosis and Management by Laboratory Methods
133	Lactate dehydrogenase		P00338	Normal	Diagnostic	365.0 (240.0–490.0) IU/L	All	Both	Blood	Exeter Clinical Laboratories: Lactate Dehydrogenase Blood Test
133	Lactate dehydrogenase		P00338	Normal	Diagnostic	765.5 (309-1222) U/L	Infant: 0-<15 days old	Female	Serum	Adeli K, Higgins V, Trajcevski K, White-Al Habeeb N. The Canadian laboratory initiative on pediatric reference intervals: a CALIPER white paper. Crit Rev Cliin Lab Sci. 2017 Sep;54(6):358-413. doi: 10.1080/10408363.2017.1379945. Epub 2017 Oct 11. Erratum in: crit Rev Clin Lab Sci. 2020 Mar;57(2):145. doi: 10.1080/10408363.2019.1704475. PMID: 29017389.
133	Lactate dehydrogenase		P00338	Normal	Diagnostic	307.5 (163-452) U/L	Infant: 15 days - 1 yr old	Female	Serum	Adeli K, Higgins V, Trajcevski K, White-Al Habeeb N. The Canadian laboratory initiative on pediatric reference intervals: a CALIPER white paper. Crit Rev Cliin Lab Sci. 2017 Sep;54(6):358-413. doi: 10.1080/10408363.2017.1379945. Epub 2017 Oct 11. Erratum in: crit Rev Clin Lab Sci. 2020 Mar;57(2):145. doi: 10.1080/10408363.2019.1704475. PMID: 29017389.
133	Lactate dehydrogenase		P00338	Normal	Diagnostic	256.5 (192-321) U/L	Children: 1-<10 yrs old	Female	Serum	Adeli K, Higgins V, Trajcevski K, White-Al Habeeb N. The Canadian laboratory initiative on pediatric reference intervals: a CALIPER white paper. Crit Rev Cliin Lab Sci. 2017 Sep;54(6):358-413. doi: 10.1080/10408363.2017.1379945. Epub 2017 Oct 11. Erratum in: crit Rev Clin Lab Sci. 2020 Mar;57(2):145. doi: 10.1080/10408363.2019.1704475. PMID: 29017389.
133	Lactate dehydrogenase		P00338	Normal	Diagnostic	214.5 (157-272) U/L	Children/Adolescent: 10-<15 yrs old	Female	Serum	Adeli K, Higgins V, Trajcevski K, White-Al Habeeb N. The Canadian laboratory initiative on pediatric reference intervals: a CALIPER white paper. Crit Rev Cliin Lab Sci. 2017 Sep;54(6):358-413. doi: 10.1080/10408363.2017.1379945. Epub 2017 Oct 11. Erratum in: crit Rev Clin Lab Sci. 2020 Mar;57(2):145. doi: 10.1080/10408363.2019.1704475. PMID: 29017389.
133	Lactate dehydrogenase		P00338	Normal	Diagnostic	190 (130-250) U/L	Adolescent: 15-<19 yrs old	Female	Serum	Adeli K, Higgins V, Trajcevski K, White-Al Habeeb N. The Canadian laboratory initiative on pediatric reference intervals: a CALIPER white paper. Crit Rev Cliin Lab Sci. 2017 Sep;54(6):358-413. doi: 10.1080/10408363.2017.1379945. Epub 2017 Oct 11. Erratum in: crit Rev Clin Lab Sci. 2020 Mar;57(2):145. doi: 10.1080/10408363.2019.1704475. PMID: 29017389.
133	Lactate dehydrogenase		P00338	Normal	Diagnostic	765.5 (309-1222) U/L	Infant: 0-<15 days old	Male	Serum	Adeli K, Higgins V, Trajcevski K, White-Al Habeeb N. The Canadian laboratory initiative on pediatric reference intervals: a CALIPER white paper. Crit Rev Cliin Lab Sci. 2017 Sep;54(6):358-413. doi: 10.1080/10408363.2017.1379945. Epub 2017 Oct 11. Erratum in: crit Rev Clin Lab Sci. 2020 Mar;57(2):145. doi: 10.1080/10408363.2019.1704475. PMID: 29017389.
133	Lactate dehydrogenase		P00338	Normal	Diagnostic	307.5 (163-452) U/L	Infant: 15 days - 1 yr old	Male	Serum	Adeli K, Higgins V, Trajcevski K, White-Al Habeeb N. The Canadian laboratory initiative on pediatric reference intervals: a CALIPER white paper. Crit Rev Cliin Lab Sci. 2017 Sep;54(6):358-413. doi: 10.1080/10408363.2017.1379945. Epub 2017 Oct 11. Erratum in: crit Rev Clin Lab Sci. 2020 Mar;57(2):145. doi: 10.1080/10408363.2019.1704475. PMID: 29017389.
133	Lactate dehydrogenase		P00338	Normal	Diagnostic	256.5 (192-321) U/L	Children: 1-<10 yrs old	Male	Serum	Adeli K, Higgins V, Trajcevski K, White-Al Habeeb N. The Canadian laboratory initiative on pediatric reference intervals: a CALIPER white paper. Crit Rev Cliin Lab Sci. 2017 Sep;54(6):358-413. doi: 10.1080/10408363.2017.1379945. Epub 2017 Oct 11. Erratum in: crit Rev Clin Lab Sci. 2020 Mar;57(2):145. doi: 10.1080/10408363.2019.1704475. PMID: 29017389.
133	Lactate dehydrogenase		P00338	Normal	Diagnostic	226.5 (170-283) U/L	Children/Adolescent: 10-<15 yrs old	Male	Serum	Adeli K, Higgins V, Trajcevski K, White-Al Habeeb N. The Canadian laboratory initiative on pediatric reference intervals: a CALIPER white paper. Crit Rev Cliin Lab Sci. 2017 Sep;54(6):358-413. doi: 10.1080/10408363.2017.1379945. Epub 2017 Oct 11. Erratum in: crit Rev Clin Lab Sci. 2020 Mar;57(2):145. doi: 10.1080/10408363.2019.1704475. PMID: 29017389.
133	Lactate dehydrogenase		P00338	Normal	Diagnostic	190 (130-250) U/L	Adolescent: 15-<19 yrs old	Male	Serum	Adeli K, Higgins V, Trajcevski K, White-Al Habeeb N. The Canadian laboratory initiative on pediatric reference intervals: a CALIPER white paper. Crit Rev Cliin Lab Sci. 2017 Sep;54(6):358-413. doi: 10.1080/10408363.2017.1379945. Epub 2017 Oct 11. Erratum in: crit Rev Clin Lab Sci. 2020 Mar;57(2):145. doi: 10.1080/10408363.2019.1704475. PMID: 29017389.
133	Lactate dehydrogenase		P00338	Pancreatic Cancer	Prognostic	>=185 IU/mL	Adult: >=18 yrs old	Both	Serum	Pubmed_ID: 28345594
133	Lactate dehydrogenase		P00338	Normal	Prognostic	<185 IU/mL	Adult: >=18 yrs old	Both	Serum	Pubmed_ID: 28345594
134	Lactotransferrin	LTF	P02788	Spontaneous Bacterial Peritonitis	Diagnostic	3744.0 (788–9617) ng/mL	Adult: >=18 yrs old	Both	Ascitic Fluid	Pubmed_ID: 18590731
134	Lactotransferrin	LTF	P02788	Normal	Diagnostic	31.0 (12–67) ng/mL	Adult: >=18 yrs old	Both	Ascitic Fluid	Pubmed_ID: 18590731
134	Lactotransferrin	LTF	P02788	Crohn's Disease	Diagnostic	440 (312-568) ug/g fecal weight	Adult: >=18 yrs old	Both	Feces	Pubmed_ID: 12818275
134	Lactotransferrin	LTF	P02788	Normal	Diagnostic	1.45 (1.05-1.85) ug/g fecal weight	Adult: >=18 yrs old	Both	Feces	Pubmed_ID: 12818275
134	Lactotransferrin	LTF	P02788	Ulcerative Colitis	Diagnostic	1125 (627-1623) ug/g fecal weight	Adult: >=18 yrs old	Both	Feces	Pubmed_ID: 12818275
134	Lactotransferrin	LTF	P02788	Normal	Diagnostic	1.45 (1.05-1.85) ug/g fecal weight	Adult: >=18 yrs old	Both	Feces	Pubmed_ID: 12818275
136	Parathyroid hormone	PTH	Q03431	Hyperparathyroidism	Diagnostic	>6.9 pmol/L	Adult: >=18 yrs old	Both	serum	Exeter clinical laboratory: Parathyroid hormone
136	Parathyroid hormone	PTH	Q03431	Normal	Diagnostic	4.25 (1.6-6.9) pmol/L	Adult: >=18 yrs old	Both	serum	Exeter clinical laboratory: Parathyroid hormone
136	Parathyroid hormone	PTH	Q03431	Hypoparathyroidism	Diagnostic	<1.6 pmol/L	Adult: >=18 yrs old	Both	serum	Exeter clinical laboratory: Parathyroid hormone
136	Parathyroid hormone	PTH	Q03431	Normal	Diagnostic	4.25 (1.6-6.9) pmol/L	Adult: >=18 yrs old	Both	serum	Exeter clinical laboratory: Parathyroid hormone
136	Parathyroid hormone	PTH	Q03431	Normal	Diagnostic	5.035 (0.68-9.39) pmol/L	Infant: 6 days - <1 yr old	Both	Serum	Adeli K, Higgins V, Trajcevski K, White-Al Habeeb N. The Canadian laboratory initiative on pediatric reference intervals: a CALIPER white paper. Crit Rev Cliin Lab Sci. 2017 Sep;54(6):358-413. doi: 10.1080/10408363.2017.1379945. Epub 2017 Oct 11. Erratum in: crit Rev Clin Lab Sci. 2020 Mar;57(2):145. doi: 10.1080/10408363.2019.1704475. PMID: 29017389.
136	Parathyroid hormone	PTH	Q03431	Normal	Diagnostic	4.2 (1.72-6.68) pmol/L	Children: 1-<9 yrs old	Both	Serum	Adeli K, Higgins V, Trajcevski K, White-Al Habeeb N. The Canadian laboratory initiative on pediatric reference intervals: a CALIPER white paper. Crit Rev Cliin Lab Sci. 2017 Sep;54(6):358-413. doi: 10.1080/10408363.2017.1379945. Epub 2017 Oct 11. Erratum in: crit Rev Clin Lab Sci. 2020 Mar;57(2):145. doi: 10.1080/10408363.2019.1704475. PMID: 29017389.
136	Parathyroid hormone	PTH	Q03431	Normal	Diagnostic	5.8 (2.32-9.28) pmol/L	Children/Adolescent: 9-<17 yrs old	Both	Serum	Adeli K, Higgins V, Trajcevski K, White-Al Habeeb N. The Canadian laboratory initiative on pediatric reference intervals: a CALIPER white paper. Crit Rev Cliin Lab Sci. 2017 Sep;54(6):358-413. doi: 10.1080/10408363.2017.1379945. Epub 2017 Oct 11. Erratum in: crit Rev Clin Lab Sci. 2020 Mar;57(2):145. doi: 10.1080/10408363.2019.1704475. PMID: 29017389.
136	Parathyroid hormone	PTH	Q03431	Normal	Diagnostic	4.05 (1.7-6.4) pmol/L	Adolescent: 17-<19 yrs old	Both	Serum	Adeli K, Higgins V, Trajcevski K, White-Al Habeeb N. The Canadian laboratory initiative on pediatric reference intervals: a CALIPER white paper. Crit Rev Cliin Lab Sci. 2017 Sep;54(6):358-413. doi: 10.1080/10408363.2017.1379945. Epub 2017 Oct 11. Erratum in: crit Rev Clin Lab Sci. 2020 Mar;57(2):145. doi: 10.1080/10408363.2019.1704475. PMID: 29017389.
136	Parathyroid hormone	PTH	Q03431	Hypercalcemia	Diagnostic	<7 or >59 pg/mL	Infant: <1 mo	Both	Serum	Mayo Clinic Test Catalog
136	Parathyroid hormone	PTH	Q03431	Hypercalcemia	Diagnostic	<8 or >61 pg/mL	Infant: 4 wks-11 mos	Both	Serum	Mayo Clinic Test Catalog
136	Parathyroid hormone	PTH	Q03431	Hypercalcemia	Diagnostic	<11 or >68 pg/mL	Infant & Children: 12 mos-10 yrs	Both	Serum	Mayo Clinic Test Catalog
136	Parathyroid hormone	PTH	Q03431	Hypercalcemia	Diagnostic	<15 or >68 pg/mL	Children: 11-17 yrs	Both	Serum	Mayo Clinic Test Catalog
136	Parathyroid hormone	PTH	Q03431	Hypercalcemia	Diagnostic	<15 or >65 pg/mL	Adult: >=18 yrs	Both	Serum	Mayo Clinic Test Catalog
136	Parathyroid hormone	PTH	Q03431	Hyperparathyroidism	Diagnostic	<7 or >59 pg/mL	Infant: <1 mo	Both	Serum	Mayo Clinic Test Catalog
136	Parathyroid hormone	PTH	Q03431	Hyperparathyroidism	Diagnostic	<8 or >61 pg/mL	Infant: 4 wks-11 mos	Both	Serum	Mayo Clinic Test Catalog
136	Parathyroid hormone	PTH	Q03431	Hyperparathyroidism	Diagnostic	<11 or >68 pg/mL	Infant & Children: 12 mos-10 yrs	Both	Serum	Mayo Clinic Test Catalog
136	Parathyroid hormone	PTH	Q03431	Hyperparathyroidism	Diagnostic	<15 or >68 pg/mL	Children: 11-17 yrs	Both	Serum	Mayo Clinic Test Catalog
136	Parathyroid hormone	PTH	Q03431	Hyperparathyroidism	Diagnostic	<15 or >65 pg/mL	Adult: >=18 yrs	Both	Serum	Mayo Clinic Test Catalog
136	Parathyroid hormone	PTH	Q03431	Hypoparathyroidism	Diagnostic	<7 or >59 pg/mL	Infant: <1 mo	Both	Serum	Mayo Clinic Test Catalog
136	Parathyroid hormone	PTH	Q03431	Hypoparathyroidism	Diagnostic	<8 or >61 pg/mL	Infant: 4 wks-11 mos	Both	Serum	Mayo Clinic Test Catalog
136	Parathyroid hormone	PTH	Q03431	Hypoparathyroidism	Diagnostic	<11 or >68 pg/mL	Infant & Children: 12 mos-10 yrs	Both	Serum	Mayo Clinic Test Catalog
136	Parathyroid hormone	PTH	Q03431	Hypoparathyroidism	Diagnostic	<15 or >68 pg/mL	Children: 11-17 yrs	Both	Serum	Mayo Clinic Test Catalog
136	Parathyroid hormone	PTH	Q03431	Hypoparathyroidism	Diagnostic	<15 or >65 pg/mL	Adult: >=18 yrs	Both	Serum	Mayo Clinic Test Catalog
136	Parathyroid hormone	PTH	Q03431	Renal Osteodystrophy	Diagnostic	<7 or >59 pg/mL	Infant: <1 mo	Both	Serum	Mayo Clinic Test Catalog
136	Parathyroid hormone	PTH	Q03431	Renal Osteodystrophy	Diagnostic	<8 or >61 pg/mL	Infant: 4 wks-11 mos	Both	Serum	Mayo Clinic Test Catalog
136	Parathyroid hormone	PTH	Q03431	Renal Osteodystrophy	Diagnostic	<11 or >68 pg/mL	Infant & Children: 12 mos-10 yrs	Both	Serum	Mayo Clinic Test Catalog
136	Parathyroid hormone	PTH	Q03431	Renal Osteodystrophy	Diagnostic	<15 or >68 pg/mL	Children: 11-17 yrs	Both	Serum	Mayo Clinic Test Catalog
136	Parathyroid hormone	PTH	Q03431	Renal Osteodystrophy	Diagnostic	<15 or >65 pg/mL	Adult: >=18 yrs	Both	Serum	Mayo Clinic Test Catalog
137	Adrenocorticotropic hormone	ACTH		Cushing's Syndrome	Diagnostic	>8 pg/mL	Adult: >=18 yrs old	Both	Serum	Penezic, Z., Zarkovic, M., Vujovic, S., Beleslin, B., Ciric, J. & Drezgic, M. Value of assessing adrenocorticotropic hormone (ACTH) levels in differential diagnosis of hypercorticism. Med Pregl 57, 335-342 (2004).
137	Adrenocorticotropic hormone	ACTH		Addison's Disease	Diagnostic	>80 (morning) or >50 (evening) pg/mL	Adult: >=18 yrs old	Both	Blood	Health link BC: Adrenocorticotropic Hormone
137	Adrenocorticotropic hormone	ACTH		Normal	Diagnostic	<80 (morning) or <50 (evening) pg/mL	Adult: >=18 yrs old	Both	Blood	Health link BC: Adrenocorticotropic Hormone
137	Adrenocorticotropic hormone	ACTH		Normal	Diagnostic	11.575 (7.2-63) pg/mL	Adult: >=18 yrs old	Both	Serum	Mayo clinic: ACTH test
137	Adrenocorticotropic hormone	ACTH		Normal	Diagnostic	35.1 (7.2-63) pg/mL	Children/Adult	Both	Plasma	Mayo Clinic Test Catalog
146	Transglutaminase  IgA antibody		P01860	Celiac Disease	Diagnostic	>10 U/mL	All	Both	serum	Mayo clinic laboratories: Transglutaminase IgA antibody
146	Transglutaminase  IgA antibody		P01860	Normal	Diagnostic	<4 U/mL	All	Both	serum	Mayo clinic laboratories: Transglutaminase IgA antibody
147	Renin	REN	P00797	Hypertension	Diagnostic	>3.7 ng/mL/hr	Adult: >=18 yrs old	Both	Blood	UCLA health: Renin Test: Plasma Renin Activity; Random Plasma Renin
147	Renin	REN	P00797	Normal	Diagnostic	2.8 (1.9-3.7) ng/mL/hr	Adult: >=18 yrs old	Both	Blood	UCLA health: Renin Test: Plasma Renin Activity; Random Plasma Renin
147	Renin	REN	P00797	Primary hyperaldosteronism	Diagnostic	<1.9 ng/mL/hr	Adult: >=18 yrs old	Both	Blood	UCLA health: Renin Test: Plasma Renin Activity; Random Plasma Renin
147	Renin	REN	P00797	Normal	Diagnostic	2.8 (1.9-3.7) ng/mL/hr	Adult: >=18 yrs old	Both	Blood	UCLA health: Renin Test: Plasma Renin Activity; Random Plasma Renin
147	Renin	REN	P00797	Secondary hyperaldosteronism	Diagnostic	>3.7 ng/mL/hr	Adult: >=18 yrs old	Both	Blood	UCLA health: Renin Test: Plasma Renin Activity; Random Plasma Renin
147	Renin	REN	P00797	Normal	Diagnostic	2.8 (1.9-3.7) ng/mL/hr	Adult: >=18 yrs old	Both	Blood	UCLA health: Renin Test: Plasma Renin Activity; Random Plasma Renin
148	Cardiac Troponin T	TNNT2	P45379	Cardiac Arrest	Diagnostic	>0 ng/mL	Elderly: >=65 yrs old	Both	Blood	University of California San Francisco: Troponin Test
148	Cardiac Troponin T	TNNT2	P45379	Normal	Diagnostic	0 ng/mL	Elderly: >=65 yrs old	Both	Blood	University of California San Francisco: Troponin Test
148	Cardiac Troponin T	TNNT2	P45379	Normal	Diagnostic	93 (N/A-93) ng/L	Infant: 0-<6 months old	Female	Serum	Adeli K, Higgins V, Trajcevski K, White-Al Habeeb N. The Canadian laboratory initiative on pediatric reference intervals: a CALIPER white paper. Crit Rev Cliin Lab Sci. 2017 Sep;54(6):358-413. doi: 10.1080/10408363.2017.1379945. Epub 2017 Oct 11. Erratum in: crit Rev Clin Lab Sci. 2020 Mar;57(2):145. doi: 10.1080/10408363.2019.1704475. PMID: 29017389.
148	Cardiac Troponin T	TNNT2	P45379	Normal	Diagnostic	21 (N/A-21) ng/L	Infant: 6 months - <1 yr old	Female	Serum	Adeli K, Higgins V, Trajcevski K, White-Al Habeeb N. The Canadian laboratory initiative on pediatric reference intervals: a CALIPER white paper. Crit Rev Cliin Lab Sci. 2017 Sep;54(6):358-413. doi: 10.1080/10408363.2017.1379945. Epub 2017 Oct 11. Erratum in: crit Rev Clin Lab Sci. 2020 Mar;57(2):145. doi: 10.1080/10408363.2019.1704475. PMID: 29017389.
148	Cardiac Troponin T	TNNT2	P45379	Normal	Diagnostic	11 (N/A-11) ng/L	Children/Adolescent: 1-<19 yrs old	Female	Serum	Adeli K, Higgins V, Trajcevski K, White-Al Habeeb N. The Canadian laboratory initiative on pediatric reference intervals: a CALIPER white paper. Crit Rev Cliin Lab Sci. 2017 Sep;54(6):358-413. doi: 10.1080/10408363.2017.1379945. Epub 2017 Oct 11. Erratum in: crit Rev Clin Lab Sci. 2020 Mar;57(2):145. doi: 10.1080/10408363.2019.1704475. PMID: 29017389.
148	Cardiac Troponin T	TNNT2	P45379	Normal	Diagnostic	93 (N/A-93) ng/L	Infant: 0-<6 months old	Male	Serum	Adeli K, Higgins V, Trajcevski K, White-Al Habeeb N. The Canadian laboratory initiative on pediatric reference intervals: a CALIPER white paper. Crit Rev Cliin Lab Sci. 2017 Sep;54(6):358-413. doi: 10.1080/10408363.2017.1379945. Epub 2017 Oct 11. Erratum in: crit Rev Clin Lab Sci. 2020 Mar;57(2):145. doi: 10.1080/10408363.2019.1704475. PMID: 29017389.
148	Cardiac Troponin T	TNNT2	P45379	Normal	Diagnostic	21 (N/A-21) ng/L	Infant: 6 months - <1 yr old	Male	Serum	Adeli K, Higgins V, Trajcevski K, White-Al Habeeb N. The Canadian laboratory initiative on pediatric reference intervals: a CALIPER white paper. Crit Rev Cliin Lab Sci. 2017 Sep;54(6):358-413. doi: 10.1080/10408363.2017.1379945. Epub 2017 Oct 11. Erratum in: crit Rev Clin Lab Sci. 2020 Mar;57(2):145. doi: 10.1080/10408363.2019.1704475. PMID: 29017389.
148	Cardiac Troponin T	TNNT2	P45379	Normal	Diagnostic	14 (N/A-14) ng/L	Children/Adolescent: 1-<19 yrs old	Male	Serum	Adeli K, Higgins V, Trajcevski K, White-Al Habeeb N. The Canadian laboratory initiative on pediatric reference intervals: a CALIPER white paper. Crit Rev Cliin Lab Sci. 2017 Sep;54(6):358-413. doi: 10.1080/10408363.2017.1379945. Epub 2017 Oct 11. Erratum in: crit Rev Clin Lab Sci. 2020 Mar;57(2):145. doi: 10.1080/10408363.2019.1704475. PMID: 29017389.
148	Cardiac Troponin T	TNNT2	P45379	Normal	Diagnostic	<=15 ng/L	All	Male	Plasma	Mayo Clinic Test Catalog
148	Cardiac Troponin T	TNNT2	P45379	Normal	Diagnostic	<=10 ng/L	All	Female	Plasma	Mayo Clinic Test Catalog
148	Cardiac Troponin T	TNNT2	P45379	Coronary Heart Disease	Diagnostic	>15 ng/L	All	Male	Plasma	Mayo Clinic Test Catalog
148	Cardiac Troponin T	TNNT2	P45379	Coronary Heart Disease	Diagnostic	>10 ng/L	All	Female	Plasma	Mayo Clinic Test Catalog
149	Cardiac  Troponin I	TNNI3	P19429	Myocardial Infarction	Diagnostic	>0.5 ug/L	Adult: >=18 yrs old	Both	Serum	Kruse, J. M., Enghard, P., Schroder, T., Hasper, D., Kuhnle, Y., Jorres, A. & Storm, C. Weak diagnostic performance of troponin, creatine kinase and creatine kinase-MB to diagnose or exclude myocardial infarction after successful resuscitation. Int J Cardiol 173, 216-221 (2014).
149	Cardiac  Troponin I	TNNI3	P19429	Normal	Diagnostic	0 ng/mL	Elderly: >=65 yrs old	Both	Blood	University of California San Francisco: Troponin Test
149	Cardiac  Troponin I	TNNI3	P19429	Normal	Diagnostic	<0.5 ug/L	Adult: >=18 yrs old	Both	Serum	Kruse, J. M., Enghard, P., Schroder, T., Hasper, D., Kuhnle, Y., Jorres, A. & Storm, C. Weak diagnostic performance of troponin, creatine kinase and creatine kinase-MB to diagnose or exclude myocardial infarction after successful resuscitation. Int J Cardiol 173, 216-221 (2014).
149	Cardiac  Troponin I	TNNI3	P19429	Normal	Diagnostic	24.55 (1.1-48) ng/L	Infant: 0-<6 months old	Both	Serum	Adeli K, Higgins V, Trajcevski K, White-Al Habeeb N. The Canadian laboratory initiative on pediatric reference intervals: a CALIPER white paper. Crit Rev Cliin Lab Sci. 2017 Sep;54(6):358-413. doi: 10.1080/10408363.2017.1379945. Epub 2017 Oct 11. Erratum in: crit Rev Clin Lab Sci. 2020 Mar;57(2):145. doi: 10.1080/10408363.2019.1704475. PMID: 29017389.
149	Cardiac  Troponin I	TNNI3	P19429	Normal	Diagnostic	2.45 (0.1-4.8) ng/L	Infant/Adolescent: 6 months - <19 yrs old	Both	Serum	Adeli K, Higgins V, Trajcevski K, White-Al Habeeb N. The Canadian laboratory initiative on pediatric reference intervals: a CALIPER white paper. Crit Rev Cliin Lab Sci. 2017 Sep;54(6):358-413. doi: 10.1080/10408363.2017.1379945. Epub 2017 Oct 11. Erratum in: crit Rev Clin Lab Sci. 2020 Mar;57(2):145. doi: 10.1080/10408363.2019.1704475. PMID: 29017389.
149	Cardiac  Troponin I	TNNI3	P19429	Normal	Diagnostic	469.485 (2.97-936) ng/L	Infant: 5-<15 days old	Both	Serum	Adeli K, Higgins V, Trajcevski K, White-Al Habeeb N. The Canadian laboratory initiative on pediatric reference intervals: a CALIPER white paper. Crit Rev Cliin Lab Sci. 2017 Sep;54(6):358-413. doi: 10.1080/10408363.2017.1379945. Epub 2017 Oct 11. Erratum in: crit Rev Clin Lab Sci. 2020 Mar;57(2):145. doi: 10.1080/10408363.2019.1704475. PMID: 29017389.
149	Cardiac  Troponin I	TNNI3	P19429	Normal	Diagnostic	84.805 (4.61-165) ng/L	Infant: 15 days - <3 months old	Both	Serum	Adeli K, Higgins V, Trajcevski K, White-Al Habeeb N. The Canadian laboratory initiative on pediatric reference intervals: a CALIPER white paper. Crit Rev Cliin Lab Sci. 2017 Sep;54(6):358-413. doi: 10.1080/10408363.2017.1379945. Epub 2017 Oct 11. Erratum in: crit Rev Clin Lab Sci. 2020 Mar;57(2):145. doi: 10.1080/10408363.2019.1704475. PMID: 29017389.
149	Cardiac  Troponin I	TNNI3	P19429	Normal	Diagnostic	4.5 (0-9) ng/L	Infant/Adolescent: 3 months - <19 yrs old	Both	Serum	Adeli K, Higgins V, Trajcevski K, White-Al Habeeb N. The Canadian laboratory initiative on pediatric reference intervals: a CALIPER white paper. Crit Rev Cliin Lab Sci. 2017 Sep;54(6):358-413. doi: 10.1080/10408363.2017.1379945. Epub 2017 Oct 11. Erratum in: crit Rev Clin Lab Sci. 2020 Mar;57(2):145. doi: 10.1080/10408363.2019.1704475. PMID: 29017389.
149	Cardiac  Troponin I	TNNI3	P19429	Normal	Diagnostic	30.9 (N/A-30.9) ng/L	Children/Adolescent: 1-<19 yrs old	Both	Serum	Adeli K, Higgins V, Trajcevski K, White-Al Habeeb N. The Canadian laboratory initiative on pediatric reference intervals: a CALIPER white paper. Crit Rev Cliin Lab Sci. 2017 Sep;54(6):358-413. doi: 10.1080/10408363.2017.1379945. Epub 2017 Oct 11. Erratum in: crit Rev Clin Lab Sci. 2020 Mar;57(2):145. doi: 10.1080/10408363.2019.1704475. PMID: 29017389.
149	Cardiac  Troponin I	TNNI3	P19429	Normal	Diagnostic	<=20 ng/L	Adult: >=18 yrs	Male	Plasma	Mayo Clinic Test Catalog
149	Cardiac  Troponin I	TNNI3	P19429	Normal	Diagnostic	<=15 ng/L	Adult: >=18 yrs	Female	Plasma	Mayo Clinic Test Catalog
150	Transthyretin	TTR	P02766	Chronic Kidney Disease	Diagnostic	>36	Adult: >=18 yrs old	Both	Blood	University of Rochester Medical Center: Prealbumin (Blood)
150	Transthyretin	TTR	P02766	Normal	Diagnostic	25.5 (15-36)	Adult: >=18 yrs old	Both	Blood	University of Rochester Medical Center: Prealbumin (Blood)
150	Transthyretin	TTR	P02766	Malnutrition	Diagnostic	<10 mg/dL	Adult: >=18 yrs old	Both	Blood	Pubmed_ID: 31159248
150	Transthyretin	TTR	P02766	Normal	Diagnostic	25.5 (15-36) mg/dL	Adult: >=18 yrs old	Both	Blood	University of Rochester Medical Center: Prealbumin (Blood)
150	Transthyretin	TTR	P02766	Normal	Diagnostic	0.07 (0.02-0.12) g/L	Infant: 0-<15 days old	Female	Serum	Adeli K, Higgins V, Trajcevski K, White-Al Habeeb N. The Canadian laboratory initiative on pediatric reference intervals: a CALIPER white paper. Crit Rev Cliin Lab Sci. 2017 Sep;54(6):358-413. doi: 10.1080/10408363.2017.1379945. Epub 2017 Oct 11. Erratum in: crit Rev Clin Lab Sci. 2020 Mar;57(2):145. doi: 10.1080/10408363.2019.1704475. PMID: 29017389.
150	Transthyretin	TTR	P02766	Normal	Diagnostic	0.145 (0.05-0.24) g/L	Infant: 15 days - 1 yr old	Female	Serum	Adeli K, Higgins V, Trajcevski K, White-Al Habeeb N. The Canadian laboratory initiative on pediatric reference intervals: a CALIPER white paper. Crit Rev Cliin Lab Sci. 2017 Sep;54(6):358-413. doi: 10.1080/10408363.2017.1379945. Epub 2017 Oct 11. Erratum in: crit Rev Clin Lab Sci. 2020 Mar;57(2):145. doi: 10.1080/10408363.2019.1704475. PMID: 29017389.
150	Transthyretin	TTR	P02766	Normal	Diagnostic	0.175 (0.12-0.23) g/L	Children: 1-<5 yrs old	Female	Serum	Adeli K, Higgins V, Trajcevski K, White-Al Habeeb N. The Canadian laboratory initiative on pediatric reference intervals: a CALIPER white paper. Crit Rev Cliin Lab Sci. 2017 Sep;54(6):358-413. doi: 10.1080/10408363.2017.1379945. Epub 2017 Oct 11. Erratum in: crit Rev Clin Lab Sci. 2020 Mar;57(2):145. doi: 10.1080/10408363.2019.1704475. PMID: 29017389.
150	Transthyretin	TTR	P02766	Normal	Diagnostic	0.2 (0.14-0.26) g/L	Children: 5-<13 yrs old	Female	Serum	Adeli K, Higgins V, Trajcevski K, White-Al Habeeb N. The Canadian laboratory initiative on pediatric reference intervals: a CALIPER white paper. Crit Rev Cliin Lab Sci. 2017 Sep;54(6):358-413. doi: 10.1080/10408363.2017.1379945. Epub 2017 Oct 11. Erratum in: crit Rev Clin Lab Sci. 2020 Mar;57(2):145. doi: 10.1080/10408363.2019.1704475. PMID: 29017389.
150	Transthyretin	TTR	P02766	Normal	Diagnostic	0.245 (0.18-0.31) g/L	Children/Adolescent: 5-<13 yrs old	Female	Serum	Adeli K, Higgins V, Trajcevski K, White-Al Habeeb N. The Canadian laboratory initiative on pediatric reference intervals: a CALIPER white paper. Crit Rev Cliin Lab Sci. 2017 Sep;54(6):358-413. doi: 10.1080/10408363.2017.1379945. Epub 2017 Oct 11. Erratum in: crit Rev Clin Lab Sci. 2020 Mar;57(2):145. doi: 10.1080/10408363.2019.1704475. PMID: 29017389.
150	Transthyretin	TTR	P02766	Normal	Diagnostic	0.25 (0.17-0.33) g/L	Adolescent: 16-<19 yrs old	Female	Serum	Adeli K, Higgins V, Trajcevski K, White-Al Habeeb N. The Canadian laboratory initiative on pediatric reference intervals: a CALIPER white paper. Crit Rev Cliin Lab Sci. 2017 Sep;54(6):358-413. doi: 10.1080/10408363.2017.1379945. Epub 2017 Oct 11. Erratum in: crit Rev Clin Lab Sci. 2020 Mar;57(2):145. doi: 10.1080/10408363.2019.1704475. PMID: 29017389.
150	Transthyretin	TTR	P02766	Normal	Diagnostic	0.07 (0.02-0.12) g/L	Infant: 0-<15 days old	Male	Serum	Adeli K, Higgins V, Trajcevski K, White-Al Habeeb N. The Canadian laboratory initiative on pediatric reference intervals: a CALIPER white paper. Crit Rev Cliin Lab Sci. 2017 Sep;54(6):358-413. doi: 10.1080/10408363.2017.1379945. Epub 2017 Oct 11. Erratum in: crit Rev Clin Lab Sci. 2020 Mar;57(2):145. doi: 10.1080/10408363.2019.1704475. PMID: 29017389.
150	Transthyretin	TTR	P02766	Normal	Diagnostic	0.145 (0.05-0.24) g/L	Infant: 15 days - 1 yr old	Male	Serum	Adeli K, Higgins V, Trajcevski K, White-Al Habeeb N. The Canadian laboratory initiative on pediatric reference intervals: a CALIPER white paper. Crit Rev Cliin Lab Sci. 2017 Sep;54(6):358-413. doi: 10.1080/10408363.2017.1379945. Epub 2017 Oct 11. Erratum in: crit Rev Clin Lab Sci. 2020 Mar;57(2):145. doi: 10.1080/10408363.2019.1704475. PMID: 29017389.
150	Transthyretin	TTR	P02766	Normal	Diagnostic	0.175 (0.12-0.23) g/L	Children: 1-<5 yrs old	Male	Serum	Adeli K, Higgins V, Trajcevski K, White-Al Habeeb N. The Canadian laboratory initiative on pediatric reference intervals: a CALIPER white paper. Crit Rev Cliin Lab Sci. 2017 Sep;54(6):358-413. doi: 10.1080/10408363.2017.1379945. Epub 2017 Oct 11. Erratum in: crit Rev Clin Lab Sci. 2020 Mar;57(2):145. doi: 10.1080/10408363.2019.1704475. PMID: 29017389.
150	Transthyretin	TTR	P02766	Normal	Diagnostic	0.2 (0.14-0.26) g/L	Children: 5-<13 yrs old	Male	Serum	Adeli K, Higgins V, Trajcevski K, White-Al Habeeb N. The Canadian laboratory initiative on pediatric reference intervals: a CALIPER white paper. Crit Rev Cliin Lab Sci. 2017 Sep;54(6):358-413. doi: 10.1080/10408363.2017.1379945. Epub 2017 Oct 11. Erratum in: crit Rev Clin Lab Sci. 2020 Mar;57(2):145. doi: 10.1080/10408363.2019.1704475. PMID: 29017389.
150	Transthyretin	TTR	P02766	Normal	Diagnostic	0.245 (0.18-0.31) g/L	Children/Adolescent: 5-<13 yrs old	Male	Serum	Adeli K, Higgins V, Trajcevski K, White-Al Habeeb N. The Canadian laboratory initiative on pediatric reference intervals: a CALIPER white paper. Crit Rev Cliin Lab Sci. 2017 Sep;54(6):358-413. doi: 10.1080/10408363.2017.1379945. Epub 2017 Oct 11. Erratum in: crit Rev Clin Lab Sci. 2020 Mar;57(2):145. doi: 10.1080/10408363.2019.1704475. PMID: 29017389.
150	Transthyretin	TTR	P02766	Normal	Diagnostic	0.275 (0.2-0.35) g/L	Adolescent: 16-<19 yrs old	Male	Serum	Adeli K, Higgins V, Trajcevski K, White-Al Habeeb N. The Canadian laboratory initiative on pediatric reference intervals: a CALIPER white paper. Crit Rev Cliin Lab Sci. 2017 Sep;54(6):358-413. doi: 10.1080/10408363.2017.1379945. Epub 2017 Oct 11. Erratum in: crit Rev Clin Lab Sci. 2020 Mar;57(2):145. doi: 10.1080/10408363.2019.1704475. PMID: 29017389.
150	Transthyretin	TTR	P02766	Malnutrition	Diagnostic	<12 mg/dL	Children: <=18 yrs	Both	Serum	Mayo Clinic Test Catalog
150	Transthyretin	TTR	P02766	Malnutrition	Diagnostic	<19 mg/dL	Adult: >18 yrs	Both	Serum	Mayo Clinic Test Catalog
151	Erythropoietin	EPO	P01588	Normal	Diagnostic	9.0 (5.0–13.0) mIU/mL	Infant: 1 wk-2 yrs old	Both	serum	Normal Hormone Reference Ranges. In: Gardner DG, Shoback D. eds. Greenspan's Basic & Clinical Endocrinology, 10e New York, NY: McGraw-Hill
151	Erythropoietin	EPO	P01588	Polycythemia	Diagnostic	13 mIU/mL	Infant: 1 wk-2 yrs old	Both	serum	Normal Hormone Reference Ranges. In: Gardner DG, Shoback D. eds. Greenspan's Basic & Clinical Endocrinology, 10e New York, NY: McGraw-Hill
151	Erythropoietin	EPO	P01588	Anemia	Diagnostic	<5 mIU/mL	Infant: 1 wk-2 yrs old	Both	serum	Normal Hormone Reference Ranges. In: Gardner DG, Shoback D. eds. Greenspan's Basic & Clinical Endocrinology, 10e New York, NY: McGraw-Hill
151	Erythropoietin	EPO	P01588	Normal	Diagnostic	18.5 (9.0–28.0) mIU/mL	Children: 2-17 yrs old	Both	serum	Normal Hormone Reference Ranges. In: Gardner DG, Shoback D. eds. Greenspan's Basic & Clinical Endocrinology, 10e New York, NY: McGraw-Hill
151	Erythropoietin	EPO	P01588	Anemia	Diagnostic	<9 mIU/mL	Children: 2-17 yrs old	Both	serum	Normal Hormone Reference Ranges. In: Gardner DG, Shoback D. eds. Greenspan's Basic & Clinical Endocrinology, 10e New York, NY: McGraw-Hill
151	Erythropoietin	EPO	P01588	Polycythemia	Diagnostic	>28 mIU/mL	Children: 2-17 yrs old	Both	serum	Normal Hormone Reference Ranges. In: Gardner DG, Shoback D. eds. Greenspan's Basic & Clinical Endocrinology, 10e New York, NY: McGraw-Hill
151	Erythropoietin	EPO	P01588	Polycythemia	Diagnostic	>18.5 mU/mL	Adult: >=18 yrs old	Both	Blood	Medline: Erythropoietin test
151	Erythropoietin	EPO	P01588	Normal	Diagnostic	10.55 (2.6-18.5) mU/mL	Adult: >=18 yrs old	Both	Blood	Medline: Erythropoietin test
151	Erythropoietin	EPO	P01588	Polycythemia Vera	Diagnostic	<2.6 mU/mL	Adult: >=18 yrs old	Both	Blood	Medline: Erythropoietin test
151	Erythropoietin	EPO	P01588	Normal	Diagnostic	10.55 (2.6-18.5) mU/mL	Adult: >=18 yrs old	Both	Blood	Medline: Erythropoietin test
151	Erythropoietin	EPO	P01588	Chronic Kidney Disease	Diagnostic	<2.6 mU/mL	Adult: >=18 yrs old	Both	Blood	Medline: Erythropoietin test
151	Erythropoietin	EPO	P01588	Normal	Diagnostic	10.55 (2.6-18.5) mU/mL	Adult: >=18 yrs old	Both	Blood	Medline: Erythropoietin test
151	Erythropoietin	EPO	P01588	Anemia	Diagnostic	<2.6 mU/mL	Adult: >=18 yrs old	Both	Blood	Medline: Erythropoietin test
151	Erythropoietin	EPO	P01588	Normal	Diagnostic	10.55 (2.6-18.5) mU/mL	Adult: >=18 yrs old	Both	Blood	Medline: Erythropoietin test
152	Thyroid stimulating hormone	TSHB	P01222	Hyperthyroidism	Diagnostic	<0.4 mIU/L	Adult: >=18 yrs old	Both	Blood	UCLA Health: TSH test
152	Thyroid stimulating hormone	TSHB	P01222	Normal	Diagnostic	2.2 (0.4-4) mIU/L	Adult: >=18 yrs old	Both	Blood	UCLA Health: TSH test
152	Thyroid stimulating hormone	TSHB	P01222	Hypothyroidism	Diagnostic	>4.0 mIU/L	Adult: >=18 yrs old	Both	Blood	UCLA Health: TSH test
152	Thyroid stimulating hormone	TSHB	P01222	Normal	Diagnostic	2.2 (0.4-4) mIU/L	Adult: >=18 yrs old	Both	Blood	UCLA Health: TSH test
152	Thyroid stimulating hormone	TSHB	P01222	Normal	Diagnostic	2.75 (0.73-4.77) mIU/L	Infant: 4 days - <6 months old	Both	Serum	Adeli K, Higgins V, Trajcevski K, White-Al Habeeb N. The Canadian laboratory initiative on pediatric reference intervals: a CALIPER white paper. Crit Rev Cliin Lab Sci. 2017 Sep;54(6):358-413. doi: 10.1080/10408363.2017.1379945. Epub 2017 Oct 11. Erratum in: crit Rev Clin Lab Sci. 2020 Mar;57(2):145. doi: 10.1080/10408363.2019.1704475. PMID: 29017389.
152	Thyroid stimulating hormone	TSHB	P01222	Normal	Diagnostic	2.435 (0.7-4.17) mIU/L	Infant/Adolescent: 6 months - <14 yrs old	Both	Serum	Adeli K, Higgins V, Trajcevski K, White-Al Habeeb N. The Canadian laboratory initiative on pediatric reference intervals: a CALIPER white paper. Crit Rev Cliin Lab Sci. 2017 Sep;54(6):358-413. doi: 10.1080/10408363.2017.1379945. Epub 2017 Oct 11. Erratum in: crit Rev Clin Lab Sci. 2020 Mar;57(2):145. doi: 10.1080/10408363.2019.1704475. PMID: 29017389.
152	Thyroid stimulating hormone	TSHB	P01222	Normal	Diagnostic	1.94 (0.47-3.41) mIU/L	Adolescent: 14-<19 yrs old	Both	Serum	Adeli K, Higgins V, Trajcevski K, White-Al Habeeb N. The Canadian laboratory initiative on pediatric reference intervals: a CALIPER white paper. Crit Rev Cliin Lab Sci. 2017 Sep;54(6):358-413. doi: 10.1080/10408363.2017.1379945. Epub 2017 Oct 11. Erratum in: crit Rev Clin Lab Sci. 2020 Mar;57(2):145. doi: 10.1080/10408363.2019.1704475. PMID: 29017389.
153	Thyroglobulin	TG	P01266	Thyroid Carcinoma	Diagnostic	>3 ug/L	Adult: >=18 yrs old	Both	Blood	University Health Network: Understand your blood test results differentiated thyroid cancer
153	Thyroglobulin	TG	P01266	Normal	Diagnostic	<3 (0-<3) ug/L	Adult: >=18 yrs old	Both	Blood	University Health Network: Understand your blood test results differentiated thyroid cancer
153	Thyroglobulin	TG	P01266	Normal	Diagnostic	43.66 (7.82-79.5) ng/mL	Infant/Children: 0-<2 yrs old	Female	Serum	Adeli K, Higgins V, Trajcevski K, White-Al Habeeb N. The Canadian laboratory initiative on pediatric reference intervals: a CALIPER white paper. Crit Rev Cliin Lab Sci. 2017 Sep;54(6):358-413. doi: 10.1080/10408363.2017.1379945. Epub 2017 Oct 11. Erratum in: crit Rev Clin Lab Sci. 2020 Mar;57(2):145. doi: 10.1080/10408363.2019.1704475. PMID: 29017389.
153	Thyroglobulin	TG	P01266	Normal	Diagnostic	20.47 (6.74-34.2) ng/mL	Children: 2-<6 yrs old	Female	Serum	Adeli K, Higgins V, Trajcevski K, White-Al Habeeb N. The Canadian laboratory initiative on pediatric reference intervals: a CALIPER white paper. Crit Rev Cliin Lab Sci. 2017 Sep;54(6):358-413. doi: 10.1080/10408363.2017.1379945. Epub 2017 Oct 11. Erratum in: crit Rev Clin Lab Sci. 2020 Mar;57(2):145. doi: 10.1080/10408363.2019.1704475. PMID: 29017389.
153	Thyroglobulin	TG	P01266	Normal	Diagnostic	16.755 (5.01-28.5) ng/mL	Children: 6-<9 yrs old	Female	Serum	Adeli K, Higgins V, Trajcevski K, White-Al Habeeb N. The Canadian laboratory initiative on pediatric reference intervals: a CALIPER white paper. Crit Rev Cliin Lab Sci. 2017 Sep;54(6):358-413. doi: 10.1080/10408363.2017.1379945. Epub 2017 Oct 11. Erratum in: crit Rev Clin Lab Sci. 2020 Mar;57(2):145. doi: 10.1080/10408363.2019.1704475. PMID: 29017389.
153	Thyroglobulin	TG	P01266	Normal	Diagnostic	14.15 (2.5-25.8) ng/mL	Children/Adolescent: 9-<19 yrs old	Female	Serum	Adeli K, Higgins V, Trajcevski K, White-Al Habeeb N. The Canadian laboratory initiative on pediatric reference intervals: a CALIPER white paper. Crit Rev Cliin Lab Sci. 2017 Sep;54(6):358-413. doi: 10.1080/10408363.2017.1379945. Epub 2017 Oct 11. Erratum in: crit Rev Clin Lab Sci. 2020 Mar;57(2):145. doi: 10.1080/10408363.2019.1704475. PMID: 29017389.
153	Thyroglobulin	TG	P01266	Normal	Diagnostic	29.495 (2.99-56) ng/mL	Infant/Children: 0-<2 yrs old	Male	Serum	Adeli K, Higgins V, Trajcevski K, White-Al Habeeb N. The Canadian laboratory initiative on pediatric reference intervals: a CALIPER white paper. Crit Rev Cliin Lab Sci. 2017 Sep;54(6):358-413. doi: 10.1080/10408363.2017.1379945. Epub 2017 Oct 11. Erratum in: crit Rev Clin Lab Sci. 2020 Mar;57(2):145. doi: 10.1080/10408363.2019.1704475. PMID: 29017389.
153	Thyroglobulin	TG	P01266	Normal	Diagnostic	20.47 (6.74-34.2) ng/mL	Children: 2-<6 yrs old	Male	Serum	Adeli K, Higgins V, Trajcevski K, White-Al Habeeb N. The Canadian laboratory initiative on pediatric reference intervals: a CALIPER white paper. Crit Rev Cliin Lab Sci. 2017 Sep;54(6):358-413. doi: 10.1080/10408363.2017.1379945. Epub 2017 Oct 11. Erratum in: crit Rev Clin Lab Sci. 2020 Mar;57(2):145. doi: 10.1080/10408363.2019.1704475. PMID: 29017389.
153	Thyroglobulin	TG	P01266	Normal	Diagnostic	16.755 (5.01-28.5) ng/mL	Children: 6-<9 yrs old	Male	Serum	Adeli K, Higgins V, Trajcevski K, White-Al Habeeb N. The Canadian laboratory initiative on pediatric reference intervals: a CALIPER white paper. Crit Rev Cliin Lab Sci. 2017 Sep;54(6):358-413. doi: 10.1080/10408363.2017.1379945. Epub 2017 Oct 11. Erratum in: crit Rev Clin Lab Sci. 2020 Mar;57(2):145. doi: 10.1080/10408363.2019.1704475. PMID: 29017389.
153	Thyroglobulin	TG	P01266	Normal	Diagnostic	14.15 (2.5-25.8) ng/mL	Children/Adolescent: 9-<19 yrs old	Male	Serum	Adeli K, Higgins V, Trajcevski K, White-Al Habeeb N. The Canadian laboratory initiative on pediatric reference intervals: a CALIPER white paper. Crit Rev Cliin Lab Sci. 2017 Sep;54(6):358-413. doi: 10.1080/10408363.2017.1379945. Epub 2017 Oct 11. Erratum in: crit Rev Clin Lab Sci. 2020 Mar;57(2):145. doi: 10.1080/10408363.2019.1704475. PMID: 29017389.
154	Prothrombin	F2	P00734	Combined Deficiency of Vitamin K Dependent Clotting Factors	Diagnostic	>1.1	Adult: >=18 yrs old	Both	Blood	Mayo clinic laboratories: Prothrombin time test
154	Prothrombin	F2	P00734	Normal	Diagnostic	1 (0.9-1.1)	Adult: >=18 yrs old	Both	Blood	Mayo clinic laboratories: Prothrombin time test
154	Prothrombin	F2	P00734	Liver Disease	Diagnostic	>1.1	Adult: >=18 yrs old	Both	Blood	Mayo clinic: Prothrombin Time, Plasma
154	Prothrombin	F2	P00734	Normal	Diagnostic	1 (0.9-1.1)	Adult: >=18 yrs old	Both	Blood	Mayo clinic: Prothrombin Time, Plasma
154	Prothrombin	F2	P00734	Normal	Diagnostic	110 (75-145) %	Adult: >=18 yrs	Both	Plasma	Mayo Clinic Test Catalog
154	Prothrombin	F2	P00734	Prothrombin Deficiency	Diagnostic	<75 %	Adult: >=18 yrs	Both	Plasma	Mayo Clinic Test Catalog
156	Tryptase	TPSAB1	Q15661	Anaphylaxis	Diagnostic	>11.5 ng/mL	Adult: >=18 yrs old	Both	Blood	Mayo clinic laboratories: Tryptase, Serum
156	Tryptase	TPSAB1	Q15661	Normal	Diagnostic	>11.5 ng/mL	Adult: >=18 yrs old	Both	Blood	Mayo clinic laboratories: Tryptase, Serum
156	Tryptase	TPSAB1	Q15661	Mastocytosis	Diagnostic	>11.5 ng/mL	Adult: >=18 yrs old	Both	Blood	Mayo clinic: Tryptase
156	Tryptase	TPSAB1	Q15661	Normal	Diagnostic	<11.5 ng/mL	Adult: >=18 yrs old	Both	Blood	Mayo clinic: Tryptase
156	Tryptase	TPSAB1	Q15661	Normal	Diagnostic	<11.5 ng/mL	All	Both	Serum	Mayo Clinic Test Catalog
156	Tryptase	TPSAB1	Q15661	Anaphylaxis	Diagnostic	>11.5 ng/mL	All	Both	Serum	Mayo Clinic Test Catalog
157	Antimullerian hormone	AMH	P03971	Normal	Diagnostic	150.5 (18-283) ng/mL	Children: 2-12 yrs old	Male	Serum	Mayo Clinic Test Catalog
157	Antimullerian hormone	AMH	P03971	Normal	Diagnostic	58.95 (8.9-109) ng/mL	Children: 12 yrs old	Male	Serum	Mayo Clinic Test Catalog
157	Antimullerian hormone	AMH	P03971	Normal	Diagnostic	13 ng/mL	Children: 3 yrs old	Male	Serum	Mayo Clinic Test Catalog
157	Antimullerian hormone	AMH	P03971	Normal	Diagnostic	2.155 (0.11-4.2) ng/mL	Children: 3-6 yrs old	Female	Serum	Mayo Clinic Test Catalog
157	Antimullerian hormone	AMH	P03971	Normal	Diagnostic	2.555 (0.21-4.9) ng/mL	Children: 7-11 yrs old	Female	Serum	Mayo Clinic Test Catalog
157	Antimullerian hormone	AMH	P03971	Normal	Diagnostic	3.13 (0.36-5.9) ng/mL	Children: 12-14 yrs old	Female	Serum	Mayo Clinic Test Catalog
157	Antimullerian hormone	AMH	P03971	Normal	Diagnostic	3.695 (0.49-6.9) ng/mL	Children/Adult: 15-19 yrs old	Female	Serum	Mayo Clinic Test Catalog
157	Antimullerian hormone	AMH	P03971	Normal	Diagnostic	4.21 (0.62-7.8) ng/mL	Adult: 20 yrs old-24 yrs old	Female	Serum	Mayo Clinic Test Catalog
157	Antimullerian hormone	AMH	P03971	Normal	Diagnostic	6.6 (1.2-12) ng/mL	Adult: 25-29 yrs old	Female	Serum	Mayo Clinic Test Catalog
157	Antimullerian hormone	AMH	P03971	Normal	Diagnostic	5.395 (0.89-9.9) ng/mL	Adult: 30-34 yrs old	Female	Serum	Mayo Clinic Test Catalog
157	Antimullerian hormone	AMH	P03971	Normal	Diagnostic	4.34 (0.58-8.1) ng/mL	Adult: 35-39 yrs old	Female	Serum	Mayo Clinic Test Catalog
157	Antimullerian hormone	AMH	P03971	Normal	Diagnostic	3.825 (0.15-7.5) ng/mL	Adult: 40-44 yrs old	Female	Serum	Mayo Clinic Test Catalog
157	Antimullerian hormone	AMH	P03971	Normal	Diagnostic	2.765 (0.03-5.5) ng/mL	Adult: 45-50 yrs old	Female	Serum	Mayo Clinic Test Catalog
157	Antimullerian hormone	AMH	P03971	Normal	Diagnostic	2.6 ng/mL	Adult: 51-55 yrs old	Female	Serum	Mayo Clinic Test Catalog
157	Antimullerian hormone	AMH	P03971	Normal	Diagnostic	0.88 ng/mL	Adult: 55 yrs old	Female	Serum	Mayo Clinic Test Catalog
157	Antimullerian hormone	AMH	P03971	Normal	Diagnostic	0.03 ng/mL	All	Female	Serum	Mayo Clinic Test Catalog
158	Antithrombin	SERPINC1	P01008	Antithrombin III Deficiency	Diagnostic	57.5 (75-40) %	Adult: >=18 yrs old	Both	Blood	Mayo clinic laboratories: Antithrombin activity
158	Antithrombin	SERPINC1	P01008	Normal	Diagnostic	100 (80-120) %	Adult: >=18 yrs old	Both	Blood	University of Rochester: Antithrombin (Activity and Antigen)
158	Antithrombin	SERPINC1	P01008	Normal	Diagnostic	100 (80-120) %	All	Both	Serum	Mayo Clinic Test Catalog
159	Sex hormone binding globulin	SHBG	P04278	Hypogonadism	Diagnostic	>57 nmol/L	Adult: >=18 yrs old	Male	Blood	Labtests Online: Sex Hormone Binding Globulin (SHBG)
159	Sex hormone binding globulin	SHBG	P04278	Normal	Diagnostic	33.5 (10-57) nmol/L	Adult: >=18 yrs old	Male	Blood	Healthline: Low SHBG
159	Sex hormone binding globulin	SHBG	P04278	Polycystic Ovary Syndrome	Diagnostic	<18 nmol/L	Adult: >=18 yrs old	Female	Blood	Medline Plus: SHBG Blood Test
159	Sex hormone binding globulin	SHBG	P04278	Normal	Diagnostic	81 (18-144) nmol/L	Adult: >=18 yrs old	Female	Blood	Healthline: Low SHBG
159	Sex hormone binding globulin	SHBG	P04278	Hypothyroidism	Diagnostic	<18 nmol/L	Adult: >=18 yrs old	Female	Blood	Lab Tests Online: Sex hormone binding globulin
159	Sex hormone binding globulin	SHBG	P04278	Normal	Diagnostic	81 (18-144) nmol/L	Adult: >=18 yrs old	Female	Blood	Health line: Low SHBG levels charts, symptoms
159	Sex hormone binding globulin	SHBG	P04278	Hypothyroidism	Diagnostic	<10 nmol/L	Adult: >=18 yrs old	Male	Blood	Lab Tests Online: Sex hormone binding globulin
159	Sex hormone binding globulin	SHBG	P04278	Normal	Diagnostic	33.5 (10-57) nmol/L	Adult: >=18 yrs old	Male	Blood	Health line: Low SHBG levels charts, symptoms
159	Sex hormone binding globulin	SHBG	P04278	Cushing's Syndrome	Diagnostic	<18 nmol/L	Adult: >=18 yrs old	Female	Blood	Lab Tests Online: Sex hormone binding globulin
159	Sex hormone binding globulin	SHBG	P04278	Normal	Diagnostic	81 (18-144) nmol/L	Adult: >=18 yrs old	Female	Blood	Health line: Low SHBG levels charts, symptoms
159	Sex hormone binding globulin	SHBG	P04278	Cushing's Syndrome	Diagnostic	<10 nmol/L	Adult: >=18 yrs old	Male	Blood	Lab Tests Online: Sex hormone binding globulin
159	Sex hormone binding globulin	SHBG	P04278	Normal	Diagnostic	33.5 (10-57) nmol/L	Adult: >=18 yrs old	Male	Blood	Health line: Low SHBG levels charts, symptoms
159	Sex hormone binding globulin	SHBG	P04278	Liver Disease	Diagnostic	>144 nmol/L	Adult: >=18 yrs old	Female	Blood	Lab Tests Online: Sex hormone binding globulin
159	Sex hormone binding globulin	SHBG	P04278	Normal	Diagnostic	81 (18-144) nmol/L	Adult: >=18 yrs old	Female	Blood	Health line: Low SHBG levels charts, symptoms
159	Sex hormone binding globulin	SHBG	P04278	Liver Disease	Diagnostic	>57 nmol/L	Adult: >=18 yrs old	Male	Blood	Lab Tests Online: Sex hormone binding globulin
159	Sex hormone binding globulin	SHBG	P04278	Normal	Diagnostic	33.5 (10-57) nmol/L	Adult: >=18 yrs old	Male	Blood	Health line: Low SHBG levels charts, symptoms
160	Apolipoprotein B-100	APOB	P04114	Cardiovascular disease	Diagnostic	>120 mg/dL	Adult: >=18 yrs old	Both	Blood	University of Rochester: Apolipoprotein B-100
160	Apolipoprotein B-100	APOB	P04114	Normal	Diagnostic	<100 mg/dL	Adult: >=18 yrs old	Both	Blood	University of Rochester: Apolipoprotein B-100
160	Apolipoprotein B-100	APOB	P04114	Normal	Diagnostic	0.38 (0.09-0.67) g/L	Infant: 0-<15 days old	Both	Serum	Adeli K, Higgins V, Trajcevski K, White-Al Habeeb N. The Canadian laboratory initiative on pediatric reference intervals: a CALIPER white paper. Crit Rev Cliin Lab Sci. 2017 Sep;54(6):358-413. doi: 10.1080/10408363.2017.1379945. Epub 2017 Oct 11. Erratum in: crit Rev Clin Lab Sci. 2020 Mar;57(2):145. doi: 10.1080/10408363.2019.1704475. PMID: 29017389.
160	Apolipoprotein B-100	APOB	P04114	Normal	Diagnostic	0.71 (0.19-1.23) g/L	Infant: 15 days - 1 yr old	Both	Serum	Adeli K, Higgins V, Trajcevski K, White-Al Habeeb N. The Canadian laboratory initiative on pediatric reference intervals: a CALIPER white paper. Crit Rev Cliin Lab Sci. 2017 Sep;54(6):358-413. doi: 10.1080/10408363.2017.1379945. Epub 2017 Oct 11. Erratum in: crit Rev Clin Lab Sci. 2020 Mar;57(2):145. doi: 10.1080/10408363.2019.1704475. PMID: 29017389.
160	Apolipoprotein B-100	APOB	P04114	Normal	Diagnostic	0.67 (0.41-0.93) g/L	Children: 1-<6 yrs old	Both	Serum	Adeli K, Higgins V, Trajcevski K, White-Al Habeeb N. The Canadian laboratory initiative on pediatric reference intervals: a CALIPER white paper. Crit Rev Cliin Lab Sci. 2017 Sep;54(6):358-413. doi: 10.1080/10408363.2017.1379945. Epub 2017 Oct 11. Erratum in: crit Rev Clin Lab Sci. 2020 Mar;57(2):145. doi: 10.1080/10408363.2019.1704475. PMID: 29017389.
160	Apolipoprotein B-100	APOB	P04114	Normal	Diagnostic	0.575 (0.31-0.84) g/L	Children/Adolescent: 6-<19 yrs old	Both	Serum	Adeli K, Higgins V, Trajcevski K, White-Al Habeeb N. The Canadian laboratory initiative on pediatric reference intervals: a CALIPER white paper. Crit Rev Cliin Lab Sci. 2017 Sep;54(6):358-413. doi: 10.1080/10408363.2017.1379945. Epub 2017 Oct 11. Erratum in: crit Rev Clin Lab Sci. 2020 Mar;57(2):145. doi: 10.1080/10408363.2019.1704475. PMID: 29017389.
161	Von Willebrand Factor	VWF	P04275	Von Willebrand Disease Type 3	Diagnostic	0 %	Adult: >=18 yrs old	Both	Blood	Orphanet: Von Willebrand disease
161	Von Willebrand Factor	VWF	P04275	Normal	Diagnostic	125 (50-200) %	Adult: >=18 yrs old	Both	Blood	Mayo Clinic: Von willebrand factor antigen test
161	Von Willebrand Factor	VWF	P04275	Von Willebrand Disease Type 1	Diagnostic	<40 %	Adult: >=18 yrs old	Both	Blood	Orphanet: Von Willebrand disease
161	Von Willebrand Factor	VWF	P04275	Normal	Diagnostic	125 (50-200) %	Adult: >=18 yrs old	Both	Blood	Mayo Clinic: Von willebrand factor antigen test
162	Apolipoprotein A1	APOA1	P02647	Coronary Artery Disease	Diagnostic	<140 mg/dL	Adult: >=18 yrs old	Female	serum	Mayo clinic laboratories: Apolipoprotein A1 and B, Serum
162	Apolipoprotein A1	APOA1	P02647	Normal	Diagnostic	>=140 mg/dL	Adult: >=18 yrs old	Female	serum	Mayo clinic laboratories: Apolipoprotein A1 and B, Serum
162	Apolipoprotein A1	APOA1	P02647	Coronary Artery Disease	Diagnostic	<115 mg/dL	Children: 2-17 yrs old	Female	serum	Mayo clinic laboratories: Apolipoprotein A1 and B, Serum
162	Apolipoprotein A1	APOA1	P02647	Normal	Diagnostic	>=120 mg/dL	Children: 2-17 yrs old	Female	serum	Mayo clinic laboratories: Apolipoprotein A1 and B, Serum
162	Apolipoprotein A1	APOA1	P02647	Coronary Artery Disease	Diagnostic	<120 mg/dL	Adult: >=18 yrs old	Male	serum	Mayo clinic laboratories: Apolipoprotein A1 and B, Serum
162	Apolipoprotein A1	APOA1	P02647	Normal	Diagnostic	>=120 mg/dL	Adult: >=18 yrs old	Male	serum	Mayo clinic laboratories: Apolipoprotein A1 and B, Serum
162	Apolipoprotein A1	APOA1	P02647	Normal	Diagnostic	>=120 mg/dL	Children: 2-17 yrs old	Male	serum	Mayo clinic laboratories: Apolipoprotein A1 and B, Serum
162	Apolipoprotein A1	APOA1	P02647	Normal	Diagnostic	0.84 (0.71-0.97) g/L	Infant: 0-<15 days old	Female	Serum	Adeli K, Higgins V, Trajcevski K, White-Al Habeeb N. The Canadian laboratory initiative on pediatric reference intervals: a CALIPER white paper. Crit Rev Cliin Lab Sci. 2017 Sep;54(6):358-413. doi: 10.1080/10408363.2017.1379945. Epub 2017 Oct 11. Erratum in: crit Rev Clin Lab Sci. 2020 Mar;57(2):145. doi: 10.1080/10408363.2019.1704475. PMID: 29017389.
162	Apolipoprotein A1	APOA1	P02647	Normal	Diagnostic	1.14 (0.53-1.75) g/L	Infant: 15 days - 1 yr old	Female	Serum	Adeli K, Higgins V, Trajcevski K, White-Al Habeeb N. The Canadian laboratory initiative on pediatric reference intervals: a CALIPER white paper. Crit Rev Cliin Lab Sci. 2017 Sep;54(6):358-413. doi: 10.1080/10408363.2017.1379945. Epub 2017 Oct 11. Erratum in: crit Rev Clin Lab Sci. 2020 Mar;57(2):145. doi: 10.1080/10408363.2019.1704475. PMID: 29017389.
162	Apolipoprotein A1	APOA1	P02647	Normal	Diagnostic	1.22 (0.8-1.64) g/L	Children/Adolescent: 1-<14 yrs old	Female	Serum	Adeli K, Higgins V, Trajcevski K, White-Al Habeeb N. The Canadian laboratory initiative on pediatric reference intervals: a CALIPER white paper. Crit Rev Cliin Lab Sci. 2017 Sep;54(6):358-413. doi: 10.1080/10408363.2017.1379945. Epub 2017 Oct 11. Erratum in: crit Rev Clin Lab Sci. 2020 Mar;57(2):145. doi: 10.1080/10408363.2019.1704475. PMID: 29017389.
162	Apolipoprotein A1	APOA1	P02647	Normal	Diagnostic	1.13 (0.72-1.54) g/L	Adolescent: 14-<19 yrs old	Female	Serum	Adeli K, Higgins V, Trajcevski K, White-Al Habeeb N. The Canadian laboratory initiative on pediatric reference intervals: a CALIPER white paper. Crit Rev Cliin Lab Sci. 2017 Sep;54(6):358-413. doi: 10.1080/10408363.2017.1379945. Epub 2017 Oct 11. Erratum in: crit Rev Clin Lab Sci. 2020 Mar;57(2):145. doi: 10.1080/10408363.2019.1704475. PMID: 29017389.
162	Apolipoprotein A1	APOA1	P02647	Normal	Diagnostic	0.765 (0.62-0.91) g/L	Infant: 0-<15 days old	Male	Serum	Adeli K, Higgins V, Trajcevski K, White-Al Habeeb N. The Canadian laboratory initiative on pediatric reference intervals: a CALIPER white paper. Crit Rev Cliin Lab Sci. 2017 Sep;54(6):358-413. doi: 10.1080/10408363.2017.1379945. Epub 2017 Oct 11. Erratum in: crit Rev Clin Lab Sci. 2020 Mar;57(2):145. doi: 10.1080/10408363.2019.1704475. PMID: 29017389.
162	Apolipoprotein A1	APOA1	P02647	Normal	Diagnostic	1.14 (0.53-1.75) g/L	Infant: 15 days - 1 yr old	Male	Serum	Adeli K, Higgins V, Trajcevski K, White-Al Habeeb N. The Canadian laboratory initiative on pediatric reference intervals: a CALIPER white paper. Crit Rev Cliin Lab Sci. 2017 Sep;54(6):358-413. doi: 10.1080/10408363.2017.1379945. Epub 2017 Oct 11. Erratum in: crit Rev Clin Lab Sci. 2020 Mar;57(2):145. doi: 10.1080/10408363.2019.1704475. PMID: 29017389.
162	Apolipoprotein A1	APOA1	P02647	Normal	Diagnostic	1.22 (0.8-1.64) g/L	Children/Adolescent: 1-<14 yrs old	Male	Serum	Adeli K, Higgins V, Trajcevski K, White-Al Habeeb N. The Canadian laboratory initiative on pediatric reference intervals: a CALIPER white paper. Crit Rev Cliin Lab Sci. 2017 Sep;54(6):358-413. doi: 10.1080/10408363.2017.1379945. Epub 2017 Oct 11. Erratum in: crit Rev Clin Lab Sci. 2020 Mar;57(2):145. doi: 10.1080/10408363.2019.1704475. PMID: 29017389.
162	Apolipoprotein A1	APOA1	P02647	Normal	Diagnostic	1.13 (0.72-1.54) g/L	Adolescent: 14-<19 yrs old	Male	Serum	Adeli K, Higgins V, Trajcevski K, White-Al Habeeb N. The Canadian laboratory initiative on pediatric reference intervals: a CALIPER white paper. Crit Rev Cliin Lab Sci. 2017 Sep;54(6):358-413. doi: 10.1080/10408363.2017.1379945. Epub 2017 Oct 11. Erratum in: crit Rev Clin Lab Sci. 2020 Mar;57(2):145. doi: 10.1080/10408363.2019.1704475. PMID: 29017389.
162	Apolipoprotein A1	APOA1	P02647	Normal	Diagnostic	117.5 (115-120) mg/dL	Children: 2-17 yrs old	Male	serum	Mayo Clinic Test Catalog
162	Apolipoprotein A1	APOA1	P02647	Normal	Diagnostic	120 mg/dL	Adult: >18 yrs old	Male	serum	Mayo Clinic Test Catalog
162	Apolipoprotein A1	APOA1	P02647	Normal	Diagnostic	117.5 (115-120) mg/dL	Children: 2-17 yrs old	Female	serum	Mayo Clinic Test Catalog
162	Apolipoprotein A1	APOA1	P02647	Normal	Diagnostic	140 mg/dL	Adult: >18 yrs old	Female	serum	Mayo Clinic Test Catalog
162	Apolipoprotein A1	APOA1	P02647	Normal	Diagnostic	90 (90-≥110) mg/dL	Adult: 18 yrs old yrs old	Both	Serum	Mayo Clinic Test Catalog
162	Apolipoprotein A1	APOA1	P02647	Normal	Diagnostic	90 (100-139) mg/dL	Children: 2-17 yrs old	Both	Serum	Mayo Clinic Test Catalog
162	Apolipoprotein A1	APOA1	P02647	Normal	Diagnostic	115 (115-120) mg/dL	Adult: 18 yrs old yrs old	Male	Serum	Mayo Clinic Test Catalog
162	Apolipoprotein A1	APOA1	P02647	Normal	Diagnostic	120 mg/dL	Children: 2-17 yrs old	Male	Serum	Mayo Clinic Test Catalog
162	Apolipoprotein A1	APOA1	P02647	Normal	Diagnostic	115 (115-120) mg/dL	Adult: 18 yrs old yrs old	Female	Serum	Mayo Clinic Test Catalog
162	Apolipoprotein A1	APOA1	P02647	Normal	Diagnostic	140 mg/dL	Adult	Female	Serum	Mayo Clinic Test Catalog
163	Clostridium difficile glutamate dehydrogenase		P27346	Clostridium Difficile Infection	Diagnostic	Positive	Adult: >=18 yrs old	Both	Blood	Clostridioides (formerly Clostridium) difficile infection in adults: Clinical manifestations and diagnosis
163	Clostridium difficile glutamate dehydrogenase		P27346	Normal	Diagnostic	Negative	Adult: >=18 yrs old	Both	Blood	Clostridioides (formerly Clostridium) difficile infection in adults: Clinical manifestations and diagnosis
165	Transferrin receptor (soluble)	TFRC	P02786	Iron Deficiency	Diagnostic	>4.4 mg/L	Adult: >=18 yrs old	Female	serum	University of Iowa Laboratory Services Handbook: Soluble Transferrin Receptor Level
165	Transferrin receptor (soluble)	TFRC	P02786	Normal	Diagnostic	3.15 (1.9-4.4) mg/L	Adult: >=18 yrs old	Female	serum	University of Iowa Laboratory Services Handbook: Soluble Transferrin Receptor Level
165	Transferrin receptor (soluble)	TFRC	P02786	Iron Deficiency	Diagnostic	>5.0 mg/L	Adult: >=18 yrs old	Male	serum	University of Iowa Laboratory Services Handbook: Soluble Transferrin Receptor Level
165	Transferrin receptor (soluble)	TFRC	P02786	Normal	Diagnostic	3.6 (2.2-5) mg/L	Adult: >=18 yrs old	Male	serum	University of Iowa Laboratory Services Handbook: Soluble Transferrin Receptor Level
165	Transferrin receptor (soluble)	TFRC	P02786	Normal	Diagnostic	1.485 (0.98-1.99) mg/L	Infant: 0-<1 yrs old	Both	Serum	Adeli K, Higgins V, Trajcevski K, White-Al Habeeb N. The Canadian laboratory initiative on pediatric reference intervals: a CALIPER white paper. Crit Rev Cliin Lab Sci. 2017 Sep;54(6):358-413. doi: 10.1080/10408363.2017.1379945. Epub 2017 Oct 11. Erratum in: crit Rev Clin Lab Sci. 2020 Mar;57(2):145. doi: 10.1080/10408363.2019.1704475. PMID: 29017389.
165	Transferrin receptor (soluble)	TFRC	P02786	Normal	Diagnostic	2.005 (1.37-2.64) mg/L	Children: 1-<2.5 yrs old	Both	Serum	Adeli K, Higgins V, Trajcevski K, White-Al Habeeb N. The Canadian laboratory initiative on pediatric reference intervals: a CALIPER white paper. Crit Rev Cliin Lab Sci. 2017 Sep;54(6):358-413. doi: 10.1080/10408363.2017.1379945. Epub 2017 Oct 11. Erratum in: crit Rev Clin Lab Sci. 2020 Mar;57(2):145. doi: 10.1080/10408363.2019.1704475. PMID: 29017389.
165	Transferrin receptor (soluble)	TFRC	P02786	Normal	Diagnostic	1.56 (1.03-2.09) mg/L	Children/Adolescent: 2.5-<14 yrs old	Both	Serum	Adeli K, Higgins V, Trajcevski K, White-Al Habeeb N. The Canadian laboratory initiative on pediatric reference intervals: a CALIPER white paper. Crit Rev Cliin Lab Sci. 2017 Sep;54(6):358-413. doi: 10.1080/10408363.2017.1379945. Epub 2017 Oct 11. Erratum in: crit Rev Clin Lab Sci. 2020 Mar;57(2):145. doi: 10.1080/10408363.2019.1704475. PMID: 29017389.
165	Transferrin receptor (soluble)	TFRC	P02786	Normal	Diagnostic	1.235 (0.79-1.68) mg/L	Adolescent: 14-<19 yrs old	Both	Serum	Adeli K, Higgins V, Trajcevski K, White-Al Habeeb N. The Canadian laboratory initiative on pediatric reference intervals: a CALIPER white paper. Crit Rev Cliin Lab Sci. 2017 Sep;54(6):358-413. doi: 10.1080/10408363.2017.1379945. Epub 2017 Oct 11. Erratum in: crit Rev Clin Lab Sci. 2020 Mar;57(2):145. doi: 10.1080/10408363.2019.1704475. PMID: 29017389.
165	Transferrin receptor (soluble)	TFRC	P02786	Normal	Diagnostic	3.2 (1.8-4.6) mg/L	All	Both	Serum	Mayo Clinic Test Catalog
166	Estrogen receptor	ESR1	P03372	Breast Cancer	Diagnostic	Negative	Adult: >=18 yrs old	Both	Cell sample	www.breastcancer.org
166	Estrogen receptor	ESR1	P03372	Normal	Diagnostic	Postivie	Adult: >=18 yrs old	Both	Cell sample	www.breastcancer.org
167	Progesterone receptor	PGR	P06401	Normal	Diagnostic	Postivie	Adult: >=18 yrs old	Both	Cell sample	www.breastcancer.org
168	Fibrinogen		P05156	Bleeding Disorder	Diagnostic	<50 mg/dL	Adult: >=18 yrs old	Both	Blood	University of Rochester: Factor I
168	Fibrinogen		P05156	Normal	Diagnostic	300 (200-400) mg/dL	Adult: >=18 yrs old	Both	Blood	University of Rochester: Factor I
168	Fibrinogen		P05156	Normal	Diagnostic	350 (200-500) mg/dL	Adult	Male	serum	Mayo Clinic Test Catalog
168	Fibrinogen		P05156	Normal	Diagnostic	350 (200-500) mg/dL	Adult	Female	serum	Mayo Clinic Test Catalog
168	Fibrinogen		P05156	Normal	Diagnostic	150 mg/dL	Infant: Newborns and Premature	Both	serum	Mayo Clinic Test Catalog
168	Fibrinogen		P05156	Normal	Diagnostic	350 (200-500) mg/dL	Adult	Male	Plasma	Mayo Clinic Test Catalog
168	Fibrinogen		P05156	Normal	Diagnostic	350 (200-500) mg/dL	Adult	Female	Plasma	Mayo Clinic Test Catalog
168	Fibrinogen		P05156	Fibrinogen Deficeincy	Diagnostic	100 mcg/dL	Adult	Both	plasma	Mayo Clinic Test Catalog
168	Fibrinogen		P05156	Fibrinogen Deficeincy	Diagnostic	100 mcg/dL	Adult	Both	plasma	Mayo Clinic Test Catalog
168	Fibrinogen		P05156	Smoking	Response	336.5 (328.4-344.9) (328.4-344.9) mg/dL	Adult	Female	Blood	Wu, Z., Cavallaro, U., Marchisio, P. C., Soria, M. R. & Maier, J. A. Fibronectin modulates the effects of HIV-1 Tat on the growth of murine Kaposi's sarcoma-like cells through the down-regulation of tyrosine phosphorylation. Am J Pathol 152, 1599-1605 (1998).
168	Fibrinogen		P05156	Smoking	Response	312.7 (300.9-325.1) (300.9-325.1) mg/dL	Adult	Female	Blood	Wu, Z., Cavallaro, U., Marchisio, P. C., Soria, M. R. & Maier, J. A. Fibronectin modulates the effects of HIV-1 Tat on the growth of murine Kaposi's sarcoma-like cells through the down-regulation of tyrosine phosphorylation. Am J Pathol 152, 1599-1605 (1998).
168	Fibrinogen		P05156	Tobacco consumption	Response	336.5 (328.4-344.9) (328.4-344.9) mg/dL	Adult	Female	Blood	Wu, Z., Cavallaro, U., Marchisio, P. C., Soria, M. R. & Maier, J. A. Fibronectin modulates the effects of HIV-1 Tat on the growth of murine Kaposi's sarcoma-like cells through the down-regulation of tyrosine phosphorylation. Am J Pathol 152, 1599-1605 (1998).
168	Fibrinogen		P05156	Tobacco consumption	Response	312.7 (300.9-325.1) (300.9-325.1) mg/dL	Adult	Female	Blood	Wu, Z., Cavallaro, U., Marchisio, P. C., Soria, M. R. & Maier, J. A. Fibronectin modulates the effects of HIV-1 Tat on the growth of murine Kaposi's sarcoma-like cells through the down-regulation of tyrosine phosphorylation. Am J Pathol 152, 1599-1605 (1998).
169	Factor V	F5	P12259	Bleeding Disorder	Diagnostic	5.5 (1-10) %	Adult: >=18 yrs old	Both	Blood	University of Rochester: Factor V
169	Factor V	F5	P12259	Normal	Diagnostic	80 (60-100) %	Adult: >=18 yrs old	Both	Blood	University of Rochester: Factor V
169	Factor V	F5	P12259	Factor V deficiency	Diagnostic	<60% %	Adult: >=18 yrs old	Both	Blood	Canadian hemophilia society
169	Factor V	F5	P12259	Normal	Diagnostic	80 (60-100) %	Adult: >=18 yrs old	Both	Blood	University of Rochester Medical Center: Factor V
169	Factor V	F5	P12259	Normal	Diagnostic	117.5 (70-165) %	Infant & Children & Adult: >1 mos	Both	Plasma	Mayo Clinic Test Catalog
169	Factor V	F5	P12259	Factor V deficiency	Diagnostic	<50 %	Infant & Children & Adult: >1 mos	Both	Plasma	Mayo Clinic Test Catalog
170	Transferrin	TF	A5A6I6	Hemochromatosis	Diagnostic	>60% %	Adult: >=18 yrs old	Both	serum	Mayo clinic: Transferrin, Serum
170	Transferrin	TF	A5A6I6	Normal	Diagnostic	35 (20-50) %	Adult: >=18 yrs old	Both	serum	Mayo clinic: Transferrin, Serum
170	Transferrin	TF	A5A6I6	Advanced iron overload	Diagnostic	>90 %	Adult: >=18 yrs old	Both	Serum	Mayo clinic: Transferrin, Serum
170	Transferrin	TF	A5A6I6	Normal	Diagnostic	35 (20-50) %	Adult: >=18 yrs old	Both	Serum	""
170	Transferrin	TF	A5A6I6	Normal	Diagnostic	1.64 (1.04-2.24) g/L	Infant: 0-<9 weeks old	Both	Serum	Adeli K, Higgins V, Trajcevski K, White-Al Habeeb N. The Canadian laboratory initiative on pediatric reference intervals: a CALIPER white paper. Crit Rev Cliin Lab Sci. 2017 Sep;54(6):358-413. doi: 10.1080/10408363.2017.1379945. Epub 2017 Oct 11. Erratum in: crit Rev Clin Lab Sci. 2020 Mar;57(2):145. doi: 10.1080/10408363.2019.1704475. PMID: 29017389.
170	Transferrin	TF	A5A6I6	Normal	Diagnostic	2.155 (1.07-3.24) g/L	Infant: 9 week - <1 yr old	Both	Serum	Adeli K, Higgins V, Trajcevski K, White-Al Habeeb N. The Canadian laboratory initiative on pediatric reference intervals: a CALIPER white paper. Crit Rev Cliin Lab Sci. 2017 Sep;54(6):358-413. doi: 10.1080/10408363.2017.1379945. Epub 2017 Oct 11. Erratum in: crit Rev Clin Lab Sci. 2020 Mar;57(2):145. doi: 10.1080/10408363.2019.1704475. PMID: 29017389.
170	Transferrin	TF	A5A6I6	Normal	Diagnostic	2.785 (2.2-3.37) g/L	Children/Adolescent: 1-<19 yrs old	Both	Serum	Adeli K, Higgins V, Trajcevski K, White-Al Habeeb N. The Canadian laboratory initiative on pediatric reference intervals: a CALIPER white paper. Crit Rev Cliin Lab Sci. 2017 Sep;54(6):358-413. doi: 10.1080/10408363.2017.1379945. Epub 2017 Oct 11. Erratum in: crit Rev Clin Lab Sci. 2020 Mar;57(2):145. doi: 10.1080/10408363.2019.1704475. PMID: 29017389.
170	Transferrin	TF	A5A6I6	Normal	Diagnostic	31.55 (4.1-59) %	Infant: 0-<1 yr old	Female	Serum	Adeli K, Higgins V, Trajcevski K, White-Al Habeeb N. The Canadian laboratory initiative on pediatric reference intervals: a CALIPER white paper. Crit Rev Cliin Lab Sci. 2017 Sep;54(6):358-413. doi: 10.1080/10408363.2017.1379945. Epub 2017 Oct 11. Erratum in: crit Rev Clin Lab Sci. 2020 Mar;57(2):145. doi: 10.1080/10408363.2019.1704475. PMID: 29017389.
170	Transferrin	TF	A5A6I6	Normal	Diagnostic	22.75 (6.5-39) %	Children/Adolescent: 1-<14 yrs old	Female	Serum	Adeli K, Higgins V, Trajcevski K, White-Al Habeeb N. The Canadian laboratory initiative on pediatric reference intervals: a CALIPER white paper. Crit Rev Cliin Lab Sci. 2017 Sep;54(6):358-413. doi: 10.1080/10408363.2017.1379945. Epub 2017 Oct 11. Erratum in: crit Rev Clin Lab Sci. 2020 Mar;57(2):145. doi: 10.1080/10408363.2019.1704475. PMID: 29017389.
170	Transferrin	TF	A5A6I6	Normal	Diagnostic	24.6 (5.2-44) %	Adolescent: 14-<19 yrs old	Female	Serum	Adeli K, Higgins V, Trajcevski K, White-Al Habeeb N. The Canadian laboratory initiative on pediatric reference intervals: a CALIPER white paper. Crit Rev Cliin Lab Sci. 2017 Sep;54(6):358-413. doi: 10.1080/10408363.2017.1379945. Epub 2017 Oct 11. Erratum in: crit Rev Clin Lab Sci. 2020 Mar;57(2):145. doi: 10.1080/10408363.2019.1704475. PMID: 29017389.
170	Transferrin	TF	A5A6I6	Normal	Diagnostic	31.55 (4.1-59) %	Infant: 0-<1 yr old	Male	Serum	Adeli K, Higgins V, Trajcevski K, White-Al Habeeb N. The Canadian laboratory initiative on pediatric reference intervals: a CALIPER white paper. Crit Rev Cliin Lab Sci. 2017 Sep;54(6):358-413. doi: 10.1080/10408363.2017.1379945. Epub 2017 Oct 11. Erratum in: crit Rev Clin Lab Sci. 2020 Mar;57(2):145. doi: 10.1080/10408363.2019.1704475. PMID: 29017389.
170	Transferrin	TF	A5A6I6	Normal	Diagnostic	22.75 (6.5-39) %	Children/Adolescent: 1-<14 yrs old	Male	Serum	Adeli K, Higgins V, Trajcevski K, White-Al Habeeb N. The Canadian laboratory initiative on pediatric reference intervals: a CALIPER white paper. Crit Rev Cliin Lab Sci. 2017 Sep;54(6):358-413. doi: 10.1080/10408363.2017.1379945. Epub 2017 Oct 11. Erratum in: crit Rev Clin Lab Sci. 2020 Mar;57(2):145. doi: 10.1080/10408363.2019.1704475. PMID: 29017389.
170	Transferrin	TF	A5A6I6	Normal	Diagnostic	33.8 (9.6-58) %	Adolescent: 14-<19 yrs old	Male	Serum	Adeli K, Higgins V, Trajcevski K, White-Al Habeeb N. The Canadian laboratory initiative on pediatric reference intervals: a CALIPER white paper. Crit Rev Cliin Lab Sci. 2017 Sep;54(6):358-413. doi: 10.1080/10408363.2017.1379945. Epub 2017 Oct 11. Erratum in: crit Rev Clin Lab Sci. 2020 Mar;57(2):145. doi: 10.1080/10408363.2019.1704475. PMID: 29017389.
170	Transferrin	TF	A5A6I6	Normal	Diagnostic	280 (200-360) mg/dL	All	Both	Serum	Mayo Clinic Test Catalog
171	Follicle stimulating hormone		P01225	Infertility	Diagnostic	<1.4 or >15.5 IU/mL	Adult: >=18 yrs old	Male	Blood	Healthline: FSH
171	Follicle stimulating hormone		P01225	Normal	Diagnostic	8.45 (1.4-15.5) IU/mL	Adult: >=18 yrs old	Male	Blood	University of Rochester: Follicle-Stimulating Hormone
171	Follicle stimulating hormone		P01225	Infertility	Diagnostic	<1.4 or >9.9 IU/mL	Adult: >=18 yrs old	Female	Blood	Healthline: FSH
171	Follicle stimulating hormone		P01225	Normal	Diagnostic	5.65 (1.4-9.9) IU/mL	Adult: >=18 yrs old	Female	Blood	University of Rochester: Follicle-Stimulating Hormone
171	Follicle stimulating hormone		P01225	Infertility	Diagnostic	<6.2 or >17.2 IU/mL	Adult: >=18 yrs old	Female	Blood	Healthline: FSH
171	Follicle stimulating hormone		P01225	Normal	Diagnostic	11.7 (6.2-17.2) IU/mL	Adult: >=18 yrs old	Female	Blood	University of Rochester: Follicle-Stimulating Hormone
171	Follicle stimulating hormone		P01225	Infertility	Diagnostic	<1.1 or >9.2 IU/mL	Adult: >=18 yrs old	Female	Blood	Healthline: FSH
171	Follicle stimulating hormone		P01225	Normal	Diagnostic	5.15 (1.1-9.2) IU/mL	Adult: >=18 yrs old	Female	Blood	University of Rochester: Follicle-Stimulating Hormone
171	Follicle stimulating hormone		P01225	Polycystic Ovary Syndrome	Diagnostic	<=1.4 IU/L	Adult: >=18 yrs old	Female	Serum	Mayo Clinic: Follicle-Stimulating Hormone (FSH), Serum
171	Follicle stimulating hormone		P01225	Normal	Diagnostic	12.3 (1.4-23.2) IU/L	Adult: >=18 yrs old	Female	Serum	Mayo Clinic: Follicle-Stimulating Hormone (FSH), Serum
171	Follicle stimulating hormone		P01225	Primary hypogonadism	Diagnostic	>15.8 IU/L	Adult: >=18 yrs old	Male	Serum	Mayo Clinic: Follicle-Stimulating Hormone (FSH), Serum
171	Follicle stimulating hormone		P01225	Normal	Diagnostic	8.5 (1.2-15.8) IU/L	Adult: >=18 yrs old	Male	Serum	Mayo Clinic: Follicle-Stimulating Hormone (FSH), Serum
171	Follicle stimulating hormone		P01225	Precocious puberty	Diagnostic	>8.9 IU/L	Children: 2-17 yrs old	Female	Serum	Mayo Clinic: Follicle-Stimulating Hormone (FSH), Serum
171	Follicle stimulating hormone		P01225	Normal	Diagnostic	4.9 (0.9-8.9) IU/L	Children: 2-17 yrs old	Female	Serum	Mayo Clinic: Follicle-Stimulating Hormone (FSH), Serum
171	Follicle stimulating hormone		P01225	Complete testicular feminization syndrome	Diagnostic	>15.5 IU/L	Adult: >=18 yrs old	Male	Serum	Mayo Clinic: Follicle-Stimulating Hormone (FSH), Serum
171	Follicle stimulating hormone		P01225	Normal	Diagnostic	8.5 (1.2-15.8) IU/L	Adult: >=18 yrs old	Male	Serum	Mayo Clinic: Follicle-Stimulating Hormone (FSH), Serum
171	Follicle stimulating hormone		P01225	Hypopituitarism	Diagnostic	<1.4 IU/L	Adult: >=18 yrs old	Female	Serum	Mayo Clinic: Follicle-Stimulating Hormone (FSH), Serum
171	Follicle stimulating hormone		P01225	Normal	Diagnostic	12.3 (1.4-23.2) IU/L	Adult: >=18 yrs old	Female	Serum	Mayo Clinic: Follicle-Stimulating Hormone (FSH), Serum
171	Follicle stimulating hormone		P01225	Normal	Diagnostic	5.39 (0.38-10.4) IU/L	Infant: 30 days - 1 yr old	Female	Serum	Adeli K, Higgins V, Trajcevski K, White-Al Habeeb N. The Canadian laboratory initiative on pediatric reference intervals: a CALIPER white paper. Crit Rev Cliin Lab Sci. 2017 Sep;54(6):358-413. doi: 10.1080/10408363.2017.1379945. Epub 2017 Oct 11. Erratum in: crit Rev Clin Lab Sci. 2020 Mar;57(2):145. doi: 10.1080/10408363.2019.1704475. PMID: 29017389.
171	Follicle stimulating hormone		P01225	Normal	Diagnostic	2.935 (0.42-5.45) IU/L	Children: 1-<9 yrs old	Female	Serum	Adeli K, Higgins V, Trajcevski K, White-Al Habeeb N. The Canadian laboratory initiative on pediatric reference intervals: a CALIPER white paper. Crit Rev Cliin Lab Sci. 2017 Sep;54(6):358-413. doi: 10.1080/10408363.2017.1379945. Epub 2017 Oct 11. Erratum in: crit Rev Clin Lab Sci. 2020 Mar;57(2):145. doi: 10.1080/10408363.2019.1704475. PMID: 29017389.
171	Follicle stimulating hormone		P01225	Normal	Diagnostic	2.33 (0.44-4.22) IU/L	Children: 9-<11 yrs old	Female	Serum	Adeli K, Higgins V, Trajcevski K, White-Al Habeeb N. The Canadian laboratory initiative on pediatric reference intervals: a CALIPER white paper. Crit Rev Cliin Lab Sci. 2017 Sep;54(6):358-413. doi: 10.1080/10408363.2017.1379945. Epub 2017 Oct 11. Erratum in: crit Rev Clin Lab Sci. 2020 Mar;57(2):145. doi: 10.1080/10408363.2019.1704475. PMID: 29017389.
171	Follicle stimulating hormone		P01225	Normal	Diagnostic	4.015 (0.26-7.77) IU/L	Children/Adolescent: 11-<19 yrs old	Female	Serum	Adeli K, Higgins V, Trajcevski K, White-Al Habeeb N. The Canadian laboratory initiative on pediatric reference intervals: a CALIPER white paper. Crit Rev Cliin Lab Sci. 2017 Sep;54(6):358-413. doi: 10.1080/10408363.2017.1379945. Epub 2017 Oct 11. Erratum in: crit Rev Clin Lab Sci. 2020 Mar;57(2):145. doi: 10.1080/10408363.2019.1704475. PMID: 29017389.
171	Follicle stimulating hormone		P01225	Normal	Diagnostic	1.25 (0.09-2.41) IU/L	Infant: 30 days - 1 yr old	Male	Serum	Adeli K, Higgins V, Trajcevski K, White-Al Habeeb N. The Canadian laboratory initiative on pediatric reference intervals: a CALIPER white paper. Crit Rev Cliin Lab Sci. 2017 Sep;54(6):358-413. doi: 10.1080/10408363.2017.1379945. Epub 2017 Oct 11. Erratum in: crit Rev Clin Lab Sci. 2020 Mar;57(2):145. doi: 10.1080/10408363.2019.1704475. PMID: 29017389.
171	Follicle stimulating hormone		P01225	Normal	Diagnostic	0.455 (0-0.91) IU/L	Children: 1-<5 yrs old	Male	Serum	Adeli K, Higgins V, Trajcevski K, White-Al Habeeb N. The Canadian laboratory initiative on pediatric reference intervals: a CALIPER white paper. Crit Rev Cliin Lab Sci. 2017 Sep;54(6):358-413. doi: 10.1080/10408363.2017.1379945. Epub 2017 Oct 11. Erratum in: crit Rev Clin Lab Sci. 2020 Mar;57(2):145. doi: 10.1080/10408363.2019.1704475. PMID: 29017389.
171	Follicle stimulating hormone		P01225	Normal	Diagnostic	0.81 (0-1.62) IU/L	Children: 5-<10 yrs old	Male	Serum	Adeli K, Higgins V, Trajcevski K, White-Al Habeeb N. The Canadian laboratory initiative on pediatric reference intervals: a CALIPER white paper. Crit Rev Cliin Lab Sci. 2017 Sep;54(6):358-413. doi: 10.1080/10408363.2017.1379945. Epub 2017 Oct 11. Erratum in: crit Rev Clin Lab Sci. 2020 Mar;57(2):145. doi: 10.1080/10408363.2019.1704475. PMID: 29017389.
171	Follicle stimulating hormone		P01225	Normal	Diagnostic	2.13 (0.35-3.91) IU/L	Children: 10-<13 yrs old	Male	Serum	Adeli K, Higgins V, Trajcevski K, White-Al Habeeb N. The Canadian laboratory initiative on pediatric reference intervals: a CALIPER white paper. Crit Rev Cliin Lab Sci. 2017 Sep;54(6):358-413. doi: 10.1080/10408363.2017.1379945. Epub 2017 Oct 11. Erratum in: crit Rev Clin Lab Sci. 2020 Mar;57(2):145. doi: 10.1080/10408363.2019.1704475. PMID: 29017389.
171	Follicle stimulating hormone		P01225	Normal	Diagnostic	2.94 (0.78-5.1) IU/L	Adolescent: 13-<19 yrs old	Male	Serum	Adeli K, Higgins V, Trajcevski K, White-Al Habeeb N. The Canadian laboratory initiative on pediatric reference intervals: a CALIPER white paper. Crit Rev Cliin Lab Sci. 2017 Sep;54(6):358-413. doi: 10.1080/10408363.2017.1379945. Epub 2017 Oct 11. Erratum in: crit Rev Clin Lab Sci. 2020 Mar;57(2):145. doi: 10.1080/10408363.2019.1704475. PMID: 29017389.
173	Haptoglobin	HP	P00738	Hemolytic anemia	Diagnostic	<50 mg/dL	Adult: >=18 yrs old	Both	Blood	University of Rochester: Haptoglobin
173	Haptoglobin	HP	P00738	Normal	Diagnostic	58.5 (50-220) mg/dL	Adult: >=18 yrs old	Both	Blood	University of Rochester: Haptoglobin
175	Hemoglobin S		P69905	Sickle Cell Anemia	Diagnostic	Positive	Adult: >=18 yrs old	Both	Blood	Mayo clinic: Hemoglobin S blood screen
175	Hemoglobin S		P69905	Normal	Diagnostic	Negative	Adult: >=18 yrs old	Both	Blood	Mayo clinic: Hemoglobin S blood screen
176	HER2	ERBB2	P04626	Breast Cancer	Diagnostic	<1	Adult: >=18 yrs old	Both	Biopsy sample	Canadian Cancer Society
176	HER2	ERBB2	P04626	Normal	Diagnostic	>=3	Adult: >=18 yrs old	Both	Biopsy sample	Canadian Cancer Society
177	Human Chorionic Gonadotropin	CGB3	P0DN86	Pregnancy	Diagnostic	Positive	Adult: >=18 yrs old	Female	urine	Medline plus: hCG in urine
177	Human Chorionic Gonadotropin	CGB3	P0DN86	Normal	Diagnostic	Negative	Adult: >=18 yrs old	Female	urine	Medline plus: hCG in urine
177	Human Chorionic Gonadotropin	CGB3	P0DN86	Preterm Birth	Diagnostic	<0.5 or >2.0 Multiple of Median (MoM)	Adult: >=18 yrs old	Female	Blood	Pubmed_ID: 26368010
177	Human Chorionic Gonadotropin	CGB3	P0DN86	Normal	Diagnostic	1.5 Multiple of Median (MoM)	Adult: >=18 yrs old	Female	Blood	Pubmed_ID: 26368010
177	Human Chorionic Gonadotropin	CGB3	P0DN86	Hepatocellular Carcinoma	Diagnostic	>1.0 IU/L	Adult: >=18 yrs old	Female	Serum	Mayo Clinic: Beta-Human Chorionic Gonadotropin, Quantitative, Serum
177	Human Chorionic Gonadotropin	CGB3	P0DN86	Normal	Diagnostic	<1.0 IU/L	Adult: >=18 yrs old	Female	Serum	Mayo Clinic: Beta-Human Chorionic Gonadotropin, Quantitative, Serum
177	Human Chorionic Gonadotropin	CGB3	P0DN86	Hepatocellular Carcinoma	Diagnostic	>1.4 IU/L	Adult: >=18 yrs old	Male	Serum	Mayo Clinic: Beta-Human Chorionic Gonadotropin, Quantitative, Serum
177	Human Chorionic Gonadotropin	CGB3	P0DN86	Normal	Diagnostic	<1.4 IU/L	Adult: >=18 yrs old	Male	Serum	Mayo Clinic: Beta-Human Chorionic Gonadotropin, Quantitative, Serum
177	Human Chorionic Gonadotropin	CGB3	P0DN86	Nonseminomatous testicular cancer	Diagnostic	>1.4 IU/L	Adult: >=18 yrs old	Male	Serum	Mayo Clinic: Beta-Human Chorionic Gonadotropin, Quantitative, Serum
177	Human Chorionic Gonadotropin	CGB3	P0DN86	Normal	Diagnostic	<1.4 IU/L	Adult: >=18 yrs old	Male	Serum	Mayo Clinic: Beta-Human Chorionic Gonadotropin, Quantitative, Serum
177	Human Chorionic Gonadotropin	CGB3	P0DN86	Seminoma	Diagnostic	>1.4 IU/L	Adult: >=18 yrs old	Male	Serum	Mayo Clinic: Beta-Human Chorionic Gonadotropin, Quantitative, Serum
177	Human Chorionic Gonadotropin	CGB3	P0DN86	Normal	Diagnostic	<1.4 IU/L	Adult: >=18 yrs old	Male	Serum	Mayo Clinic: Beta-Human Chorionic Gonadotropin, Quantitative, Serum
177	Human Chorionic Gonadotropin	CGB3	P0DN86	Teratomas	Diagnostic	>1.0 IU/L	Adult: >=18 yrs old	Male	Serum	Mayo Clinic: Beta-Human Chorionic Gonadotropin, Quantitative, Serum
177	Human Chorionic Gonadotropin	CGB3	P0DN86	Normal	Diagnostic	<1.4 IU/L	Adult: >=18 yrs old	Male	Serum	Mayo Clinic: Beta-Human Chorionic Gonadotropin, Quantitative, Serum
177	Human Chorionic Gonadotropin	CGB3	P0DN86	Teratomas	Diagnostic	>1.4 IU/L	Adult: >=18 yrs old	Female	Serum	Mayo Clinic: Beta-Human Chorionic Gonadotropin, Quantitative, Serum
177	Human Chorionic Gonadotropin	CGB3	P0DN86	Normal	Diagnostic	<1.0 IU/L	Adult: >=18 yrs old	Female	Serum	Mayo Clinic: Beta-Human Chorionic Gonadotropin, Quantitative, Serum
177	Human Chorionic Gonadotropin	CGB3	P0DN86	Teratomas	Diagnostic	>1.4	Children: 2-17 yrs old	Male	Serum	Mayo Clinic: Beta-Human Chorionic Gonadotropin, Quantitative, Serum
177	Human Chorionic Gonadotropin	CGB3	P0DN86	Normal	Diagnostic	<1.4	Children: 2-17 yrs old	Male	Serum	Mayo Clinic: Beta-Human Chorionic Gonadotropin, Quantitative, Serum
177	Human Chorionic Gonadotropin	CGB3	P0DN86	Teratomas	Diagnostic	>1.0	Children: 2-17 yrs old	Female	Serum	Mayo Clinic: Beta-Human Chorionic Gonadotropin, Quantitative, Serum
177	Human Chorionic Gonadotropin	CGB3	P0DN86	Normal	Diagnostic	<1.0	Children: 2-17 yrs old	Female	Serum	Mayo Clinic: Beta-Human Chorionic Gonadotropin, Quantitative, Serum
177	Human Chorionic Gonadotropin	CGB3	P0DN86	Hepatoblastomas	Diagnostic	>1.4 IU/L	Children: 2-17 yrs old	Male	Serum	Mayo Clinic: Beta-Human Chorionic Gonadotropin, Quantitative, Serum
177	Human Chorionic Gonadotropin	CGB3	P0DN86	Normal	Diagnostic	<1.4 IU/L	Children: 2-17 yrs old	Male	Serum	Mayo Clinic: Beta-Human Chorionic Gonadotropin, Quantitative, Serum
177	Human Chorionic Gonadotropin	CGB3	P0DN86	Hepatoblastomas	Diagnostic	>1.0 IU/L	Children: 2-17 yrs old	Female	Serum	Mayo Clinic: Beta-Human Chorionic Gonadotropin, Quantitative, Serum
177	Human Chorionic Gonadotropin	CGB3	P0DN86	Normal	Diagnostic	<1.0 IU/L	Children: 2-17 yrs old	Female	Serum	Mayo Clinic: Beta-Human Chorionic Gonadotropin, Quantitative, Serum
177	Human Chorionic Gonadotropin	CGB3	P0DN86	Cholangiocarcinoma	Diagnostic	>1.0 IU/L	Adult: >=18 yrs old	Female	Serum	Mayo Clinic: Beta-Human Chorionic Gonadotropin, Quantitative, Serum
177	Human Chorionic Gonadotropin	CGB3	P0DN86	Normal	Diagnostic	<1.0 IU/L	Adult: >=18 yrs old	Female	Serum	Mayo Clinic: Beta-Human Chorionic Gonadotropin, Quantitative, Serum
177	Human Chorionic Gonadotropin	CGB3	P0DN86	Cholangiocarcinoma	Diagnostic	>1.4 IU/L	Adult: >=18 yrs old	Male	Serum	Mayo Clinic: Beta-Human Chorionic Gonadotropin, Quantitative, Serum
177	Human Chorionic Gonadotropin	CGB3	P0DN86	Normal	Diagnostic	<1.4 IU/L	Adult: >=18 yrs old	Male	Serum	Mayo Clinic: Beta-Human Chorionic Gonadotropin, Quantitative, Serum
177	Human Chorionic Gonadotropin	CGB3	P0DN86	Normal	Diagnostic	<1.4 IU/L	Adult: >=18 yrs old	Male	Serum	Mayo Clinic: Beta-Human Chorionic Gonadotropin, Quantitative, Serum
177	Human Chorionic Gonadotropin	CGB3	P0DN86	Islet cell tumors	Diagnostic	>1.4 IU/L	Adult: >=18 yrs old	Male	Serum	Mayo Clinic: Beta-Human Chorionic Gonadotropin, Quantitative, Serum
177	Human Chorionic Gonadotropin	CGB3	P0DN86	Normal	Diagnostic	<1.4 IU/L	Adult: >=18 yrs old	Male	Serum	Mayo Clinic: Beta-Human Chorionic Gonadotropin, Quantitative, Serum
177	Human Chorionic Gonadotropin	CGB3	P0DN86	Normal	Diagnostic	<1.4 IU/L	Adult: >=18 yrs old	Male	Serum	Mayo Clinic: Beta-Human Chorionic Gonadotropin, Quantitative, Serum
177	Human Chorionic Gonadotropin	CGB3	P0DN86	Islet cell tumors	Diagnostic	>7.0 IU/L	Adult: >=18 yrs old	Female	Serum	Mayo Clinic: Beta-Human Chorionic Gonadotropin, Quantitative, Serum
177	Human Chorionic Gonadotropin	CGB3	P0DN86	Normal	Diagnostic	<7.0 IU/L	Adult: >=18 yrs old	Female	Serum	Mayo Clinic: Beta-Human Chorionic Gonadotropin, Quantitative, Serum
177	Human Chorionic Gonadotropin	CGB3	P0DN86	Islet cell tumors	Diagnostic	>1.0 IU/L	Adult: >=18 yrs old	Female	Serum	Mayo Clinic: Beta-Human Chorionic Gonadotropin, Quantitative, Serum
177	Human Chorionic Gonadotropin	CGB3	P0DN86	Normal	Diagnostic	<1.0 IU/L	Adult: >=18 yrs old	Female	Serum	Mayo Clinic: Beta-Human Chorionic Gonadotropin, Quantitative, Serum
178	Human growth hormone	GH1	P01241	Acromegaly	Diagnostic	>0.53 ng/mL	Adult: >=18 yrs old	Both	Blood	Mayo clinic: human growth hormone
178	Human growth hormone	GH1	P01241	Normal	Diagnostic	<0.3 ng/mL	Adult: >=18 yrs old	Both	Blood	Mayo clinic: human growth hormone
178	Human growth hormone	GH1	P01241	Growth Hormone Deficiency	Diagnostic	<4 ng/mL	Adult: >=18 yrs old	Both	Blood	Mayo clinic: human growth hormone
178	Human growth hormone	GH1	P01241	Normal	Diagnostic	>4 ng/mL	Adult: >=18 yrs old	Both	Blood	Mayo clinic: human growth hormone
178	Human growth hormone	GH1	P01241	Growth Hormone Deficiency	Diagnostic	<5 ng/mL	Children: 2-17 yrs old	Both	Blood	Mayo clinic: human growth hormone
178	Human growth hormone	GH1	P01241	Normal	Diagnostic	>5 ng/mL	Children: 2-17 yrs old	Both	Blood	Mayo clinic: human growth hormone
178	Human growth hormone	GH1	P01241	Acromegaly	Diagnostic	>0.3 ng/mL	Adult: >=18 yrs old	Both	Serum	Mayo Clinic: Growth Hormone, Serum
178	Human growth hormone	GH1	P01241	Normal	Diagnostic	<0.3 ng/mL	Adult: >=18 yrs old	Both	Serum	Mayo Clinic: Growth Hormone, Serum
178	Human growth hormone	GH1	P01241	Normal	Diagnostic	17.15 (0.8-33.5) µg/L	Infant: 0-<3 months old	Female	Serum	Adeli K, Higgins V, Trajcevski K, White-Al Habeeb N. The Canadian laboratory initiative on pediatric reference intervals: a CALIPER white paper. Crit Rev Cliin Lab Sci. 2017 Sep;54(6):358-413. doi: 10.1080/10408363.2017.1379945. Epub 2017 Oct 11. Erratum in: crit Rev Clin Lab Sci. 2020 Mar;57(2):145. doi: 10.1080/10408363.2019.1704475. PMID: 29017389.
178	Human growth hormone	GH1	P01241	Normal	Diagnostic	3.205 (0.14-6.27) µg/L	Infant/Children: 3 months - <2 yrs old	Female	Serum	Adeli K, Higgins V, Trajcevski K, White-Al Habeeb N. The Canadian laboratory initiative on pediatric reference intervals: a CALIPER white paper. Crit Rev Cliin Lab Sci. 2017 Sep;54(6):358-413. doi: 10.1080/10408363.2017.1379945. Epub 2017 Oct 11. Erratum in: crit Rev Clin Lab Sci. 2020 Mar;57(2):145. doi: 10.1080/10408363.2019.1704475. PMID: 29017389.
178	Human growth hormone	GH1	P01241	Normal	Diagnostic	2.58 (0.05-5.11) µg/L	Children: 2-<7 yrs old	Female	Serum	Adeli K, Higgins V, Trajcevski K, White-Al Habeeb N. The Canadian laboratory initiative on pediatric reference intervals: a CALIPER white paper. Crit Rev Cliin Lab Sci. 2017 Sep;54(6):358-413. doi: 10.1080/10408363.2017.1379945. Epub 2017 Oct 11. Erratum in: crit Rev Clin Lab Sci. 2020 Mar;57(2):145. doi: 10.1080/10408363.2019.1704475. PMID: 29017389.
178	Human growth hormone	GH1	P01241	Normal	Diagnostic	2.39 (0.02-4.76) µg/L	Children: 7-<12 yrs old	Female	Serum	Adeli K, Higgins V, Trajcevski K, White-Al Habeeb N. The Canadian laboratory initiative on pediatric reference intervals: a CALIPER white paper. Crit Rev Cliin Lab Sci. 2017 Sep;54(6):358-413. doi: 10.1080/10408363.2017.1379945. Epub 2017 Oct 11. Erratum in: crit Rev Clin Lab Sci. 2020 Mar;57(2):145. doi: 10.1080/10408363.2019.1704475. PMID: 29017389.
178	Human growth hormone	GH1	P01241	Normal	Diagnostic	3.105 (0.01-6.2) µg/L	Adolescent: 12-<14 yrs old	Female	Serum	Adeli K, Higgins V, Trajcevski K, White-Al Habeeb N. The Canadian laboratory initiative on pediatric reference intervals: a CALIPER white paper. Crit Rev Cliin Lab Sci. 2017 Sep;54(6):358-413. doi: 10.1080/10408363.2017.1379945. Epub 2017 Oct 11. Erratum in: crit Rev Clin Lab Sci. 2020 Mar;57(2):145. doi: 10.1080/10408363.2019.1704475. PMID: 29017389.
178	Human growth hormone	GH1	P01241	Normal	Diagnostic	2.625 (0.03-5.22) µg/L	Adolescent: 14-<19 yrs old	Female	Serum	Adeli K, Higgins V, Trajcevski K, White-Al Habeeb N. The Canadian laboratory initiative on pediatric reference intervals: a CALIPER white paper. Crit Rev Cliin Lab Sci. 2017 Sep;54(6):358-413. doi: 10.1080/10408363.2017.1379945. Epub 2017 Oct 11. Erratum in: crit Rev Clin Lab Sci. 2020 Mar;57(2):145. doi: 10.1080/10408363.2019.1704475. PMID: 29017389.
178	Human growth hormone	GH1	P01241	Normal	Diagnostic	17.15 (0.8-33.5) µg/L	Infant: 0-<3 months old	Male	Serum	Adeli K, Higgins V, Trajcevski K, White-Al Habeeb N. The Canadian laboratory initiative on pediatric reference intervals: a CALIPER white paper. Crit Rev Cliin Lab Sci. 2017 Sep;54(6):358-413. doi: 10.1080/10408363.2017.1379945. Epub 2017 Oct 11. Erratum in: crit Rev Clin Lab Sci. 2020 Mar;57(2):145. doi: 10.1080/10408363.2019.1704475. PMID: 29017389.
178	Human growth hormone	GH1	P01241	Normal	Diagnostic	3.205 (0.14-6.27) µg/L	Infant/Children: 3 months - <2 yrs old	Male	Serum	Adeli K, Higgins V, Trajcevski K, White-Al Habeeb N. The Canadian laboratory initiative on pediatric reference intervals: a CALIPER white paper. Crit Rev Cliin Lab Sci. 2017 Sep;54(6):358-413. doi: 10.1080/10408363.2017.1379945. Epub 2017 Oct 11. Erratum in: crit Rev Clin Lab Sci. 2020 Mar;57(2):145. doi: 10.1080/10408363.2019.1704475. PMID: 29017389.
178	Human growth hormone	GH1	P01241	Normal	Diagnostic	2.58 (0.05-5.11) µg/L	Children: 2-<7 yrs old	Male	Serum	Adeli K, Higgins V, Trajcevski K, White-Al Habeeb N. The Canadian laboratory initiative on pediatric reference intervals: a CALIPER white paper. Crit Rev Cliin Lab Sci. 2017 Sep;54(6):358-413. doi: 10.1080/10408363.2017.1379945. Epub 2017 Oct 11. Erratum in: crit Rev Clin Lab Sci. 2020 Mar;57(2):145. doi: 10.1080/10408363.2019.1704475. PMID: 29017389.
178	Human growth hormone	GH1	P01241	Normal	Diagnostic	2.39 (0.02-4.76) µg/L	Children: 7-<12 yrs old	Male	Serum	Adeli K, Higgins V, Trajcevski K, White-Al Habeeb N. The Canadian laboratory initiative on pediatric reference intervals: a CALIPER white paper. Crit Rev Cliin Lab Sci. 2017 Sep;54(6):358-413. doi: 10.1080/10408363.2017.1379945. Epub 2017 Oct 11. Erratum in: crit Rev Clin Lab Sci. 2020 Mar;57(2):145. doi: 10.1080/10408363.2019.1704475. PMID: 29017389.
178	Human growth hormone	GH1	P01241	Normal	Diagnostic	3.105 (0.01-6.2) µg/L	Adolescent: 12-<14 yrs old	Male	Serum	Adeli K, Higgins V, Trajcevski K, White-Al Habeeb N. The Canadian laboratory initiative on pediatric reference intervals: a CALIPER white paper. Crit Rev Cliin Lab Sci. 2017 Sep;54(6):358-413. doi: 10.1080/10408363.2017.1379945. Epub 2017 Oct 11. Erratum in: crit Rev Clin Lab Sci. 2020 Mar;57(2):145. doi: 10.1080/10408363.2019.1704475. PMID: 29017389.
178	Human growth hormone	GH1	P01241	Normal	Diagnostic	1.915 (0.02-3.81) µg/L	Adolescent: 14-<19 yrs old	Male	Serum	Adeli K, Higgins V, Trajcevski K, White-Al Habeeb N. The Canadian laboratory initiative on pediatric reference intervals: a CALIPER white paper. Crit Rev Cliin Lab Sci. 2017 Sep;54(6):358-413. doi: 10.1080/10408363.2017.1379945. Epub 2017 Oct 11. Erratum in: crit Rev Clin Lab Sci. 2020 Mar;57(2):145. doi: 10.1080/10408363.2019.1704475. PMID: 29017389.
178	Human growth hormone	GH1	P01241	Normal	Diagnostic	2.58 (0.05-5.11) ng/mL	Children: 2-<7 yrs old	Male	Serum	Mayo Clinic Test Catalog
178	Human growth hormone	GH1	P01241	Normal	Diagnostic	2.39 (0.02-4.76) ng/mL	Children: 7-<12 yrs old	Male	Serum	Mayo Clinic Test Catalog
178	Human growth hormone	GH1	P01241	Normal	Diagnostic	3.105 (0.01-6.2) ng/mL	Children: 12-<14 yrs old	Male	Serum	Mayo Clinic Test Catalog
178	Human growth hormone	GH1	P01241	Normal	Diagnostic	1.915 (0.02-3.81) ng/mL	Children: 14-<18 yrs old	Male	Serum	Mayo Clinic Test Catalog
178	Human growth hormone	GH1	P01241	Normal	Diagnostic	0.49 (0.01-0.97) ng/mL	Children: > or =18 yrs old	Male	Serum	Mayo Clinic Test Catalog
178	Human growth hormone	GH1	P01241	Normal	Diagnostic	2.58 (0.05-5.11) ng/mL	Children: 2-<7 yrs old	Female	Serum	Mayo Clinic Test Catalog
178	Human growth hormone	GH1	P01241	Normal	Diagnostic	2.39 (0.02-4.76) ng/mL	Children: 7-<12 yrs old	Female	Serum	Mayo Clinic Test Catalog
178	Human growth hormone	GH1	P01241	Normal	Diagnostic	3.105 (0.01-6.2) ng/mL	Children: 12-<14 yrs old	Female	Serum	Mayo Clinic Test Catalog
178	Human growth hormone	GH1	P01241	Normal	Diagnostic	2.625 (0.03-5.22) ng/mL	Children: 14-<18 yrs old	Female	Serum	Mayo Clinic Test Catalog
178	Human growth hormone	GH1	P01241	Normal	Diagnostic	1.81 (0.01-3.61) ng/mL	Children: > or =18 yrs old	Female	Serum	Mayo Clinic Test Catalog
183	Kappa/Lambda light chains			Amyloidosis	Diagnostic	<0.26 or >1.65	Adult: >=18 yrs old	Both	Blood	Labtests online: Serum Free Light Chain
183	Kappa/Lambda light chains			Amyloidosis	Diagnostic	>1.94	Adult: >=18 yrs old	Both	Blood	Labtests online: Serum Free Light Chain
183	Kappa/Lambda light chains			Normal	Diagnostic	1.135 (0.33-1.94)	Adult: >=18 yrs old	Both	Blood	Mayo clinic: free light chain
183	Kappa/Lambda light chains			Amyloidosis	Diagnostic	>2.63	Adult: >=18 yrs old	Both	Blood	Labtests online: Serum Free Light Chain
183	Kappa/Lambda light chains			Normal	Diagnostic	1.6 (0.57-2.63)	Adult: >=18 yrs old	Both	Blood	Mayo clinic: free light chain
186	Lactoferrin	LTF	P02788	Inflammatory Bowel Disease	Diagnostic	Positive	Adult: >=18 yrs old	Both	Feces	Mayo clinic: Fecal lactoferrin
186	Lactoferrin	LTF	P02788	Normal	Diagnostic	Negative	Adult: >=18 yrs old	Both	Feces	Mayo clinic: Fecal lactoferrin
186	Lactoferrin	LTF	P02788	Normal	Diagnostic	7.25 mcg/mL	All	Both	feces	Mayo Clinic Test Catalog
187	Leptin	LEP	P41159	leptin deficiency	Diagnostic	<3.3 ng/mL	Adult: >=18 yrs old	Female	Serum	Lab Tests Online: Leptin
187	Leptin	LEP	P41159	Normal	Diagnostic	15 (3.3-18.3) ng/mL	Adult: >=18 yrs old	Female	Serum	Mayo clinic: Leptin
187	Leptin	LEP	P41159	leptin deficiency	Diagnostic	<0.7 ng/mL	Adult: >=18 yrs old	Male	Serum	Lab Tests Online: Leptin
187	Leptin	LEP	P41159	Normal	Diagnostic	4.6 (0.7-5.3) ng/mL	Adult: >=18 yrs old	Male	Serum	Mayo clinic: Leptin
187	Leptin	LEP	P41159	Normal	Diagnostic	3 (0.7-5.3) ng/mL	Adult	Male	serum	Mayo Clinic Test Catalog
187	Leptin	LEP	P41159	Normal	Diagnostic	10.8 (3.3-18.3) ng/mL	Adult	Female	serum	Mayo Clinic Test Catalog
188	Luteinizing hormone	LHB	Q8WXL0	Hypogonadism	Diagnostic	>14.6 IU/L	Adult: >=18 yrs old	Female	serum	Mayo clinic: Luteinizing Hormone
188	Luteinizing hormone	LHB	Q8WXL0	Normal	Diagnostic	8.25 (1.9-14.6) IU/L	Adult: >=18 yrs old	Female	serum	Mayo clinic: Luteinizing Hormone
188	Luteinizing hormone	LHB	Q8WXL0	Hypogonadism	Diagnostic	>118 IU/L	Adult: >=18 yrs old	Female	serum	Mayo clinic: Luteinizing Hormone
188	Luteinizing hormone	LHB	Q8WXL0	Normal	Diagnostic	65.1 (12.2-118) IU/L	Adult: >=18 yrs old	Female	serum	Mayo clinic: Luteinizing Hormone
188	Luteinizing hormone	LHB	Q8WXL0	Hypogonadism	Diagnostic	>12.9 IU/L	Adult: >=18 yrs old	Female	serum	Mayo clinic: Luteinizing Hormone
188	Luteinizing hormone	LHB	Q8WXL0	Normal	Diagnostic	6.8 (0.7-12.9) IU/L	Adult: >=18 yrs old	Female	serum	Mayo clinic: Luteinizing Hormone
188	Luteinizing hormone	LHB	Q8WXL0	Hypogonadism	Diagnostic	>65.4 IU/L	Adult: >=18 yrs old	Female	serum	Mayo clinic: Luteinizing Hormone
188	Luteinizing hormone	LHB	Q8WXL0	Normal	Diagnostic	35.35 (5.3-65.4) IU/L	Adult: >=18 yrs old	Female	serum	Mayo clinic: Luteinizing Hormone
188	Luteinizing hormone	LHB	Q8WXL0	Ovulation prediction (midcycle peak)	Diagnostic	(12.2-118) IU/L	Adult: >=18 yrs old	Female	Serum	Mayo Clinic: Luteinizing Hormone (LH), Serum
188	Luteinizing hormone	LHB	Q8WXL0	Normal	Diagnostic	8.25 (1.9-14.6) IU/L	Adult: >=18 yrs old	Female	Serum	Mayo Clinic: Luteinizing Hormone (LH), Serum
188	Luteinizing hormone	LHB	Q8WXL0	Hypopituitarism	Diagnostic	<0.7 IU/L	Adult: >=18 yrs old	Female	Serum	Mayo Clinic: Luteinizing Hormone (LH), Serum
188	Luteinizing hormone	LHB	Q8WXL0	Normal	Diagnostic	6.8 (0.7-12.9) IU/L	Adult: >=18 yrs old	Female	Serum	Mayo Clinic: Luteinizing Hormone (LH), Serum
188	Luteinizing hormone	LHB	Q8WXL0	Normal	Diagnostic	1.205 (0-2.41) IU/mL	Infant: 4 days - <3 months old	Female	Serum	Adeli K, Higgins V, Trajcevski K, White-Al Habeeb N. The Canadian laboratory initiative on pediatric reference intervals: a CALIPER white paper. Crit Rev Cliin Lab Sci. 2017 Sep;54(6):358-413. doi: 10.1080/10408363.2017.1379945. Epub 2017 Oct 11. Erratum in: crit Rev Clin Lab Sci. 2020 Mar;57(2):145. doi: 10.1080/10408363.2019.1704475. PMID: 29017389.
188	Luteinizing hormone	LHB	Q8WXL0	Normal	Diagnostic	0.595 (0-1.19) IU/mL	Infant: 3 months - < 1 yr old	Female	Serum	Adeli K, Higgins V, Trajcevski K, White-Al Habeeb N. The Canadian laboratory initiative on pediatric reference intervals: a CALIPER white paper. Crit Rev Cliin Lab Sci. 2017 Sep;54(6):358-413. doi: 10.1080/10408363.2017.1379945. Epub 2017 Oct 11. Erratum in: crit Rev Clin Lab Sci. 2020 Mar;57(2):145. doi: 10.1080/10408363.2019.1704475. PMID: 29017389.
188	Luteinizing hormone	LHB	Q8WXL0	Normal	Diagnostic	0.165 (0-0.33) IU/mL	Children: 1-<10 yrs old	Female	Serum	Adeli K, Higgins V, Trajcevski K, White-Al Habeeb N. The Canadian laboratory initiative on pediatric reference intervals: a CALIPER white paper. Crit Rev Cliin Lab Sci. 2017 Sep;54(6):358-413. doi: 10.1080/10408363.2017.1379945. Epub 2017 Oct 11. Erratum in: crit Rev Clin Lab Sci. 2020 Mar;57(2):145. doi: 10.1080/10408363.2019.1704475. PMID: 29017389.
188	Luteinizing hormone	LHB	Q8WXL0	Normal	Diagnostic	2.17 (0-4.34) IU/mL	Children: 10-<13 yrs old	Female	Serum	Adeli K, Higgins V, Trajcevski K, White-Al Habeeb N. The Canadian laboratory initiative on pediatric reference intervals: a CALIPER white paper. Crit Rev Cliin Lab Sci. 2017 Sep;54(6):358-413. doi: 10.1080/10408363.2017.1379945. Epub 2017 Oct 11. Erratum in: crit Rev Clin Lab Sci. 2020 Mar;57(2):145. doi: 10.1080/10408363.2019.1704475. PMID: 29017389.
188	Luteinizing hormone	LHB	Q8WXL0	Normal	Diagnostic	3.445 (0.37-6.52) IU/mL	Adolescent: 13-<15 yrs old	Female	Serum	Adeli K, Higgins V, Trajcevski K, White-Al Habeeb N. The Canadian laboratory initiative on pediatric reference intervals: a CALIPER white paper. Crit Rev Cliin Lab Sci. 2017 Sep;54(6):358-413. doi: 10.1080/10408363.2017.1379945. Epub 2017 Oct 11. Erratum in: crit Rev Clin Lab Sci. 2020 Mar;57(2):145. doi: 10.1080/10408363.2019.1704475. PMID: 29017389.
188	Luteinizing hormone	LHB	Q8WXL0	Normal	Diagnostic	6.55 (0-13.1) IU/mL	Adolescent: 15-<17 yrs old	Female	Serum	Adeli K, Higgins V, Trajcevski K, White-Al Habeeb N. The Canadian laboratory initiative on pediatric reference intervals: a CALIPER white paper. Crit Rev Cliin Lab Sci. 2017 Sep;54(6):358-413. doi: 10.1080/10408363.2017.1379945. Epub 2017 Oct 11. Erratum in: crit Rev Clin Lab Sci. 2020 Mar;57(2):145. doi: 10.1080/10408363.2019.1704475. PMID: 29017389.
188	Luteinizing hormone	LHB	Q8WXL0	Normal	Diagnostic	4.19 (0-8.38) IU/mL	Adolescent: 17-<19 yrs old	Female	Serum	Adeli K, Higgins V, Trajcevski K, White-Al Habeeb N. The Canadian laboratory initiative on pediatric reference intervals: a CALIPER white paper. Crit Rev Cliin Lab Sci. 2017 Sep;54(6):358-413. doi: 10.1080/10408363.2017.1379945. Epub 2017 Oct 11. Erratum in: crit Rev Clin Lab Sci. 2020 Mar;57(2):145. doi: 10.1080/10408363.2019.1704475. PMID: 29017389.
188	Luteinizing hormone	LHB	Q8WXL0	Normal	Diagnostic	2 (0.19-3.81) IU/mL	Infant: 4 days - <3 months old	Male	Serum	Adeli K, Higgins V, Trajcevski K, White-Al Habeeb N. The Canadian laboratory initiative on pediatric reference intervals: a CALIPER white paper. Crit Rev Cliin Lab Sci. 2017 Sep;54(6):358-413. doi: 10.1080/10408363.2017.1379945. Epub 2017 Oct 11. Erratum in: crit Rev Clin Lab Sci. 2020 Mar;57(2):145. doi: 10.1080/10408363.2019.1704475. PMID: 29017389.
188	Luteinizing hormone	LHB	Q8WXL0	Normal	Diagnostic	1.445 (0-2.89) IU/mL	Infant: 3 months - < 1 yr old	Male	Serum	Adeli K, Higgins V, Trajcevski K, White-Al Habeeb N. The Canadian laboratory initiative on pediatric reference intervals: a CALIPER white paper. Crit Rev Cliin Lab Sci. 2017 Sep;54(6):358-413. doi: 10.1080/10408363.2017.1379945. Epub 2017 Oct 11. Erratum in: crit Rev Clin Lab Sci. 2020 Mar;57(2):145. doi: 10.1080/10408363.2019.1704475. PMID: 29017389.
188	Luteinizing hormone	LHB	Q8WXL0	Normal	Diagnostic	0.165 (0-0.33) IU/mL	Children: 1-<10 yrs old	Male	Serum	Adeli K, Higgins V, Trajcevski K, White-Al Habeeb N. The Canadian laboratory initiative on pediatric reference intervals: a CALIPER white paper. Crit Rev Cliin Lab Sci. 2017 Sep;54(6):358-413. doi: 10.1080/10408363.2017.1379945. Epub 2017 Oct 11. Erratum in: crit Rev Clin Lab Sci. 2020 Mar;57(2):145. doi: 10.1080/10408363.2019.1704475. PMID: 29017389.
188	Luteinizing hormone	LHB	Q8WXL0	Normal	Diagnostic	2.17 (0-4.34) IU/mL	Children: 10-<13 yrs old	Male	Serum	Adeli K, Higgins V, Trajcevski K, White-Al Habeeb N. The Canadian laboratory initiative on pediatric reference intervals: a CALIPER white paper. Crit Rev Cliin Lab Sci. 2017 Sep;54(6):358-413. doi: 10.1080/10408363.2017.1379945. Epub 2017 Oct 11. Erratum in: crit Rev Clin Lab Sci. 2020 Mar;57(2):145. doi: 10.1080/10408363.2019.1704475. PMID: 29017389.
188	Luteinizing hormone	LHB	Q8WXL0	Normal	Diagnostic	2.055 (0-4.11) IU/mL	Adolescent: 13-<15 yrs old	Male	Serum	Adeli K, Higgins V, Trajcevski K, White-Al Habeeb N. The Canadian laboratory initiative on pediatric reference intervals: a CALIPER white paper. Crit Rev Cliin Lab Sci. 2017 Sep;54(6):358-413. doi: 10.1080/10408363.2017.1379945. Epub 2017 Oct 11. Erratum in: crit Rev Clin Lab Sci. 2020 Mar;57(2):145. doi: 10.1080/10408363.2019.1704475. PMID: 29017389.
188	Luteinizing hormone	LHB	Q8WXL0	Normal	Diagnostic	2.775 (0.79-4.76) IU/mL	Adolescent: 15-<17 yrs old	Male	Serum	Adeli K, Higgins V, Trajcevski K, White-Al Habeeb N. The Canadian laboratory initiative on pediatric reference intervals: a CALIPER white paper. Crit Rev Cliin Lab Sci. 2017 Sep;54(6):358-413. doi: 10.1080/10408363.2017.1379945. Epub 2017 Oct 11. Erratum in: crit Rev Clin Lab Sci. 2020 Mar;57(2):145. doi: 10.1080/10408363.2019.1704475. PMID: 29017389.
188	Luteinizing hormone	LHB	Q8WXL0	Normal	Diagnostic	4.02 (0.94-7.1) IU/mL	Adolescent: 17-<19 yrs old	Male	Serum	Adeli K, Higgins V, Trajcevski K, White-Al Habeeb N. The Canadian laboratory initiative on pediatric reference intervals: a CALIPER white paper. Crit Rev Cliin Lab Sci. 2017 Sep;54(6):358-413. doi: 10.1080/10408363.2017.1379945. Epub 2017 Oct 11. Erratum in: crit Rev Clin Lab Sci. 2020 Mar;57(2):145. doi: 10.1080/10408363.2019.1704475. PMID: 29017389.
188	Luteinizing hormone	LHB	Q8WXL0	Normal	Diagnostic	9.16 (0.02-18.3) IU/L	Infant: 1 yr old	Female	serum	Mayo Clinic Test Catalog
188	Luteinizing hormone	LHB	Q8WXL0	Normal	Diagnostic	0.16 (0.02-0.3) IU/L	Children: 1-8 yrs old	Female	serum	Mayo Clinic Test Catalog
188	Luteinizing hormone	LHB	Q8WXL0	Normal	Diagnostic	2.41 (0.02-4.8) IU/L	Children: 9-10 yrs old	Female	serum	Mayo Clinic Test Catalog
188	Luteinizing hormone	LHB	Q8WXL0	Normal	Diagnostic	5.86 (0.02-11.7) IU/L	Children: 11-13 yrs old	Female	serum	Mayo Clinic Test Catalog
188	Luteinizing hormone	LHB	Q8WXL0	Normal	Diagnostic	8.36 (0.02-16.7) IU/L	Children: 14-17 yrs old	Female	serum	Mayo Clinic Test Catalog
188	Luteinizing hormone	LHB	Q8WXL0	Normal	Diagnostic	0.16 (0.02-0.3) IU/L	Children: Tanner Stage I	Female	serum	Mayo Clinic Test Catalog
188	Luteinizing hormone	LHB	Q8WXL0	Normal	Diagnostic	2.06 (0.02-4.1) IU/L	Children: Tanner Stage II	Female	serum	Mayo Clinic Test Catalog
188	Luteinizing hormone	LHB	Q8WXL0	Normal	Diagnostic	3.9 (0.6-7.2) IU/L	Children:Tanner Stage III	Female	serum	Mayo Clinic Test Catalog
188	Luteinizing hormone	LHB	Q8WXL0	Normal	Diagnostic	7.1 (0.9-13.3) IU/L	Children: Tanner Stage IV-V	Female	serum	Mayo Clinic Test Catalog
188	Luteinizing hormone	LHB	Q8WXL0	Normal	Diagnostic	2.51 (0.02-5) IU/L	Infant: 1 yr old	Male	serum	Mayo Clinic Test Catalog
188	Luteinizing hormone	LHB	Q8WXL0	Normal	Diagnostic	0.26 (0.02-0.5) IU/L	Children: 1-8 yrs old	Male	serum	Mayo Clinic Test Catalog
188	Luteinizing hormone	LHB	Q8WXL0	Normal	Diagnostic	1.81 (0.02-3.6) IU/L	Children: 9-10 yrs old	Male	serum	Mayo Clinic Test Catalog
188	Luteinizing hormone	LHB	Q8WXL0	Normal	Diagnostic	2.9 (0.1-5.7) IU/L	Children: 11-13 yrs old	Male	serum	Mayo Clinic Test Catalog
188	Luteinizing hormone	LHB	Q8WXL0	Normal	Diagnostic	4.75 (0.8-8.7) IU/L	Children: 14-17 yrs old	Male	serum	Mayo Clinic Test Catalog
188	Luteinizing hormone	LHB	Q8WXL0	Normal	Diagnostic	0.26 (0.02-0.5) IU/L	Children: Tanner Stage I	Male	serum	Mayo Clinic Test Catalog
188	Luteinizing hormone	LHB	Q8WXL0	Normal	Diagnostic	1.865 (0.03-3.7) IU/L	Children: Tanner Stage II	Male	serum	Mayo Clinic Test Catalog
188	Luteinizing hormone	LHB	Q8WXL0	Normal	Diagnostic	2.145 (0.09-4.2) IU/L	Children:Tanner Stage III	Male	serum	Mayo Clinic Test Catalog
188	Luteinizing hormone	LHB	Q8WXL0	Normal	Diagnostic	5.55 (1.3-9.8) IU/L	Children: Tanner Stage IV-V	Male	serum	Mayo Clinic Test Catalog
188	Luteinizing hormone	LHB	Q8WXL0	Normal	Diagnostic	0.4 IU/L	Infant: 1 month - =12 mos	Male	serum	Mayo Clinic Test Catalog
188	Luteinizing hormone	LHB	Q8WXL0	Normal	Diagnostic	1.3 IU/L	Infant/ Children: 12 mos - 6 yrs old	Male	serum	Mayo Clinic Test Catalog
188	Luteinizing hormone	LHB	Q8WXL0	Normal	Diagnostic	1.4 IU/L	Children: 6 yrs old - 11 yrs old	Male	serum	Mayo Clinic Test Catalog
188	Luteinizing hormone	LHB	Q8WXL0	Normal	Diagnostic	3.95 (0.1-7.8) IU/L	Children: 11 yrs old - 14 yrs old	Male	serum	Mayo Clinic Test Catalog
188	Luteinizing hormone	LHB	Q8WXL0	Normal	Diagnostic	5.55 (1.3-9.8) IU/L	Children: 14 yrs old - 18 yrs old	Male	serum	Mayo Clinic Test Catalog
188	Luteinizing hormone	LHB	Q8WXL0	Normal	Diagnostic	5.45 (1.3-9.6) IU/L	Adult: 18 yrs old yrs old	Male	serum	Mayo Clinic Test Catalog
188	Luteinizing hormone	LHB	Q8WXL0	Normal	Diagnostic	0.4 IU/L	Infant: 1 month - 12 mos	Female	serum	Mayo Clinic Test Catalog
188	Luteinizing hormone	LHB	Q8WXL0	Normal	Diagnostic	0.5 IU/L	Children: 12 mos - 6 yrs old	Female	serum	Mayo Clinic Test Catalog
188	Luteinizing hormone	LHB	Q8WXL0	Normal	Diagnostic	3.1 IU/L	Children: 6 yrs old - =11 yrs old	Female	serum	Mayo Clinic Test Catalog
188	Luteinizing hormone	LHB	Q8WXL0	Normal	Diagnostic	11.9 IU/L	Children: 11 yrs old - 14 yrs old	Female	serum	Mayo Clinic Test Catalog
188	Luteinizing hormone	LHB	Q8WXL0	Normal	Diagnostic	21.1 (0.5-41.7) IU/L	Children: 14 yrs old - =18 yrs old	Female	serum	Mayo Clinic Test Catalog
188	Luteinizing hormone	LHB	Q8WXL0	Normal	Diagnostic	8.25 (1.9-14.6) IU/L	Adult	Female	serum	Mayo Clinic Test Catalog
188	Luteinizing hormone	LHB	Q8WXL0	Normal	Diagnostic	65.1 (12.2-118) IU/L	Adult	Female	serum	Mayo Clinic Test Catalog
188	Luteinizing hormone	LHB	Q8WXL0	Normal	Diagnostic	6.8 (0.7-12.9) IU/L	Adult	Female	serum	Mayo Clinic Test Catalog
188	Luteinizing hormone	LHB	Q8WXL0	Normal	Diagnostic	35.35 (5.3-65.4) IU/L	Adult	Female	serum	Mayo Clinic Test Catalog
190	Myoglobin	MB	P02144	Skeletal Muscle Damage	Diagnostic	>90 ug/L	Adult: >=18 yrs old	Both	Blood	University of Rochester: Myoglobin (blood)
190	Myoglobin	MB	P02144	Normal	Diagnostic	<90 ug/L	Adult: >=18 yrs old	Both	Blood	University of Rochester: Myoglobin (blood)
190	Myoglobin	MB	P02144	Myocardial Infarction	Diagnostic	>90 ug/L	Adult: >=18 yrs old	Both	Blood	University of Rochester Health Encyclopedia: Myoglobin (Blood)
190	Myoglobin	MB	P02144	Normal	Diagnostic	<90 ug/L	Adult: >=18 yrs old	Both	Blood	University of Rochester Health Encyclopedia: Myoglobin (Blood)
190	Myoglobin	MB	P02144	Normal	Diagnostic	123.95 (13.9-234) uM	Infant: 0-<2 weeks old	Female	Serum	Adeli K, Higgins V, Trajcevski K, White-Al Habeeb N. The Canadian laboratory initiative on pediatric reference intervals: a CALIPER white paper. Crit Rev Cliin Lab Sci. 2017 Sep;54(6):358-413. doi: 10.1080/10408363.2017.1379945. Epub 2017 Oct 11. Erratum in: crit Rev Clin Lab Sci. 2020 Mar;57(2):145. doi: 10.1080/10408363.2019.1704475. PMID: 29017389.
190	Myoglobin	MB	P02144	Normal	Diagnostic	34.095 (7.29-60.9) uM	Infant: 2 weeks - <1 yr old	Female	Serum	Adeli K, Higgins V, Trajcevski K, White-Al Habeeb N. The Canadian laboratory initiative on pediatric reference intervals: a CALIPER white paper. Crit Rev Cliin Lab Sci. 2017 Sep;54(6):358-413. doi: 10.1080/10408363.2017.1379945. Epub 2017 Oct 11. Erratum in: crit Rev Clin Lab Sci. 2020 Mar;57(2):145. doi: 10.1080/10408363.2019.1704475. PMID: 29017389.
190	Myoglobin	MB	P02144	Normal	Diagnostic	32.7 (15.1-50.3) uM	Children: 1-<13 yrs old	Female	Serum	Adeli K, Higgins V, Trajcevski K, White-Al Habeeb N. The Canadian laboratory initiative on pediatric reference intervals: a CALIPER white paper. Crit Rev Cliin Lab Sci. 2017 Sep;54(6):358-413. doi: 10.1080/10408363.2017.1379945. Epub 2017 Oct 11. Erratum in: crit Rev Clin Lab Sci. 2020 Mar;57(2):145. doi: 10.1080/10408363.2019.1704475. PMID: 29017389.
190	Myoglobin	MB	P02144	Normal	Diagnostic	29.5 (11.7-47.3) uM	Adolescent: 13-<19 yrs old	Female	Serum	Adeli K, Higgins V, Trajcevski K, White-Al Habeeb N. The Canadian laboratory initiative on pediatric reference intervals: a CALIPER white paper. Crit Rev Cliin Lab Sci. 2017 Sep;54(6):358-413. doi: 10.1080/10408363.2017.1379945. Epub 2017 Oct 11. Erratum in: crit Rev Clin Lab Sci. 2020 Mar;57(2):145. doi: 10.1080/10408363.2019.1704475. PMID: 29017389.
190	Myoglobin	MB	P02144	Normal	Diagnostic	123.95 (13.9-234) uM	Infant: 0-<2 weeks old	Male	Serum	Adeli K, Higgins V, Trajcevski K, White-Al Habeeb N. The Canadian laboratory initiative on pediatric reference intervals: a CALIPER white paper. Crit Rev Cliin Lab Sci. 2017 Sep;54(6):358-413. doi: 10.1080/10408363.2017.1379945. Epub 2017 Oct 11. Erratum in: crit Rev Clin Lab Sci. 2020 Mar;57(2):145. doi: 10.1080/10408363.2019.1704475. PMID: 29017389.
190	Myoglobin	MB	P02144	Normal	Diagnostic	34.095 (7.29-60.9) uM	Infant: 2 weeks - <1 yr old	Male	Serum	Adeli K, Higgins V, Trajcevski K, White-Al Habeeb N. The Canadian laboratory initiative on pediatric reference intervals: a CALIPER white paper. Crit Rev Cliin Lab Sci. 2017 Sep;54(6):358-413. doi: 10.1080/10408363.2017.1379945. Epub 2017 Oct 11. Erratum in: crit Rev Clin Lab Sci. 2020 Mar;57(2):145. doi: 10.1080/10408363.2019.1704475. PMID: 29017389.
190	Myoglobin	MB	P02144	Normal	Diagnostic	32.7 (15.1-50.3) uM	Children: 1-<13 yrs old	Male	Serum	Adeli K, Higgins V, Trajcevski K, White-Al Habeeb N. The Canadian laboratory initiative on pediatric reference intervals: a CALIPER white paper. Crit Rev Cliin Lab Sci. 2017 Sep;54(6):358-413. doi: 10.1080/10408363.2017.1379945. Epub 2017 Oct 11. Erratum in: crit Rev Clin Lab Sci. 2020 Mar;57(2):145. doi: 10.1080/10408363.2019.1704475. PMID: 29017389.
190	Myoglobin	MB	P02144	Normal	Diagnostic	111.35 (16.7-206) uM	Adolescent: 13-<19 yrs old	Male	Serum	Adeli K, Higgins V, Trajcevski K, White-Al Habeeb N. The Canadian laboratory initiative on pediatric reference intervals: a CALIPER white paper. Crit Rev Cliin Lab Sci. 2017 Sep;54(6):358-413. doi: 10.1080/10408363.2017.1379945. Epub 2017 Oct 11. Erratum in: crit Rev Clin Lab Sci. 2020 Mar;57(2):145. doi: 10.1080/10408363.2019.1704475. PMID: 29017389.
190	Myoglobin	MB	P02144	Normal	Diagnostic	36 (0-72) mcg/L	All	Male	serum	Mayo Clinic Test Catalog
190	Myoglobin	MB	P02144	Normal	Diagnostic	29 (0-58) mcg/L	All	Female	serum	Mayo Clinic Test Catalog
190	Myoglobin	MB	P02144	Normal	Diagnostic	12 (0-24) mcg/L	Adult: 18 yrs old yrs old	Both	urine	Mayo Clinic Test Catalog
191	Tau protein	MAPT	P10636	Alzheimer's Disease	Diagnostic	524 (244-804) pg/mL	Elderly: 65-100+ yrs old	Both	Cerebrospinal Fluid (CSF)	Pubmed_ID: 8748926
191	Tau protein	MAPT	P10636	Normal	Diagnostic	185 (135-235) pg/mL	Elderly: 65-100+ yrs old	Both	Cerebrospinal Fluid (CSF)	Pubmed_ID: 8748926
193	Tartrate resistant acid phosphatase	ACP5	P13686	Chronic Lymphocytic Leukemia	Diagnostic	> 5 ng/mL	Adult: >=18 yrs old	Both	Blood	Benioff Children's Hospital: TRAP
193	Tartrate resistant acid phosphatase	ACP5	P13686	Normal	Diagnostic	<5 ng/mL	Adult: >=18 yrs old	Both	Blood	Benioff Children's Hospital: TRAP
194	Procalcitonin	CLACA	P01258	Sepsis	Diagnostic	>2 ng/mL	Adult: >=18 yrs old	Both	serum	Mayo clinic: procalcitonin, serum
194	Procalcitonin	CLACA	P01258	Normal	Diagnostic	<=0.15 ng/mL	Adult: >=18 yrs old	Both	serum	Mayo clinic: procalcitonin, serum
194	Procalcitonin	CLACA	P01258	Autoimmune Disease	Diagnostic	>0.5 ng/mL	All	Both	Serum	Mayo clinic: procalcitonin, serum
194	Procalcitonin	CLACA	P01258	Normal	Diagnostic	<=0.15 ng/mL	All	Both	Serum	Mayo clinic: procalcitonin, serum
194	Procalcitonin	CLACA	P01258	Viral Infection	Diagnostic	>0.5 ng/mL	All	Both	Serum	Mayo clinic: procalcitonin, serum
194	Procalcitonin	CLACA	P01258	Normal	Diagnostic	<=0.15 ng/mL	All	Both	Serum	Mayo clinic: procalcitonin, serum
194	Procalcitonin	CLACA	P01258	Chronic inflammation	Diagnostic	>0.5 ng/mL	All	Both	Serum	Mayo clinic: procalcitonin, serum
194	Procalcitonin	CLACA	P01258	Normal	Diagnostic	<=0.15 ng/mL	All	Both	Serum	Mayo clinic: procalcitonin, serum
194	Procalcitonin	CLACA	P01258	Septic Shock	Diagnostic	>2 (2-N/A) ng/mL	Infant: <72 hrs	Both	Serum	Mayo Clinic Test Catalog
194	Procalcitonin	CLACA	P01258	Septic Shock	Diagnostic	>20 (20-N/A) ng/mL	Infant: 18-30 hrs	Both	Serum	Mayo Clinic Test Catalog
194	Procalcitonin	CLACA	P01258	Septic Shock	Diagnostic	>0.15 (0.15-N/A) ng/mL	Infant & Children & Adult: >=72 hrs	Both	Serum	Mayo Clinic Test Catalog
194	Procalcitonin	CLACA	P01258	Sepsis	Diagnostic	>2 (2-N/A) ng/mL	Infant: <72 hrs	Both	Serum	Mayo Clinic Test Catalog
194	Procalcitonin	CLACA	P01258	Sepsis	Diagnostic	>20 (20-N/A) ng/mL	Infant: 18-30 hrs	Both	Serum	Mayo Clinic Test Catalog
194	Procalcitonin	CLACA	P01258	Sepsis	Diagnostic	>0.15 (0.15-N/A) ng/mL	Infant & Children & Adult: >=72 hrs	Both	Serum	Mayo Clinic Test Catalog
196	Prolactin	PRL	P01236	Hyperprolactinemia	Diagnostic	>23 ug/L	Adult: >=18 yrs old	Female	Blood	Healthlink BC: Prolactin
196	Prolactin	PRL	P01236	Normal	Diagnostic	13.5 (4-23) ug/L	Adult: >=18 yrs old	Female	Blood	Healthlink BC: Prolactin
196	Prolactin	PRL	P01236	Hyperprolactinemia	Diagnostic	>15 ug/L	Adult: >=18 yrs old	Male	Blood	Healthlink BC: Prolactin
196	Prolactin	PRL	P01236	Normal	Diagnostic	9 (3-15) ug/L	Adult: >=18 yrs old	Male	Blood	Healthlink BC: Prolactin
196	Prolactin	PRL	P01236	Hyperprolactinemia	Diagnostic	>20 ug/L	Children: 2-17 yrs old	Both	Blood	Healthlink BC: Prolactin
196	Prolactin	PRL	P01236	Normal	Diagnostic	11.6 (3.2-20) ug/L	Children: 2-17 yrs old	Both	Blood	Healthlink BC: Prolactin
196	Prolactin	PRL	P01236	Pituitary macroadenomas	Diagnostic	>250 ng/mL	All	Both	Serum	Mayo Clinic: Prolactin, Serum
196	Prolactin	PRL	P01236	Normal	Diagnostic	9.6 (4-15.2) ng/mL	Adult: >=18 yrs old	Male	Serum	Mayo Clinic: Prolactin, Serum
196	Prolactin	PRL	P01236	Normal	Diagnostic	14.1 (4.8-23.3) ng/mL	Adult: >=18 yrs old	Female	Serum	Mayo Clinic: Prolactin, Serum
196	Prolactin	PRL	P01236	Pituitary macroprolactinoma	Diagnostic	>500 ng/mL	All	Both	Serum	Mayo Clinic: Prolactin, Serum
196	Prolactin	PRL	P01236	Normal	Diagnostic	9.6 (4-15.2) ng/mL	Adult: >=18 yrs old	Male	Serum	Mayo Clinic: Prolactin, Serum
196	Prolactin	PRL	P01236	Normal	Diagnostic	14.1 (4.8-23.3) ng/mL	Adult: >=18 yrs old	Female	Serum	Mayo Clinic: Prolactin, Serum
196	Prolactin	PRL	P01236	Normal	Diagnostic	2366 (264-4468) mIU/L	Infant: 4-<30 days old	Both	Serum	Adeli K, Higgins V, Trajcevski K, White-Al Habeeb N. The Canadian laboratory initiative on pediatric reference intervals: a CALIPER white paper. Crit Rev Cliin Lab Sci. 2017 Sep;54(6):358-413. doi: 10.1080/10408363.2017.1379945. Epub 2017 Oct 11. Erratum in: crit Rev Clin Lab Sci. 2020 Mar;57(2):145. doi: 10.1080/10408363.2019.1704475. PMID: 29017389.
196	Prolactin	PRL	P01236	Normal	Diagnostic	1260 (132-2388) mIU/L	Infant: 30 days - 1 yr old	Both	Serum	Adeli K, Higgins V, Trajcevski K, White-Al Habeeb N. The Canadian laboratory initiative on pediatric reference intervals: a CALIPER white paper. Crit Rev Cliin Lab Sci. 2017 Sep;54(6):358-413. doi: 10.1080/10408363.2017.1379945. Epub 2017 Oct 11. Erratum in: crit Rev Clin Lab Sci. 2020 Mar;57(2):145. doi: 10.1080/10408363.2019.1704475. PMID: 29017389.
196	Prolactin	PRL	P01236	Normal	Diagnostic	286.05 (88.1-484) mIU/L	Children/Adolescent: 1-<19 yrs old	Both	Serum	Adeli K, Higgins V, Trajcevski K, White-Al Habeeb N. The Canadian laboratory initiative on pediatric reference intervals: a CALIPER white paper. Crit Rev Cliin Lab Sci. 2017 Sep;54(6):358-413. doi: 10.1080/10408363.2017.1379945. Epub 2017 Oct 11. Erratum in: crit Rev Clin Lab Sci. 2020 Mar;57(2):145. doi: 10.1080/10408363.2019.1704475. PMID: 29017389.
196	Prolactin	PRL	P01236	Pituitary macroprolactinoma	Diagnostic	<4 or >15.2 ng/mL	Adult: >=18 yrs	Male	Serum	Mayo Clinic Test Catalog
196	Prolactin	PRL	P01236	Pituitary macroprolactinoma	Diagnostic	<4.8 or >23.3 ng/mL	Adult: >=18 yrs	Female	Serum	Mayo Clinic Test Catalog
196	Prolactin	PRL	P01236	Normal	Diagnostic	9.6 (4-15.2) ng/mL	Adult: ≥18 yrs old	Male	serum	Mayo Clinic Test Catalog
196	Prolactin	PRL	P01236	Normal	Diagnostic	14.05 (4.8-23.3) ng/mL	Adult: ≥18 yrs old	Female	serum	Mayo Clinic Test Catalog
196	Prolactin	PRL	P01236	Normal	Diagnostic	7.9 (2.7-13.1) ng/mL	Adult: ≥18 yrs old	Male	serum	Mayo Clinic Test Catalog
196	Prolactin	PRL	P01236	Normal	Diagnostic	10.95 (3.4-18.5) ng/mL	Adult: ≥18 yrs old	Female	serum	Mayo Clinic Test Catalog
197	Prostate specific antigen	KLK3	P07288	Prostate Cancer	Diagnostic	>4 ng/mL	Adult: >=18 yrs old	Male	Blood	NIH, National Cancer Institute: PSA test
197	Prostate specific antigen	KLK3	P07288	Normal	Diagnostic	<4 ng/mL	Adult: >=18 yrs old	Male	Blood	NIH, National Cancer Institute: PSA test
197	Prostate specific antigen	KLK3	P07288	Prostatitis	Diagnostic	(4-10) ng/mL	Adult: >=18 yrs old	Male	Blood	Lab Tests Online: Prostate Specific Antigen (PSA)
197	Prostate specific antigen	KLK3	P07288	Normal	Diagnostic	<4 ng/mL	Adult: >=18 yrs old	Male	Blood	NIH, National Cancer Institute: PSA test
197	Prostate specific antigen	KLK3	P07288	Benign prostate hyperplasia	Diagnostic	(4-10) ng/mL	Adult: >=18 yrs old	Male	Blood	Lab Tests Online: Prostate Specific Antigen (PSA)
197	Prostate specific antigen	KLK3	P07288	Normal	Diagnostic	<4 ng/mL	Adult: >=18 yrs old	Male	Blood	NIH, National Cancer Institute: PSA test
197	Prostate specific antigen	KLK3	P07288	Normal	Diagnostic	0.0485 (0-0.097) uM	Infant/Adolescent: 0-<19 yrs old	Female	Serum	Adeli K, Higgins V, Trajcevski K, White-Al Habeeb N. The Canadian laboratory initiative on pediatric reference intervals: a CALIPER white paper. Crit Rev Cliin Lab Sci. 2017 Sep;54(6):358-413. doi: 10.1080/10408363.2017.1379945. Epub 2017 Oct 11. Erratum in: crit Rev Clin Lab Sci. 2020 Mar;57(2):145. doi: 10.1080/10408363.2019.1704475. PMID: 29017389.
197	Prostate specific antigen	KLK3	P07288	Normal	Diagnostic	0 (0-<0.008) uM	Infant/Children: 0-<1912 yrs old	Male	Serum	Adeli K, Higgins V, Trajcevski K, White-Al Habeeb N. The Canadian laboratory initiative on pediatric reference intervals: a CALIPER white paper. Crit Rev Cliin Lab Sci. 2017 Sep;54(6):358-413. doi: 10.1080/10408363.2017.1379945. Epub 2017 Oct 11. Erratum in: crit Rev Clin Lab Sci. 2020 Mar;57(2):145. doi: 10.1080/10408363.2019.1704475. PMID: 29017389.
197	Prostate specific antigen	KLK3	P07288	Normal	Diagnostic	0.1395 (0-0.279) uM	Adolescent: 12-<19 yrs old	Male	Serum	Adeli K, Higgins V, Trajcevski K, White-Al Habeeb N. The Canadian laboratory initiative on pediatric reference intervals: a CALIPER white paper. Crit Rev Cliin Lab Sci. 2017 Sep;54(6):358-413. doi: 10.1080/10408363.2017.1379945. Epub 2017 Oct 11. Erratum in: crit Rev Clin Lab Sci. 2020 Mar;57(2):145. doi: 10.1080/10408363.2019.1704475. PMID: 29017389.
197	Prostate specific antigen	KLK3	P07288	Normal	Diagnostic	0.0195 (0-0.039) uM	Infant: 0-<1 week old	Female	Serum	Adeli K, Higgins V, Trajcevski K, White-Al Habeeb N. The Canadian laboratory initiative on pediatric reference intervals: a CALIPER white paper. Crit Rev Cliin Lab Sci. 2017 Sep;54(6):358-413. doi: 10.1080/10408363.2017.1379945. Epub 2017 Oct 11. Erratum in: crit Rev Clin Lab Sci. 2020 Mar;57(2):145. doi: 10.1080/10408363.2019.1704475. PMID: 29017389.
197	Prostate specific antigen	KLK3	P07288	Normal	Diagnostic	0.005 (0-0.01) uM	Infant: 1 week - < 1 yr old	Female	Serum	Adeli K, Higgins V, Trajcevski K, White-Al Habeeb N. The Canadian laboratory initiative on pediatric reference intervals: a CALIPER white paper. Crit Rev Cliin Lab Sci. 2017 Sep;54(6):358-413. doi: 10.1080/10408363.2017.1379945. Epub 2017 Oct 11. Erratum in: crit Rev Clin Lab Sci. 2020 Mar;57(2):145. doi: 10.1080/10408363.2019.1704475. PMID: 29017389.
197	Prostate specific antigen	KLK3	P07288	Normal	Diagnostic	0.0075 (0-0.015) uM	Children/Adolescent: 1-<19 yrs old	Female	Serum	Adeli K, Higgins V, Trajcevski K, White-Al Habeeb N. The Canadian laboratory initiative on pediatric reference intervals: a CALIPER white paper. Crit Rev Cliin Lab Sci. 2017 Sep;54(6):358-413. doi: 10.1080/10408363.2017.1379945. Epub 2017 Oct 11. Erratum in: crit Rev Clin Lab Sci. 2020 Mar;57(2):145. doi: 10.1080/10408363.2019.1704475. PMID: 29017389.
197	Prostate specific antigen	KLK3	P07288	Normal	Diagnostic	0.0235 (0-0.047) uM	Infant: 0-<1 week old	Male	Serum	Adeli K, Higgins V, Trajcevski K, White-Al Habeeb N. The Canadian laboratory initiative on pediatric reference intervals: a CALIPER white paper. Crit Rev Cliin Lab Sci. 2017 Sep;54(6):358-413. doi: 10.1080/10408363.2017.1379945. Epub 2017 Oct 11. Erratum in: crit Rev Clin Lab Sci. 2020 Mar;57(2):145. doi: 10.1080/10408363.2019.1704475. PMID: 29017389.
197	Prostate specific antigen	KLK3	P07288	Normal	Diagnostic	0.019 (0-0.038) uM	Infant: 1 week - <6 months old	Male	Serum	Adeli K, Higgins V, Trajcevski K, White-Al Habeeb N. The Canadian laboratory initiative on pediatric reference intervals: a CALIPER white paper. Crit Rev Cliin Lab Sci. 2017 Sep;54(6):358-413. doi: 10.1080/10408363.2017.1379945. Epub 2017 Oct 11. Erratum in: crit Rev Clin Lab Sci. 2020 Mar;57(2):145. doi: 10.1080/10408363.2019.1704475. PMID: 29017389.
197	Prostate specific antigen	KLK3	P07288	Normal	Diagnostic	0.1765 (0-0.353) uM	Infant/Children: 6 months-<12 yrs old	Male	Serum	Adeli K, Higgins V, Trajcevski K, White-Al Habeeb N. The Canadian laboratory initiative on pediatric reference intervals: a CALIPER white paper. Crit Rev Cliin Lab Sci. 2017 Sep;54(6):358-413. doi: 10.1080/10408363.2017.1379945. Epub 2017 Oct 11. Erratum in: crit Rev Clin Lab Sci. 2020 Mar;57(2):145. doi: 10.1080/10408363.2019.1704475. PMID: 29017389.
197	Prostate specific antigen	KLK3	P07288	Normal	Diagnostic	0.283 (0-0.566) uM	Adolescent: 12-<19 yrs old	Male	Serum	Adeli K, Higgins V, Trajcevski K, White-Al Habeeb N. The Canadian laboratory initiative on pediatric reference intervals: a CALIPER white paper. Crit Rev Cliin Lab Sci. 2017 Sep;54(6):358-413. doi: 10.1080/10408363.2017.1379945. Epub 2017 Oct 11. Erratum in: crit Rev Clin Lab Sci. 2020 Mar;57(2):145. doi: 10.1080/10408363.2019.1704475. PMID: 29017389.
197	Prostate specific antigen	KLK3	P07288	Prostate Cancer	Diagnostic	1 (0-2) ng/mL	Adult: 40 yrs	Male	Serum	Mayo Clinic Test Catalog
197	Prostate specific antigen	KLK3	P07288	Prostate Cancer	Diagnostic	1.25 (0-2.5) ng/mL	Adult: 40-49 yrs	Male	Serum	Mayo Clinic Test Catalog
197	Prostate specific antigen	KLK3	P07288	Prostate Cancer	Diagnostic	1.75 (0-3.5) ng/mL	Adult: 50-59 yrs	Male	Serum	Mayo Clinic Test Catalog
197	Prostate specific antigen	KLK3	P07288	Prostate Cancer	Diagnostic	2.25 (0-4.5) ng/mL	Adult: 60-69 yrs	Male	Serum	Mayo Clinic Test Catalog
197	Prostate specific antigen	KLK3	P07288	Prostate Cancer	Diagnostic	3.25 (0-6.5) ng/mL	Adult: 70-79 yrs	Male	Serum	Mayo Clinic Test Catalog
197	Prostate specific antigen	KLK3	P07288	Prostate Cancer	Diagnostic	3.6 (0-7.2) ng/mL	Adult: >=80 yrs	Male	Serum	Mayo Clinic Test Catalog
198	Protein C	PROC	P04070	Protein C deficiency	Diagnostic	<70 %	Adult: >=18 yrs old	Both	Blood	University of Rochester Medical Center: Protein C
198	Protein C	PROC	P04070	Normal	Diagnostic	105 (70-140) %	Adult: >=18 yrs old	Both	Blood	University of Rochester Medical Center: Protein C
198	Protein C	PROC	P04070	Protein C deficiency	Diagnostic	<70 %	All	Both	Plasma	Mayo Clinic Test Catalog
199	Protein S	PROS1	P07225	Protein S deficiency	Diagnostic	<60 %	Adult: >=18 yrs old	Both	Blood	University of California San Franscisco: Protein S blood test
199	Protein S	PROS1	P07225	Normal	Diagnostic	105 (60-150) %	Adult: >=18 yrs old	Both	Blood	University of California San Franscisco: Protein S blood test
199	Protein S	PROS1	P07225	Protein S deficiency	Diagnostic	<65 %	All	Male	Plasma	Mayo Clinic Test Catalog
199	Protein S	PROS1	P07225	Protein S deficiency	Diagnostic	<50 %	Adult: >50 yrs	Female	Plasma	Mayo Clinic Test Catalog
199	Protein S	PROS1	P07225	Protein S deficiency	Diagnostic	<65 %	Adult: >=50 yrs	Female	Plasma	Mayo Clinic Test Catalog
200	Albumin	ALB	P02768	Chronic Kidney Disease	Diagnostic	>30 mg	Adult: >=18 yrs old	Both	urine	Mayo clinic: Microalbumin test
200	Albumin	ALB	P02768	Normal	Diagnostic	<30 mg	Adult: >=18 yrs old	Both	urine	Mayo clinic: Microalbumin test
200	Albumin	ALB	P02768	Liver Disease	Diagnostic	<3.4 g/dL	Adult: >=18 yrs old	Both	Blood	University of Rochester Health Encyclopedia: Albumin (Blood)
200	Albumin	ALB	P02768	Normal	Diagnostic	4.4 (3.4-5.4) g/dL	Adult: >=18 yrs old	Both	Blood	University of Rochester Health Encyclopedia: Albumin (Blood)
200	Albumin	ALB	P02768	Bacterial Infections	Diagnostic	>5.4 g/dL	All	Both	Blood	University of Rochester Health Encyclopedia: Albumin (Blood)
200	Albumin	ALB	P02768	Normal	Diagnostic	4.4 (3.4-5.4) g/dL	Adult: >=18 yrs old	Both	Blood	University of Rochester Health Encyclopedia: Albumin (Blood)
200	Albumin	ALB	P02768	Cirrhosis	Diagnostic	<3.4 g/dL	All	Both	Blood	BC Cancer:
200	Albumin	ALB	P02768	Normal	Diagnostic	4.4 (3.4-5.4) g/dL	Adult: >=18 yrs old	Both	Blood	University of Rochester Health Encyclopedia: Albumin (Blood)
200	Albumin	ALB	P02768	Burns	Diagnostic	>5.4 g/dL	All	Both	Blood	University of Rochester Health Encyclopedia: Albumin (Blood)
200	Albumin	ALB	P02768	Normal	Diagnostic	4.4 (3.4-5.4) g/dL	Adult: >=18 yrs old	Both	Blood	University of Rochester Health Encyclopedia: Albumin (Blood)
200	Albumin	ALB	P02768	Inflammatory disease	Diagnostic	<3.4 g/dL	All	Both	Blood	University of Rochester Health Encyclopedia: Albumin (Blood)
200	Albumin	ALB	P02768	Normal	Diagnostic	4.4 (3.4-5.4) g/dL	Adult: >=18 yrs old	Both	Blood	University of Rochester Health Encyclopedia: Albumin (Blood)
200	Albumin	ALB	P02768	Malnutrition	Diagnostic	<3.4 g/dL	Adult: >=18 yrs old	Both	Blood	Medline plus: albumin blood test
200	Albumin	ALB	P02768	Normal	Diagnostic	4.4 (3.4-5.4) g/dL	Adult: >=18 yrs old	Both	Blood	University of Rochester Medical Center: albumin blood
200	Albumin	ALB	P02768	Normal	Diagnostic	39 (33-45) g/L	Infant: 0-<15 days old	Female	Plasma	Adeli K, Higgins V, Trajcevski K, White-Al Habeeb N. The Canadian laboratory initiative on pediatric reference intervals: a CALIPER white paper. Crit Rev Cliin Lab Sci. 2017 Sep;54(6):358-413. doi: 10.1080/10408363.2017.1379945. Epub 2017 Oct 11. Erratum in: crit Rev Clin Lab Sci. 2020 Mar;57(2):145. doi: 10.1080/10408363.2019.1704475. PMID: 29017389.
200	Albumin	ALB	P02768	Normal	Diagnostic	37.5 (28-47) g/L	Infant: 15 days - 1 yr old	Female	Plasma	Adeli K, Higgins V, Trajcevski K, White-Al Habeeb N. The Canadian laboratory initiative on pediatric reference intervals: a CALIPER white paper. Crit Rev Cliin Lab Sci. 2017 Sep;54(6):358-413. doi: 10.1080/10408363.2017.1379945. Epub 2017 Oct 11. Erratum in: crit Rev Clin Lab Sci. 2020 Mar;57(2):145. doi: 10.1080/10408363.2019.1704475. PMID: 29017389.
200	Albumin	ALB	P02768	Normal	Diagnostic	42.5 (38-47) g/L	Children: 1-<8 yrs old	Female	Plasma	Adeli K, Higgins V, Trajcevski K, White-Al Habeeb N. The Canadian laboratory initiative on pediatric reference intervals: a CALIPER white paper. Crit Rev Cliin Lab Sci. 2017 Sep;54(6):358-413. doi: 10.1080/10408363.2017.1379945. Epub 2017 Oct 11. Erratum in: crit Rev Clin Lab Sci. 2020 Mar;57(2):145. doi: 10.1080/10408363.2019.1704475. PMID: 29017389.
200	Albumin	ALB	P02768	Normal	Diagnostic	44.5 (41-48) g/L	Children/Adolescent: 8-<15 yrs old	Female	Plasma	Adeli K, Higgins V, Trajcevski K, White-Al Habeeb N. The Canadian laboratory initiative on pediatric reference intervals: a CALIPER white paper. Crit Rev Cliin Lab Sci. 2017 Sep;54(6):358-413. doi: 10.1080/10408363.2017.1379945. Epub 2017 Oct 11. Erratum in: crit Rev Clin Lab Sci. 2020 Mar;57(2):145. doi: 10.1080/10408363.2019.1704475. PMID: 29017389.
200	Albumin	ALB	P02768	Normal	Diagnostic	44.5 (40-49) g/L	Adolescent: 15-<19 yrs old	Female	Plasma	Adeli K, Higgins V, Trajcevski K, White-Al Habeeb N. The Canadian laboratory initiative on pediatric reference intervals: a CALIPER white paper. Crit Rev Cliin Lab Sci. 2017 Sep;54(6):358-413. doi: 10.1080/10408363.2017.1379945. Epub 2017 Oct 11. Erratum in: crit Rev Clin Lab Sci. 2020 Mar;57(2):145. doi: 10.1080/10408363.2019.1704475. PMID: 29017389.
200	Albumin	ALB	P02768	Normal	Diagnostic	39 (33-45) g/L	Infant: 0-<15 days old	Male	Plasma	Adeli K, Higgins V, Trajcevski K, White-Al Habeeb N. The Canadian laboratory initiative on pediatric reference intervals: a CALIPER white paper. Crit Rev Cliin Lab Sci. 2017 Sep;54(6):358-413. doi: 10.1080/10408363.2017.1379945. Epub 2017 Oct 11. Erratum in: crit Rev Clin Lab Sci. 2020 Mar;57(2):145. doi: 10.1080/10408363.2019.1704475. PMID: 29017389.
200	Albumin	ALB	P02768	Normal	Diagnostic	37.5 (28-47) g/L	Infant: 15 days - 1 yr old	Male	Plasma	Adeli K, Higgins V, Trajcevski K, White-Al Habeeb N. The Canadian laboratory initiative on pediatric reference intervals: a CALIPER white paper. Crit Rev Cliin Lab Sci. 2017 Sep;54(6):358-413. doi: 10.1080/10408363.2017.1379945. Epub 2017 Oct 11. Erratum in: crit Rev Clin Lab Sci. 2020 Mar;57(2):145. doi: 10.1080/10408363.2019.1704475. PMID: 29017389.
200	Albumin	ALB	P02768	Normal	Diagnostic	42.5 (38-47) g/L	Children: 1-<8 yrs old	Male	Plasma	Adeli K, Higgins V, Trajcevski K, White-Al Habeeb N. The Canadian laboratory initiative on pediatric reference intervals: a CALIPER white paper. Crit Rev Cliin Lab Sci. 2017 Sep;54(6):358-413. doi: 10.1080/10408363.2017.1379945. Epub 2017 Oct 11. Erratum in: crit Rev Clin Lab Sci. 2020 Mar;57(2):145. doi: 10.1080/10408363.2019.1704475. PMID: 29017389.
200	Albumin	ALB	P02768	Normal	Diagnostic	44.5 (41-48) g/L	Children/Adolescent: 8-<15 yrs old	Male	Plasma	Adeli K, Higgins V, Trajcevski K, White-Al Habeeb N. The Canadian laboratory initiative on pediatric reference intervals: a CALIPER white paper. Crit Rev Cliin Lab Sci. 2017 Sep;54(6):358-413. doi: 10.1080/10408363.2017.1379945. Epub 2017 Oct 11. Erratum in: crit Rev Clin Lab Sci. 2020 Mar;57(2):145. doi: 10.1080/10408363.2019.1704475. PMID: 29017389.
200	Albumin	ALB	P02768	Normal	Diagnostic	46 (41-51) g/L	Adolescent: 15-<19 yrs old	Male	Plasma	Adeli K, Higgins V, Trajcevski K, White-Al Habeeb N. The Canadian laboratory initiative on pediatric reference intervals: a CALIPER white paper. Crit Rev Cliin Lab Sci. 2017 Sep;54(6):358-413. doi: 10.1080/10408363.2017.1379945. Epub 2017 Oct 11. Erratum in: crit Rev Clin Lab Sci. 2020 Mar;57(2):145. doi: 10.1080/10408363.2019.1704475. PMID: 29017389.
200	Albumin	ALB	P02768	Normal	Diagnostic	34.5 (28-41) g/L	Infant: 0-<15 days old	Female	Plasma	Adeli K, Higgins V, Trajcevski K, White-Al Habeeb N. The Canadian laboratory initiative on pediatric reference intervals: a CALIPER white paper. Crit Rev Cliin Lab Sci. 2017 Sep;54(6):358-413. doi: 10.1080/10408363.2017.1379945. Epub 2017 Oct 11. Erratum in: crit Rev Clin Lab Sci. 2020 Mar;57(2):145. doi: 10.1080/10408363.2019.1704475. PMID: 29017389.
200	Albumin	ALB	P02768	Normal	Diagnostic	35.5 (25-46) g/L	Infant: 15 days - 1 yr old	Female	Plasma	Adeli K, Higgins V, Trajcevski K, White-Al Habeeb N. The Canadian laboratory initiative on pediatric reference intervals: a CALIPER white paper. Crit Rev Cliin Lab Sci. 2017 Sep;54(6):358-413. doi: 10.1080/10408363.2017.1379945. Epub 2017 Oct 11. Erratum in: crit Rev Clin Lab Sci. 2020 Mar;57(2):145. doi: 10.1080/10408363.2019.1704475. PMID: 29017389.
200	Albumin	ALB	P02768	Normal	Diagnostic	40 (35-45) g/L	Children: 1-<8 yrs old	Female	Plasma	Adeli K, Higgins V, Trajcevski K, White-Al Habeeb N. The Canadian laboratory initiative on pediatric reference intervals: a CALIPER white paper. Crit Rev Cliin Lab Sci. 2017 Sep;54(6):358-413. doi: 10.1080/10408363.2017.1379945. Epub 2017 Oct 11. Erratum in: crit Rev Clin Lab Sci. 2020 Mar;57(2):145. doi: 10.1080/10408363.2019.1704475. PMID: 29017389.
200	Albumin	ALB	P02768	Normal	Diagnostic	42 (37-47) g/L	Children/Adolescent: 8-<15 yrs old	Female	Plasma	Adeli K, Higgins V, Trajcevski K, White-Al Habeeb N. The Canadian laboratory initiative on pediatric reference intervals: a CALIPER white paper. Crit Rev Cliin Lab Sci. 2017 Sep;54(6):358-413. doi: 10.1080/10408363.2017.1379945. Epub 2017 Oct 11. Erratum in: crit Rev Clin Lab Sci. 2020 Mar;57(2):145. doi: 10.1080/10408363.2019.1704475. PMID: 29017389.
200	Albumin	ALB	P02768	Normal	Diagnostic	42 (35-49) g/L	Adolescent: 15-<19 yrs old	Female	Plasma	Adeli K, Higgins V, Trajcevski K, White-Al Habeeb N. The Canadian laboratory initiative on pediatric reference intervals: a CALIPER white paper. Crit Rev Cliin Lab Sci. 2017 Sep;54(6):358-413. doi: 10.1080/10408363.2017.1379945. Epub 2017 Oct 11. Erratum in: crit Rev Clin Lab Sci. 2020 Mar;57(2):145. doi: 10.1080/10408363.2019.1704475. PMID: 29017389.
200	Albumin	ALB	P02768	Normal	Diagnostic	34.5 (28-41) g/L	Infant: 0-<15 days old	Male	Plasma	Adeli K, Higgins V, Trajcevski K, White-Al Habeeb N. The Canadian laboratory initiative on pediatric reference intervals: a CALIPER white paper. Crit Rev Cliin Lab Sci. 2017 Sep;54(6):358-413. doi: 10.1080/10408363.2017.1379945. Epub 2017 Oct 11. Erratum in: crit Rev Clin Lab Sci. 2020 Mar;57(2):145. doi: 10.1080/10408363.2019.1704475. PMID: 29017389.
200	Albumin	ALB	P02768	Normal	Diagnostic	35.5 (25-46) g/L	Infant: 15 days - 1 yr old	Male	Plasma	Adeli K, Higgins V, Trajcevski K, White-Al Habeeb N. The Canadian laboratory initiative on pediatric reference intervals: a CALIPER white paper. Crit Rev Cliin Lab Sci. 2017 Sep;54(6):358-413. doi: 10.1080/10408363.2017.1379945. Epub 2017 Oct 11. Erratum in: crit Rev Clin Lab Sci. 2020 Mar;57(2):145. doi: 10.1080/10408363.2019.1704475. PMID: 29017389.
200	Albumin	ALB	P02768	Normal	Diagnostic	40 (35-45) g/L	Children: 1-<8 yrs old	Male	Plasma	Adeli K, Higgins V, Trajcevski K, White-Al Habeeb N. The Canadian laboratory initiative on pediatric reference intervals: a CALIPER white paper. Crit Rev Cliin Lab Sci. 2017 Sep;54(6):358-413. doi: 10.1080/10408363.2017.1379945. Epub 2017 Oct 11. Erratum in: crit Rev Clin Lab Sci. 2020 Mar;57(2):145. doi: 10.1080/10408363.2019.1704475. PMID: 29017389.
200	Albumin	ALB	P02768	Normal	Diagnostic	42 (37-47) g/L	Children/Adolescent: 8-<15 yrs old	Male	Plasma	Adeli K, Higgins V, Trajcevski K, White-Al Habeeb N. The Canadian laboratory initiative on pediatric reference intervals: a CALIPER white paper. Crit Rev Cliin Lab Sci. 2017 Sep;54(6):358-413. doi: 10.1080/10408363.2017.1379945. Epub 2017 Oct 11. Erratum in: crit Rev Clin Lab Sci. 2020 Mar;57(2):145. doi: 10.1080/10408363.2019.1704475. PMID: 29017389.
200	Albumin	ALB	P02768	Normal	Diagnostic	44 (38-50) g/L	Adolescent: 15-<19 yrs old	Male	Plasma	Adeli K, Higgins V, Trajcevski K, White-Al Habeeb N. The Canadian laboratory initiative on pediatric reference intervals: a CALIPER white paper. Crit Rev Cliin Lab Sci. 2017 Sep;54(6):358-413. doi: 10.1080/10408363.2017.1379945. Epub 2017 Oct 11. Erratum in: crit Rev Clin Lab Sci. 2020 Mar;57(2):145. doi: 10.1080/10408363.2019.1704475. PMID: 29017389.
200	Albumin	ALB	P02768	Normal	Diagnostic	68 (53-83) g/L	Infant: 0-<15 days old	Both	Serum	Adeli K, Higgins V, Trajcevski K, White-Al Habeeb N. The Canadian laboratory initiative on pediatric reference intervals: a CALIPER white paper. Crit Rev Cliin Lab Sci. 2017 Sep;54(6):358-413. doi: 10.1080/10408363.2017.1379945. Epub 2017 Oct 11. Erratum in: crit Rev Clin Lab Sci. 2020 Mar;57(2):145. doi: 10.1080/10408363.2019.1704475. PMID: 29017389.
200	Albumin	ALB	P02768	Normal	Diagnostic	57.5 (44-71) g/L	Infant: 15 days - 1 yr old	Both	Serum	Adeli K, Higgins V, Trajcevski K, White-Al Habeeb N. The Canadian laboratory initiative on pediatric reference intervals: a CALIPER white paper. Crit Rev Cliin Lab Sci. 2017 Sep;54(6):358-413. doi: 10.1080/10408363.2017.1379945. Epub 2017 Oct 11. Erratum in: crit Rev Clin Lab Sci. 2020 Mar;57(2):145. doi: 10.1080/10408363.2019.1704475. PMID: 29017389.
200	Albumin	ALB	P02768	Normal	Diagnostic	68 (61-75) g/L	Children: 1-<6 yrs old	Both	Serum	Adeli K, Higgins V, Trajcevski K, White-Al Habeeb N. The Canadian laboratory initiative on pediatric reference intervals: a CALIPER white paper. Crit Rev Cliin Lab Sci. 2017 Sep;54(6):358-413. doi: 10.1080/10408363.2017.1379945. Epub 2017 Oct 11. Erratum in: crit Rev Clin Lab Sci. 2020 Mar;57(2):145. doi: 10.1080/10408363.2019.1704475. PMID: 29017389.
200	Albumin	ALB	P02768	Normal	Diagnostic	70.5 (64-77) g/L	Children: 6-<9 yrs old	Both	Serum	Adeli K, Higgins V, Trajcevski K, White-Al Habeeb N. The Canadian laboratory initiative on pediatric reference intervals: a CALIPER white paper. Crit Rev Cliin Lab Sci. 2017 Sep;54(6):358-413. doi: 10.1080/10408363.2017.1379945. Epub 2017 Oct 11. Erratum in: crit Rev Clin Lab Sci. 2020 Mar;57(2):145. doi: 10.1080/10408363.2019.1704475. PMID: 29017389.
200	Albumin	ALB	P02768	Normal	Diagnostic	73 (65-81) g/L	Children/Adolescent: 9-<19 yrs old	Both	Serum	Adeli K, Higgins V, Trajcevski K, White-Al Habeeb N. The Canadian laboratory initiative on pediatric reference intervals: a CALIPER white paper. Crit Rev Cliin Lab Sci. 2017 Sep;54(6):358-413. doi: 10.1080/10408363.2017.1379945. Epub 2017 Oct 11. Erratum in: crit Rev Clin Lab Sci. 2020 Mar;57(2):145. doi: 10.1080/10408363.2019.1704475. PMID: 29017389.
200	Albumin	ALB	P02768	Normal	Diagnostic	4.25 (3.5-5) g/dL	Children/Adult	Both	serum	Mayo Clinic Test Catalog
200	Albumin	ALB	P02768	Normal	Diagnostic	4.25 (3.5-5) g/dL	Infant: 12 mos	Both	serum	Mayo Clinic Test Catalog
200	Albumin	ALB	P02768	Microalbuminuria	Diagnostic	17 (17-299) mg/g	Children/Adult	Male	urine	Mayo Clinic Test Catalog
200	Albumin	ALB	P02768	Microalbuminuria	Diagnostic	25 (25-299) mg/g	Children/Adult	Female	urine	Mayo Clinic Test Catalog
200	Albumin	ALB	P02768	Hypertension	Diagnostic	1.1 g/dL	Children/Adult	Both	peritoneal fluid	Mayo Clinic Test Catalog
200	Albumin	ALB	P02768	Pleural effusion	Diagnostic	1.2 g/dL	Children/Adult	Both	Pleural Fluid	Mayo Clinic Test Catalog
201	Aspartate aminotransferase	AST	A0A140VK69	Normal	Diagnostic	34 (8-60) U/L	Children: 1-13 yrs old	Male	serum	Mayo Clinic Test Catalog
201	Aspartate aminotransferase	AST	A0A140VK69	Normal	Diagnostic	28 (8-48) U/L	Children/Adult: 14 yrs old	Male	serum	Mayo Clinic Test Catalog
201	Aspartate aminotransferase	AST	A0A140VK69	Normal	Diagnostic	29 (8-50) U/L	Children: 1-13 yrs old	Female	serum	Mayo Clinic Test Catalog
201	Aspartate aminotransferase	AST	A0A140VK69	Normal	Diagnostic	25.5 (8-43) U/L	Children/Adult: 14 yrs old	Female	serum	Mayo Clinic Test Catalog
201	Aspartate aminotransferase	AST	A0A140VK69	Normal	Diagnostic	34 (8-60) U/L	Children: 1-13 yrs old	Male	serum	Mayo Clinic Test Catalog
201	Aspartate aminotransferase	AST	A0A140VK69	Normal	Diagnostic	28 (8-48) U/L	Children/Adult: 14 yrs old	Male	serum	Mayo Clinic Test Catalog
201	Aspartate aminotransferase	AST	A0A140VK69	Normal	Diagnostic	29 (8-50) U/L	Children: 1-13 yrs old	Female	serum	Mayo Clinic Test Catalog
201	Aspartate aminotransferase	AST	A0A140VK69	Normal	Diagnostic	25.5 (8-43) U/L	Children/Adult: 14 yrs old	Female	serum	Mayo Clinic Test Catalog
202	Aldolase	ALD	P05062	Muscle atrophy	Diagnostic	14.5 U/L	Adult: ≥18 yrs old	Both	Serum	Mayo Clinic Test Catalog
202	Aldolase	ALD	P05062	Muscle atrophy	Diagnostic	7.7 U/L	Infant: 0-30 days	Both	Serum	Mayo Clinic Test Catalog
203	Alanine transaminase	GPT	P24298	Diabetes Mellitus Type 2	Diagnostic	>26 U/L	Adult: >=18 yrs old	Male	Serum	Kashima, S., Inoue, K., Matsumoto, M. & Akimoto, K. Do non-glycaemic markers add value to plasma glucose and hemoglobin a1c in predicting diabetes? Yuport health checkup center study. PLoS One 8, e66899 (2013).
203	Alanine transaminase	GPT	P24298	Diabetes Mellitus Type 2	Diagnostic	>17 U/L	Adult: >=18 yrs old	Female	Serum	Kashima, S., Inoue, K., Matsumoto, M. & Akimoto, K. Do non-glycaemic markers add value to plasma glucose and hemoglobin a1c in predicting diabetes? Yuport health checkup center study. PLoS One 8, e66899 (2013).
203	Alanine transaminase	GPT	P24298	Liver Disease	Diagnostic	>33 IU/L	Adult: >=18 yrs old	Male	Blood	Health line: ALT test
203	Alanine transaminase	GPT	P24298	Normal	Diagnostic	33 (29-33) IU/L	Adult: >=18 yrs old	Male	Blood	Health line: ALT test
203	Alanine transaminase	GPT	P24298	Liver Disease	Diagnostic	>25 IU/L	Adult: >=18 yrs old	Female	Blood	Health line: ALT test
203	Alanine transaminase	GPT	P24298	Normal	Diagnostic	22 (19-25) IU/L	Adult: >=18 yrs old	Female	Blood	Health line: ALT test
203	Alanine transaminase	GPT	P24298	Diabetes Mellitus Type 2	Diagnostic	22 (16-30) U/L	Adult: >=18 yrs old	Male	Serum	Kashima, S., Inoue, K., Matsumoto, M. & Akimoto, K. Do non-glycaemic markers add value to plasma glucose and hemoglobin a1c in predicting diabetes? Yuport health checkup center study. PLoS One 8, e66899 (2013).
203	Alanine transaminase	GPT	P24298	Diabetes Mellitus Type 2	Diagnostic	16 (12-20) U/L	Adult: >=18 yrs old	Female	Serum	Kashima, S., Inoue, K., Matsumoto, M. & Akimoto, K. Do non-glycaemic markers add value to plasma glucose and hemoglobin a1c in predicting diabetes? Yuport health checkup center study. PLoS One 8, e66899 (2013).
203	Alanine transaminase	GPT	P24298	Chronic Active Hepatitis	Diagnostic	<(4*max normal) IU/L	Adult: >=18 yrs old	Both	Blood	Lab Tests Online: Alanine Aminotransferase (ALT)
203	Alanine transaminase	GPT	P24298	Normal	Diagnostic	<36 IU/L	Adult: >=18 yrs old	Female	Blood	BC Cancer:
203	Alanine transaminase	GPT	P24298	Normal	Diagnostic	<50 IU/L	Adult: >=18 yrs old	Male	Blood	BC Cancer:
203	Alanine transaminase	GPT	P24298	Acute viral hepatitis	Diagnostic	>1000 IU/L	Adult: >=18 yrs old	Both	Blood	BC Cancer:
203	Alanine transaminase	GPT	P24298	Normal	Diagnostic	<36 IU/L	Adult: >=18 yrs old	Female	Blood	BC Cancer:
203	Alanine transaminase	GPT	P24298	Normal	Diagnostic	<50 IU/L	Adult: >=18 yrs old	Male	Blood	BC Cancer:
203	Alanine transaminase	GPT	P24298	Ischemic hepatitis	Diagnostic	>1000 IU/L	Adult: >=18 yrs old	Both	Blood	BC Cancer:
203	Alanine transaminase	GPT	P24298	Normal	Diagnostic	<36 IU/L	Adult: >=18 yrs old	Female	Blood	BC Cancer:
203	Alanine transaminase	GPT	P24298	Normal	Diagnostic	<50 IU/L	Adult: >=18 yrs old	Male	Blood	BC Cancer:
203	Alanine transaminase	GPT	P24298	Hepatotoxicity	Diagnostic	>1000 IU/L	Adult: >=18 yrs old	Both	Blood	BC Cancer:
203	Alanine transaminase	GPT	P24298	Normal	Diagnostic	<36 IU/L	Adult: >=18 yrs old	Female	Blood	BC Cancer:
203	Alanine transaminase	GPT	P24298	Normal	Diagnostic	<50 IU/L	Adult: >=18 yrs old	Male	Blood	BC Cancer:
203	Alanine transaminase	GPT	P24298	Liver cancer	Diagnostic	>36 IU/L	Adult: >=18 yrs old	Both	Blood	BC Cancer:
203	Alanine transaminase	GPT	P24298	Normal	Diagnostic	<36 IU/L	Adult: >=18 yrs old	Female	Blood	BC Cancer:
203	Alanine transaminase	GPT	P24298	Normal	Diagnostic	<50 IU/L	Adult: >=18 yrs old	Male	Blood	BC Cancer:
203	Alanine transaminase	GPT	P24298	Liver metastase	Diagnostic	>36 IU/L	Adult: >=18 yrs old	Both	Blood	BC Cancer:
203	Alanine transaminase	GPT	P24298	Normal	Diagnostic	<36 IU/L	Adult: >=18 yrs old	Female	Blood	BC Cancer:
203	Alanine transaminase	GPT	P24298	Normal	Diagnostic	<50 IU/L	Adult: >=18 yrs old	Male	Blood	BC Cancer:
203	Alanine transaminase	GPT	P24298	Normal	Diagnostic	19 (5-33) U/L	Infant: 0-<1 yrs old	Female	Plasma	Adeli K, Higgins V, Trajcevski K, White-Al Habeeb N. The Canadian laboratory initiative on pediatric reference intervals: a CALIPER white paper. Crit Rev Cliin Lab Sci. 2017 Sep;54(6):358-413. doi: 10.1080/10408363.2017.1379945. Epub 2017 Oct 11. Erratum in: crit Rev Clin Lab Sci. 2020 Mar;57(2):145. doi: 10.1080/10408363.2019.1704475. PMID: 29017389.
203	Alanine transaminase	GPT	P24298	Normal	Diagnostic	17 (9-25) U/L	Children: 1-<13 yrs old	Female	Plasma	Adeli K, Higgins V, Trajcevski K, White-Al Habeeb N. The Canadian laboratory initiative on pediatric reference intervals: a CALIPER white paper. Crit Rev Cliin Lab Sci. 2017 Sep;54(6):358-413. doi: 10.1080/10408363.2017.1379945. Epub 2017 Oct 11. Erratum in: crit Rev Clin Lab Sci. 2020 Mar;57(2):145. doi: 10.1080/10408363.2019.1704475. PMID: 29017389.
203	Alanine transaminase	GPT	P24298	Normal	Diagnostic	15 (8-22) U/L	Adolescent: 13-<19 yrs old	Female	Plasma	Adeli K, Higgins V, Trajcevski K, White-Al Habeeb N. The Canadian laboratory initiative on pediatric reference intervals: a CALIPER white paper. Crit Rev Cliin Lab Sci. 2017 Sep;54(6):358-413. doi: 10.1080/10408363.2017.1379945. Epub 2017 Oct 11. Erratum in: crit Rev Clin Lab Sci. 2020 Mar;57(2):145. doi: 10.1080/10408363.2019.1704475. PMID: 29017389.
203	Alanine transaminase	GPT	P24298	Normal	Diagnostic	19 (5-33) U/L	Infant: 0-<1 yrs old	Male	Plasma	Adeli K, Higgins V, Trajcevski K, White-Al Habeeb N. The Canadian laboratory initiative on pediatric reference intervals: a CALIPER white paper. Crit Rev Cliin Lab Sci. 2017 Sep;54(6):358-413. doi: 10.1080/10408363.2017.1379945. Epub 2017 Oct 11. Erratum in: crit Rev Clin Lab Sci. 2020 Mar;57(2):145. doi: 10.1080/10408363.2019.1704475. PMID: 29017389.
203	Alanine transaminase	GPT	P24298	Normal	Diagnostic	17 (9-25) U/L	Children: 1-<13 yrs old	Male	Plasma	Adeli K, Higgins V, Trajcevski K, White-Al Habeeb N. The Canadian laboratory initiative on pediatric reference intervals: a CALIPER white paper. Crit Rev Cliin Lab Sci. 2017 Sep;54(6):358-413. doi: 10.1080/10408363.2017.1379945. Epub 2017 Oct 11. Erratum in: crit Rev Clin Lab Sci. 2020 Mar;57(2):145. doi: 10.1080/10408363.2019.1704475. PMID: 29017389.
203	Alanine transaminase	GPT	P24298	Normal	Diagnostic	16.5 (9-24) U/L	Adolescent: 13-<19 yrs old	Male	Plasma	Adeli K, Higgins V, Trajcevski K, White-Al Habeeb N. The Canadian laboratory initiative on pediatric reference intervals: a CALIPER white paper. Crit Rev Cliin Lab Sci. 2017 Sep;54(6):358-413. doi: 10.1080/10408363.2017.1379945. Epub 2017 Oct 11. Erratum in: crit Rev Clin Lab Sci. 2020 Mar;57(2):145. doi: 10.1080/10408363.2019.1704475. PMID: 29017389.
203	Alanine transaminase	GPT	P24298	Normal	Diagnostic	28 (5-51) U/L	Infant: 0-<1 yrs old	Female	Plasma	Adeli K, Higgins V, Trajcevski K, White-Al Habeeb N. The Canadian laboratory initiative on pediatric reference intervals: a CALIPER white paper. Crit Rev Cliin Lab Sci. 2017 Sep;54(6):358-413. doi: 10.1080/10408363.2017.1379945. Epub 2017 Oct 11. Erratum in: crit Rev Clin Lab Sci. 2020 Mar;57(2):145. doi: 10.1080/10408363.2019.1704475. PMID: 29017389.
203	Alanine transaminase	GPT	P24298	Normal	Diagnostic	20.5 (11-30) U/L	Children: 1-<13 yrs old	Female	Plasma	Adeli K, Higgins V, Trajcevski K, White-Al Habeeb N. The Canadian laboratory initiative on pediatric reference intervals: a CALIPER white paper. Crit Rev Cliin Lab Sci. 2017 Sep;54(6):358-413. doi: 10.1080/10408363.2017.1379945. Epub 2017 Oct 11. Erratum in: crit Rev Clin Lab Sci. 2020 Mar;57(2):145. doi: 10.1080/10408363.2019.1704475. PMID: 29017389.
203	Alanine transaminase	GPT	P24298	Normal	Diagnostic	16 (8-24) U/L	Adolescent: 13-<19 yrs old	Female	Plasma	Adeli K, Higgins V, Trajcevski K, White-Al Habeeb N. The Canadian laboratory initiative on pediatric reference intervals: a CALIPER white paper. Crit Rev Cliin Lab Sci. 2017 Sep;54(6):358-413. doi: 10.1080/10408363.2017.1379945. Epub 2017 Oct 11. Erratum in: crit Rev Clin Lab Sci. 2020 Mar;57(2):145. doi: 10.1080/10408363.2019.1704475. PMID: 29017389.
203	Alanine transaminase	GPT	P24298	Normal	Diagnostic	28 (5-51) U/L	Infant: 0-<1 yrs old	Male	Plasma	Adeli K, Higgins V, Trajcevski K, White-Al Habeeb N. The Canadian laboratory initiative on pediatric reference intervals: a CALIPER white paper. Crit Rev Cliin Lab Sci. 2017 Sep;54(6):358-413. doi: 10.1080/10408363.2017.1379945. Epub 2017 Oct 11. Erratum in: crit Rev Clin Lab Sci. 2020 Mar;57(2):145. doi: 10.1080/10408363.2019.1704475. PMID: 29017389.
203	Alanine transaminase	GPT	P24298	Normal	Diagnostic	20.5 (11-30) U/L	Children: 1-<13 yrs old	Male	Plasma	Adeli K, Higgins V, Trajcevski K, White-Al Habeeb N. The Canadian laboratory initiative on pediatric reference intervals: a CALIPER white paper. Crit Rev Cliin Lab Sci. 2017 Sep;54(6):358-413. doi: 10.1080/10408363.2017.1379945. Epub 2017 Oct 11. Erratum in: crit Rev Clin Lab Sci. 2020 Mar;57(2):145. doi: 10.1080/10408363.2019.1704475. PMID: 29017389.
203	Alanine transaminase	GPT	P24298	Normal	Diagnostic	21.5 (10-33) U/L	Adolescent: 13-<19 yrs old	Male	Plasma	Adeli K, Higgins V, Trajcevski K, White-Al Habeeb N. The Canadian laboratory initiative on pediatric reference intervals: a CALIPER white paper. Crit Rev Cliin Lab Sci. 2017 Sep;54(6):358-413. doi: 10.1080/10408363.2017.1379945. Epub 2017 Oct 11. Erratum in: crit Rev Clin Lab Sci. 2020 Mar;57(2):145. doi: 10.1080/10408363.2019.1704475. PMID: 29017389.
203	Alanine transaminase	GPT	P24298	Normal	Diagnostic	31 (7-55) U/L	Children/Adult	Male	serum	Mayo Clinic Test Catalog
203	Alanine transaminase	GPT	P24298	Normal	Diagnostic	26 (7-45) U/L	Children/Adult	Female	serum	Mayo Clinic Test Catalog
203	Alanine transaminase	GPT	P24298	Normal	Diagnostic	31 (7-55) U/L	Children/Adult: 1 year	Male	serum	Mayo Clinic Test Catalog
203	Alanine transaminase	GPT	P24298	Normal	Diagnostic	26 (7-45) U/L	Children/Adult: 1 year	Female	serum	Mayo Clinic Test Catalog
203	Alanine transaminase	GPT	P24298	Normal	Diagnostic	31 (7-55) U/L	Infant/Children: >1 year	Male	serum	Mayo Clinic Test Catalog
203	Alanine transaminase	GPT	P24298	Normal	Diagnostic	26 (7-45) U/L	Infant/Children: >1 year	Female	serum	Mayo Clinic Test Catalog
205	Anti-gliadin antibody IgG			Celiac Disease	Diagnostic	>30 U	All	Both	serum	Mayo clinic: Gliadin (Deamidated) Antibodies Evaluation, IgG and IgA, Serum
205	Anti-gliadin antibody IgG			Normal	Diagnostic	<20.0 U	All	Both	serum	Pubmed_ID: 89031
206	D-dimer			Disseminated intravascular coagulation	Diagnostic	>500 ng/mL Fibrinogen Equivalent Unit	Adult: >=18 yrs old	Both	Blood	Mayo clinic: D-dimer plasma
206	D-dimer			Normal	Diagnostic	<=500 ng/mL Fibrinogen Equivalent Unit	Adult: >=18 yrs old	Both	Blood	Mayo clinic: D-dimer plasma
206	D-dimer			Normal	Diagnostic	<=500 ng/mL FEU	All	Both	Plasma	Mayo Clinic Test Catalog
206	D-dimer			Non-specific Inflammation	Diagnostic	>500 ng/mL FEU	All	Both	Plasma	Mayo Clinic Test Catalog
207	Proliferation marker protein Ki-67	MKI67	P46013	Breast Cancer	Prognostic	>20 %	NA	Female	Cell sample	Breast Cancer
207	Proliferation marker protein Ki-67	MKI67	P46013	Normal	Prognostic	<10 %	Adult: >=18 yrs old	Female	Cell sample	Breast Cancer
208	Urokinase-type plasminogen activator	PLAU	P00749	Breast Cancer	Prognostic	>=3 ng/mg total protein	NA	Female	""	BioMedica Diagnostics
208	Urokinase-type plasminogen activator	PLAU	P00749	Normal	Prognostic	<3 ng/mg total protein	Adult: >=18 yrs old	Female	""	BioMedica Diagnostics
209	Plasminogen activator inhibitor 1	SERPINE1	P05121	Normal	Diagnostic	37.5 (3-72) ng/mL	All	Both	Plasma	Mayo Clinic Test Catalog
209	Plasminogen activator inhibitor 1	SERPINE1	P05121	Thrombosis	Diagnostic	>72 (72-N/A) ng/mL	All	Both	Plasma	Mayo Clinic Test Catalog
209	Plasminogen activator inhibitor 1	SERPINE1	P05121	Breast Cancer	Prognostic	>=14 ng/mg total protein	NA	Female	""	BioMedica Diagnostics
209	Plasminogen activator inhibitor 1	SERPINE1	P05121	Normal	Prognostic	<14 ng/mg total protein	Adult: >=18 yrs old	Female	""	BioMedica Diagnostics
210	Alkaline Phosphatase		B2R7C7	Normal	Diagnostic	181.5 (90-273) U/L	Infant: 0-<15 days old	female	Blood	Adeli K, Higgins V, Trajcevski K, White-Al Habeeb N. The Canadian laboratory initiative on pediatric reference intervals: a CALIPER white paper. Crit Rev Cliin Lab Sci. 2017 Sep;54(6):358-413. doi: 10.1080/10408363.2017.1379945. Epub 2017 Oct 11. Erratum in: crit Rev Clin Lab Sci. 2020 Mar;57(2):145. doi: 10.1080/10408363.2019.1704475. PMID: 29017389.
210	Alkaline Phosphatase		B2R7C7	Normal	Diagnostic	326 (134-518) U/L	Infant: 15 days - <1 yr old	female	Blood	Adeli K, Higgins V, Trajcevski K, White-Al Habeeb N. The Canadian laboratory initiative on pediatric reference intervals: a CALIPER white paper. Crit Rev Cliin Lab Sci. 2017 Sep;54(6):358-413. doi: 10.1080/10408363.2017.1379945. Epub 2017 Oct 11. Erratum in: crit Rev Clin Lab Sci. 2020 Mar;57(2):145. doi: 10.1080/10408363.2019.1704475. PMID: 29017389.
210	Alkaline Phosphatase		B2R7C7	Normal	Diagnostic	262.5 (156-369) U/L	Children: 1-<10 yrs old	female	Blood	Adeli K, Higgins V, Trajcevski K, White-Al Habeeb N. The Canadian laboratory initiative on pediatric reference intervals: a CALIPER white paper. Crit Rev Cliin Lab Sci. 2017 Sep;54(6):358-413. doi: 10.1080/10408363.2017.1379945. Epub 2017 Oct 11. Erratum in: crit Rev Clin Lab Sci. 2020 Mar;57(2):145. doi: 10.1080/10408363.2019.1704475. PMID: 29017389.
210	Alkaline Phosphatase		B2R7C7	Normal	Diagnostic	300.5 (141-460) U/L	Children: 10-<13 yrs old	female	Blood	Adeli K, Higgins V, Trajcevski K, White-Al Habeeb N. The Canadian laboratory initiative on pediatric reference intervals: a CALIPER white paper. Crit Rev Cliin Lab Sci. 2017 Sep;54(6):358-413. doi: 10.1080/10408363.2017.1379945. Epub 2017 Oct 11. Erratum in: crit Rev Clin Lab Sci. 2020 Mar;57(2):145. doi: 10.1080/10408363.2019.1704475. PMID: 29017389.
210	Alkaline Phosphatase		B2R7C7	Normal	Diagnostic	171 (62-280) U/L	Adolescent: 13-<15 yrs old	female	Blood	Adeli K, Higgins V, Trajcevski K, White-Al Habeeb N. The Canadian laboratory initiative on pediatric reference intervals: a CALIPER white paper. Crit Rev Cliin Lab Sci. 2017 Sep;54(6):358-413. doi: 10.1080/10408363.2017.1379945. Epub 2017 Oct 11. Erratum in: crit Rev Clin Lab Sci. 2020 Mar;57(2):145. doi: 10.1080/10408363.2019.1704475. PMID: 29017389.
210	Alkaline Phosphatase		B2R7C7	Normal	Diagnostic	91 (54-128) U/L	Adolescent: 15-<17 yrs old	female	Blood	Adeli K, Higgins V, Trajcevski K, White-Al Habeeb N. The Canadian laboratory initiative on pediatric reference intervals: a CALIPER white paper. Crit Rev Cliin Lab Sci. 2017 Sep;54(6):358-413. doi: 10.1080/10408363.2017.1379945. Epub 2017 Oct 11. Erratum in: crit Rev Clin Lab Sci. 2020 Mar;57(2):145. doi: 10.1080/10408363.2019.1704475. PMID: 29017389.
210	Alkaline Phosphatase		B2R7C7	Normal	Diagnostic	71.5 (48-95) U/L	Adolescent: 17-<19 yrs old	female	Blood	Adeli K, Higgins V, Trajcevski K, White-Al Habeeb N. The Canadian laboratory initiative on pediatric reference intervals: a CALIPER white paper. Crit Rev Cliin Lab Sci. 2017 Sep;54(6):358-413. doi: 10.1080/10408363.2017.1379945. Epub 2017 Oct 11. Erratum in: crit Rev Clin Lab Sci. 2020 Mar;57(2):145. doi: 10.1080/10408363.2019.1704475. PMID: 29017389.
210	Alkaline Phosphatase		B2R7C7	Normal	Diagnostic	181.5 (90-273) U/L	Infant: 0-<15 days old	male	Blood	Adeli K, Higgins V, Trajcevski K, White-Al Habeeb N. The Canadian laboratory initiative on pediatric reference intervals: a CALIPER white paper. Crit Rev Cliin Lab Sci. 2017 Sep;54(6):358-413. doi: 10.1080/10408363.2017.1379945. Epub 2017 Oct 11. Erratum in: crit Rev Clin Lab Sci. 2020 Mar;57(2):145. doi: 10.1080/10408363.2019.1704475. PMID: 29017389.
210	Alkaline Phosphatase		B2R7C7	Normal	Diagnostic	326 (134-518) U/L	Infant: 15 days - <1 yr old	male	Blood	Adeli K, Higgins V, Trajcevski K, White-Al Habeeb N. The Canadian laboratory initiative on pediatric reference intervals: a CALIPER white paper. Crit Rev Cliin Lab Sci. 2017 Sep;54(6):358-413. doi: 10.1080/10408363.2017.1379945. Epub 2017 Oct 11. Erratum in: crit Rev Clin Lab Sci. 2020 Mar;57(2):145. doi: 10.1080/10408363.2019.1704475. PMID: 29017389.
210	Alkaline Phosphatase		B2R7C7	Normal	Diagnostic	262.5 (156-369) U/L	Children: 1-<10 yrs old	male	Blood	Adeli K, Higgins V, Trajcevski K, White-Al Habeeb N. The Canadian laboratory initiative on pediatric reference intervals: a CALIPER white paper. Crit Rev Cliin Lab Sci. 2017 Sep;54(6):358-413. doi: 10.1080/10408363.2017.1379945. Epub 2017 Oct 11. Erratum in: crit Rev Clin Lab Sci. 2020 Mar;57(2):145. doi: 10.1080/10408363.2019.1704475. PMID: 29017389.
210	Alkaline Phosphatase		B2R7C7	Normal	Diagnostic	300.5 (141-460) U/L	Children: 10-<13 yrs old	male	Blood	Adeli K, Higgins V, Trajcevski K, White-Al Habeeb N. The Canadian laboratory initiative on pediatric reference intervals: a CALIPER white paper. Crit Rev Cliin Lab Sci. 2017 Sep;54(6):358-413. doi: 10.1080/10408363.2017.1379945. Epub 2017 Oct 11. Erratum in: crit Rev Clin Lab Sci. 2020 Mar;57(2):145. doi: 10.1080/10408363.2019.1704475. PMID: 29017389.
210	Alkaline Phosphatase		B2R7C7	Normal	Diagnostic	322 (127-517) U/L	Adolescent: 13-<15 yrs old	male	Blood	Adeli K, Higgins V, Trajcevski K, White-Al Habeeb N. The Canadian laboratory initiative on pediatric reference intervals: a CALIPER white paper. Crit Rev Cliin Lab Sci. 2017 Sep;54(6):358-413. doi: 10.1080/10408363.2017.1379945. Epub 2017 Oct 11. Erratum in: crit Rev Clin Lab Sci. 2020 Mar;57(2):145. doi: 10.1080/10408363.2019.1704475. PMID: 29017389.
210	Alkaline Phosphatase		B2R7C7	Normal	Diagnostic	227 (89-365) U/L	Adolescent: 15-<17 yrs old	male	Blood	Adeli K, Higgins V, Trajcevski K, White-Al Habeeb N. The Canadian laboratory initiative on pediatric reference intervals: a CALIPER white paper. Crit Rev Cliin Lab Sci. 2017 Sep;54(6):358-413. doi: 10.1080/10408363.2017.1379945. Epub 2017 Oct 11. Erratum in: crit Rev Clin Lab Sci. 2020 Mar;57(2):145. doi: 10.1080/10408363.2019.1704475. PMID: 29017389.
210	Alkaline Phosphatase		B2R7C7	Normal	Diagnostic	111.5 (59-164) U/L	Adolescent: 17-<19 yrs old	male	Blood	Adeli K, Higgins V, Trajcevski K, White-Al Habeeb N. The Canadian laboratory initiative on pediatric reference intervals: a CALIPER white paper. Crit Rev Cliin Lab Sci. 2017 Sep;54(6):358-413. doi: 10.1080/10408363.2017.1379945. Epub 2017 Oct 11. Erratum in: crit Rev Clin Lab Sci. 2020 Mar;57(2):145. doi: 10.1080/10408363.2019.1704475. PMID: 29017389.
210	Alkaline Phosphatase		B2R7C7	Normal	Diagnostic	48.1 (48.1->120) uM	Infant/Children: 0-<12 yrs old	Female	Serum	Adeli K, Higgins V, Trajcevski K, White-Al Habeeb N. The Canadian laboratory initiative on pediatric reference intervals: a CALIPER white paper. Crit Rev Cliin Lab Sci. 2017 Sep;54(6):358-413. doi: 10.1080/10408363.2017.1379945. Epub 2017 Oct 11. Erratum in: crit Rev Clin Lab Sci. 2020 Mar;57(2):145. doi: 10.1080/10408363.2019.1704475. PMID: 29017389.
210	Alkaline Phosphatase		B2R7C7	Normal	Diagnostic	11.3 (11.3->120) uM	Adolescent: 12-<15 yrs old	Female	Serum	Adeli K, Higgins V, Trajcevski K, White-Al Habeeb N. The Canadian laboratory initiative on pediatric reference intervals: a CALIPER white paper. Crit Rev Cliin Lab Sci. 2017 Sep;54(6):358-413. doi: 10.1080/10408363.2017.1379945. Epub 2017 Oct 11. Erratum in: crit Rev Clin Lab Sci. 2020 Mar;57(2):145. doi: 10.1080/10408363.2019.1704475. PMID: 29017389.
210	Alkaline Phosphatase		B2R7C7	Normal	Diagnostic	21.97 (8.14-35.8) uM	Adolescent: 15-<19 yrs old	Female	Serum	Adeli K, Higgins V, Trajcevski K, White-Al Habeeb N. The Canadian laboratory initiative on pediatric reference intervals: a CALIPER white paper. Crit Rev Cliin Lab Sci. 2017 Sep;54(6):358-413. doi: 10.1080/10408363.2017.1379945. Epub 2017 Oct 11. Erratum in: crit Rev Clin Lab Sci. 2020 Mar;57(2):145. doi: 10.1080/10408363.2019.1704475. PMID: 29017389.
210	Alkaline Phosphatase		B2R7C7	Normal	Diagnostic	48.1 (48.1->120) uM	Infant/Children: 0-<12 yrs old	Male	Serum	Adeli K, Higgins V, Trajcevski K, White-Al Habeeb N. The Canadian laboratory initiative on pediatric reference intervals: a CALIPER white paper. Crit Rev Cliin Lab Sci. 2017 Sep;54(6):358-413. doi: 10.1080/10408363.2017.1379945. Epub 2017 Oct 11. Erratum in: crit Rev Clin Lab Sci. 2020 Mar;57(2):145. doi: 10.1080/10408363.2019.1704475. PMID: 29017389.
210	Alkaline Phosphatase		B2R7C7	Normal	Diagnostic	62.1 (62.1->120) uM	Adolescent: 12-<15 yrs old	Male	Serum	Adeli K, Higgins V, Trajcevski K, White-Al Habeeb N. The Canadian laboratory initiative on pediatric reference intervals: a CALIPER white paper. Crit Rev Cliin Lab Sci. 2017 Sep;54(6):358-413. doi: 10.1080/10408363.2017.1379945. Epub 2017 Oct 11. Erratum in: crit Rev Clin Lab Sci. 2020 Mar;57(2):145. doi: 10.1080/10408363.2019.1704475. PMID: 29017389.
210	Alkaline Phosphatase		B2R7C7	Normal	Diagnostic	22.5 (22.5->120) uM	Adolescent: 15-<19 yrs old	Male	Serum	Adeli K, Higgins V, Trajcevski K, White-Al Habeeb N. The Canadian laboratory initiative on pediatric reference intervals: a CALIPER white paper. Crit Rev Cliin Lab Sci. 2017 Sep;54(6):358-413. doi: 10.1080/10408363.2017.1379945. Epub 2017 Oct 11. Erratum in: crit Rev Clin Lab Sci. 2020 Mar;57(2):145. doi: 10.1080/10408363.2019.1704475. PMID: 29017389.
210	Alkaline Phosphatase		B2R7C7	Normal	Diagnostic	259 (149-369) U/L	Children: 4 yrs old	Male	serum	Mayo Clinic Test Catalog
210	Alkaline Phosphatase		B2R7C7	Normal	Diagnostic	297.5 (179-416) U/L	Children: 5 yrs old	Male	serum	Mayo Clinic Test Catalog
210	Alkaline Phosphatase		B2R7C7	Normal	Diagnostic	298 (179-417) U/L	Children: 6 yrs old	Male	serum	Mayo Clinic Test Catalog
210	Alkaline Phosphatase		B2R7C7	Normal	Diagnostic	288.5 (172-405) U/L	Children: 7 yrs old	Male	serum	Mayo Clinic Test Catalog
210	Alkaline Phosphatase		B2R7C7	Normal	Diagnostic	285 (169-401) U/L	Children: 8 yrs old	Male	serum	Mayo Clinic Test Catalog
210	Alkaline Phosphatase		B2R7C7	Normal	Diagnostic	293 (175-411) U/L	Children: 9 yrs old	Male	serum	Mayo Clinic Test Catalog
210	Alkaline Phosphatase		B2R7C7	Normal	Diagnostic	313 (191-435) U/L	Children: 10 yrs old	Male	serum	Mayo Clinic Test Catalog
210	Alkaline Phosphatase		B2R7C7	Normal	Diagnostic	346 (185-507) U/L	Children: 11 yrs old	Male	serum	Mayo Clinic Test Catalog
210	Alkaline Phosphatase		B2R7C7	Normal	Diagnostic	373.5 (185-562) U/L	Children: 12 yrs old	Male	serum	Mayo Clinic Test Catalog
210	Alkaline Phosphatase		B2R7C7	Normal	Diagnostic	384.5 (182-587) U/L	Children: 13 yrs old	Male	serum	Mayo Clinic Test Catalog
210	Alkaline Phosphatase		B2R7C7	Normal	Diagnostic	368.5 (166-571) U/L	Children: 14 yrs old	Male	serum	Mayo Clinic Test Catalog
210	Alkaline Phosphatase		B2R7C7	Normal	Diagnostic	324.5 (138-511) U/L	Children: 15 yrs old	Male	serum	Mayo Clinic Test Catalog
210	Alkaline Phosphatase		B2R7C7	Normal	Diagnostic	259.5 (102-417) U/L	Children: 16 yrs old	Male	serum	Mayo Clinic Test Catalog
210	Alkaline Phosphatase		B2R7C7	Normal	Diagnostic	190 (69-311) U/L	Children: 17 yrs old	Male	serum	Mayo Clinic Test Catalog
210	Alkaline Phosphatase		B2R7C7	Normal	Diagnostic	137 (52-222) U/L	Children: 18 yrs old	Male	serum	Mayo Clinic Test Catalog
210	Alkaline Phosphatase		B2R7C7	Normal	Diagnostic	80 (45-115) U/L	Adult: 19 yrs old yrs old	Male	serum	Mayo Clinic Test Catalog
210	Alkaline Phosphatase		B2R7C7	Normal	Diagnostic	270.5 (169-372) U/L	Children: 4 yrs old	Female	serum	Mayo Clinic Test Catalog
210	Alkaline Phosphatase		B2R7C7	Normal	Diagnostic	258.5 (162-355) U/L	Children: 5 yrs old	Female	serum	Mayo Clinic Test Catalog
210	Alkaline Phosphatase		B2R7C7	Normal	Diagnostic	269.5 (169-370) U/L	Children: 6 yrs old	Female	serum	Mayo Clinic Test Catalog
210	Alkaline Phosphatase		B2R7C7	Normal	Diagnostic	292.5 (183-402) U/L	Children: 7 yrs old	Female	serum	Mayo Clinic Test Catalog
210	Alkaline Phosphatase		B2R7C7	Normal	Diagnostic	319.5 (199-440) U/L	Children: 8 yrs old	Female	serum	Mayo Clinic Test Catalog
210	Alkaline Phosphatase		B2R7C7	Normal	Diagnostic	340 (212-468) U/L	Children: 9 yrs old	Female	serum	Mayo Clinic Test Catalog
210	Alkaline Phosphatase		B2R7C7	Normal	Diagnostic	345.5 (215-476) U/L	Children: 10 yrs old	Female	serum	Mayo Clinic Test Catalog
210	Alkaline Phosphatase		B2R7C7	Normal	Diagnostic	352 (178-526) U/L	Children: 11 yrs old	Female	serum	Mayo Clinic Test Catalog
210	Alkaline Phosphatase		B2R7C7	Normal	Diagnostic	309 (133-485) U/L	Children: 12 yrs old	Female	serum	Mayo Clinic Test Catalog
210	Alkaline Phosphatase		B2R7C7	Normal	Diagnostic	284.5 (120-449) U/L	Children: 13 yrs old	Female	serum	Mayo Clinic Test Catalog
210	Alkaline Phosphatase		B2R7C7	Normal	Diagnostic	257.5 (153-362) U/L	Children: 14 yrs old	Female	serum	Mayo Clinic Test Catalog
210	Alkaline Phosphatase		B2R7C7	Normal	Diagnostic	174.5 (75-274) U/L	Children: 15 yrs old	Female	serum	Mayo Clinic Test Catalog
210	Alkaline Phosphatase		B2R7C7	Normal	Diagnostic	162.5 (61-264) U/L	Children: 16 yrs old	Female	serum	Mayo Clinic Test Catalog
210	Alkaline Phosphatase		B2R7C7	Normal	Diagnostic	98 (52-144) U/L	Children/Adult: 17-23 yrs old	Female	serum	Mayo Clinic Test Catalog
210	Alkaline Phosphatase		B2R7C7	Normal	Diagnostic	67.5 (37-98) U/L	Adult: 24-45 yrs old	Female	serum	Mayo Clinic Test Catalog
210	Alkaline Phosphatase		B2R7C7	Normal	Diagnostic	69.5 (39-100) U/L	Adult: 46-50 yrs old	Female	serum	Mayo Clinic Test Catalog
210	Alkaline Phosphatase		B2R7C7	Normal	Diagnostic	74.5 (41-108) U/L	Adult: 51-55 yrs old	Female	serum	Mayo Clinic Test Catalog
210	Alkaline Phosphatase		B2R7C7	Normal	Diagnostic	82 (46-118) U/L	Adult: 56-60 yrs old	Female	serum	Mayo Clinic Test Catalog
210	Alkaline Phosphatase		B2R7C7	Normal	Diagnostic	90 (50-130) U/L	Adult: 61-65 yrs old	Female	serum	Mayo Clinic Test Catalog
210	Alkaline Phosphatase		B2R7C7	Normal	Diagnostic	98.5 (55-142) U/L	Senior: 66 yrs old	Female	serum	Mayo Clinic Test Catalog
210	Alkaline Phosphatase		B2R7C7	Normal	Diagnostic	165.5 (83-248) U/L	Infant: 15 days-1 year	Male	Serum	Mayo Clinic Test Catalog
210	Alkaline Phosphatase		B2R7C7	Normal	Diagnostic	295.5 (122-469) U/L	Children: 1-10 yrs old	Male	Serum	Mayo Clinic Test Catalog
210	Alkaline Phosphatase		B2R7C7	Normal	Diagnostic	238.5 (142-335) U/L	Children: 10-13 yrs old	Male	Serum	Mayo Clinic Test Catalog
210	Alkaline Phosphatase		B2R7C7	Normal	Diagnostic	273 (129-417) U/L	Children: 13-15 yrs old	Male	Serum	Mayo Clinic Test Catalog
210	Alkaline Phosphatase		B2R7C7	Normal	Diagnostic	292 (116-468) U/L	Children: 15-17 yrs old	Male	Serum	Mayo Clinic Test Catalog
210	Alkaline Phosphatase		B2R7C7	Normal	Diagnostic	206.5 (82-331) U/L	Children/Adult: 17-19 yrs old	Male	Serum	Mayo Clinic Test Catalog
210	Alkaline Phosphatase		B2R7C7	Normal	Diagnostic	102 (55-149) U/L	Adult: ≥19 yrs old	Male	Serum	Mayo Clinic Test Catalog
210	Alkaline Phosphatase		B2R7C7	Normal	Diagnostic	84.5 (40-129) U/L	Infant: 0-14 days	Male	Serum	Mayo Clinic Test Catalog
210	Alkaline Phosphatase		B2R7C7	Normal	Diagnostic	165.5 (83-248) U/L	Infant: 15 days-1 year	Female	Serum	Mayo Clinic Test Catalog
210	Alkaline Phosphatase		B2R7C7	Normal	Diagnostic	295.5 (122-469) U/L	Children: 1-10 yrs old	Female	Serum	Mayo Clinic Test Catalog
210	Alkaline Phosphatase		B2R7C7	Normal	Diagnostic	238.5 (142-335) U/L	Children: 10-13 yrs old	Female	Serum	Mayo Clinic Test Catalog
210	Alkaline Phosphatase		B2R7C7	Normal	Diagnostic	273 (129-417) U/L	Children: 13-15 yrs old	Female	Serum	Mayo Clinic Test Catalog
210	Alkaline Phosphatase		B2R7C7	Normal	Diagnostic	155.5 (57-254) U/L	Children: 15-17 yrs old	Female	Serum	Mayo Clinic Test Catalog
210	Alkaline Phosphatase		B2R7C7	Normal	Diagnostic	83.5 (50-117) U/L	Children/Adult: ≥17 yrs old	Female	Serum	Mayo Clinic Test Catalog
210	Alkaline Phosphatase		B2R7C7	Normal	Diagnostic	69.5 (35-104) U/L	All	Female	Serum	Mayo Clinic Test Catalog
211	C-X-C Motif Chemokine 9		Q07325	Normal	Diagnostic	617 (145-1089) pg/mL	Children/Adolescent: 1-<19 yrs old	both	Plasma	Adeli K, Higgins V, Trajcevski K, White-Al Habeeb N. The Canadian laboratory initiative on pediatric reference intervals: a CALIPER white paper. Crit Rev Cliin Lab Sci. 2017 Sep;54(6):358-413. doi: 10.1080/10408363.2017.1379945. Epub 2017 Oct 11. Erratum in: crit Rev Clin Lab Sci. 2020 Mar;57(2):145. doi: 10.1080/10408363.2019.1704475. PMID: 29017389.
211	C-X-C Motif Chemokine 9		Q07325	Normal	Diagnostic	711.5 (208-1215) pg/mL	Children: 1-<8 yrs old	Both	Plasma	Adeli K, Higgins V, Trajcevski K, White-Al Habeeb N. The Canadian laboratory initiative on pediatric reference intervals: a CALIPER white paper. Crit Rev Cliin Lab Sci. 2017 Sep;54(6):358-413. doi: 10.1080/10408363.2017.1379945. Epub 2017 Oct 11. Erratum in: crit Rev Clin Lab Sci. 2020 Mar;57(2):145. doi: 10.1080/10408363.2019.1704475. PMID: 29017389.
211	C-X-C Motif Chemokine 9		Q07325	Normal	Diagnostic	523.5 (142-905) pg/mL	Children/Adolescent: 8-<19 yrs old	Both	Plasma	Adeli K, Higgins V, Trajcevski K, White-Al Habeeb N. The Canadian laboratory initiative on pediatric reference intervals: a CALIPER white paper. Crit Rev Cliin Lab Sci. 2017 Sep;54(6):358-413. doi: 10.1080/10408363.2017.1379945. Epub 2017 Oct 11. Erratum in: crit Rev Clin Lab Sci. 2020 Mar;57(2):145. doi: 10.1080/10408363.2019.1704475. PMID: 29017389.
212	Carcinoembryonic antigen		Q13982	Normal	Diagnostic	35.05 (8.1-62) uM	Infant: 0-<1 week old	Both	Serum	Adeli K, Higgins V, Trajcevski K, White-Al Habeeb N. The Canadian laboratory initiative on pediatric reference intervals: a CALIPER white paper. Crit Rev Cliin Lab Sci. 2017 Sep;54(6):358-413. doi: 10.1080/10408363.2017.1379945. Epub 2017 Oct 11. Erratum in: crit Rev Clin Lab Sci. 2020 Mar;57(2):145. doi: 10.1080/10408363.2019.1704475. PMID: 29017389.
212	Carcinoembryonic antigen		Q13982	Normal	Diagnostic	2.35 (0-4.7) uM	Infant/Children: 1 week - <2 yrs old	Both	Serum	Adeli K, Higgins V, Trajcevski K, White-Al Habeeb N. The Canadian laboratory initiative on pediatric reference intervals: a CALIPER white paper. Crit Rev Cliin Lab Sci. 2017 Sep;54(6):358-413. doi: 10.1080/10408363.2017.1379945. Epub 2017 Oct 11. Erratum in: crit Rev Clin Lab Sci. 2020 Mar;57(2):145. doi: 10.1080/10408363.2019.1704475. PMID: 29017389.
212	Carcinoembryonic antigen		Q13982	Normal	Diagnostic	1.3 (0-2.6) uM	Children/Adolescent: 2-<19 yrs old	Both	Serum	Adeli K, Higgins V, Trajcevski K, White-Al Habeeb N. The Canadian laboratory initiative on pediatric reference intervals: a CALIPER white paper. Crit Rev Cliin Lab Sci. 2017 Sep;54(6):358-413. doi: 10.1080/10408363.2017.1379945. Epub 2017 Oct 11. Erratum in: crit Rev Clin Lab Sci. 2020 Mar;57(2):145. doi: 10.1080/10408363.2019.1704475. PMID: 29017389.
213	Cluster of Differentiation 163		Q86VB7	Normal	Diagnostic	637.5 (279-996) ng/mL	Children/Adolescent: 1-<19 yrs old	Female	Plasma	Adeli K, Higgins V, Trajcevski K, White-Al Habeeb N. The Canadian laboratory initiative on pediatric reference intervals: a CALIPER white paper. Crit Rev Cliin Lab Sci. 2017 Sep;54(6):358-413. doi: 10.1080/10408363.2017.1379945. Epub 2017 Oct 11. Erratum in: crit Rev Clin Lab Sci. 2020 Mar;57(2):145. doi: 10.1080/10408363.2019.1704475. PMID: 29017389.
213	Cluster of Differentiation 163		Q86VB7	Normal	Diagnostic	719 (385-1053) ng/mL	Children: 1-<8 yrs old	Female	Plasma	Adeli K, Higgins V, Trajcevski K, White-Al Habeeb N. The Canadian laboratory initiative on pediatric reference intervals: a CALIPER white paper. Crit Rev Cliin Lab Sci. 2017 Sep;54(6):358-413. doi: 10.1080/10408363.2017.1379945. Epub 2017 Oct 11. Erratum in: crit Rev Clin Lab Sci. 2020 Mar;57(2):145. doi: 10.1080/10408363.2019.1704475. PMID: 29017389.
213	Cluster of Differentiation 163		Q86VB7	Normal	Diagnostic	668 (274-1062) ng/mL	Children: 8-<13 yrs old	Female	Plasma	Adeli K, Higgins V, Trajcevski K, White-Al Habeeb N. The Canadian laboratory initiative on pediatric reference intervals: a CALIPER white paper. Crit Rev Cliin Lab Sci. 2017 Sep;54(6):358-413. doi: 10.1080/10408363.2017.1379945. Epub 2017 Oct 11. Erratum in: crit Rev Clin Lab Sci. 2020 Mar;57(2):145. doi: 10.1080/10408363.2019.1704475. PMID: 29017389.
213	Cluster of Differentiation 163		Q86VB7	Normal	Diagnostic	614 (241-987) ng/mL	Adolescent: 13-<19 yrs old	Female	Plasma	Adeli K, Higgins V, Trajcevski K, White-Al Habeeb N. The Canadian laboratory initiative on pediatric reference intervals: a CALIPER white paper. Crit Rev Cliin Lab Sci. 2017 Sep;54(6):358-413. doi: 10.1080/10408363.2017.1379945. Epub 2017 Oct 11. Erratum in: crit Rev Clin Lab Sci. 2020 Mar;57(2):145. doi: 10.1080/10408363.2019.1704475. PMID: 29017389.
213	Cluster of Differentiation 163		Q86VB7	Normal	Diagnostic	637.5 (279-996) ng/mL	Children/Adolescent: 1-<19 yrs old	Male	Plasma	Adeli K, Higgins V, Trajcevski K, White-Al Habeeb N. The Canadian laboratory initiative on pediatric reference intervals: a CALIPER white paper. Crit Rev Cliin Lab Sci. 2017 Sep;54(6):358-413. doi: 10.1080/10408363.2017.1379945. Epub 2017 Oct 11. Erratum in: crit Rev Clin Lab Sci. 2020 Mar;57(2):145. doi: 10.1080/10408363.2019.1704475. PMID: 29017389.
213	Cluster of Differentiation 163		Q86VB7	Normal	Diagnostic	719 (385-1053) ng/mL	Children: 1-<8 yrs old	Male	Plasma	Adeli K, Higgins V, Trajcevski K, White-Al Habeeb N. The Canadian laboratory initiative on pediatric reference intervals: a CALIPER white paper. Crit Rev Cliin Lab Sci. 2017 Sep;54(6):358-413. doi: 10.1080/10408363.2017.1379945. Epub 2017 Oct 11. Erratum in: crit Rev Clin Lab Sci. 2020 Mar;57(2):145. doi: 10.1080/10408363.2019.1704475. PMID: 29017389.
213	Cluster of Differentiation 163		Q86VB7	Normal	Diagnostic	697 (389-1005) ng/mL	Children: 8-<13 yrs old	Male	Plasma	Adeli K, Higgins V, Trajcevski K, White-Al Habeeb N. The Canadian laboratory initiative on pediatric reference intervals: a CALIPER white paper. Crit Rev Cliin Lab Sci. 2017 Sep;54(6):358-413. doi: 10.1080/10408363.2017.1379945. Epub 2017 Oct 11. Erratum in: crit Rev Clin Lab Sci. 2020 Mar;57(2):145. doi: 10.1080/10408363.2019.1704475. PMID: 29017389.
213	Cluster of Differentiation 163		Q86VB7	Normal	Diagnostic	614 (241-987) ng/mL	Adolescent: 13-<19 yrs old	Male	Plasma	Adeli K, Higgins V, Trajcevski K, White-Al Habeeb N. The Canadian laboratory initiative on pediatric reference intervals: a CALIPER white paper. Crit Rev Cliin Lab Sci. 2017 Sep;54(6):358-413. doi: 10.1080/10408363.2017.1379945. Epub 2017 Oct 11. Erratum in: crit Rev Clin Lab Sci. 2020 Mar;57(2):145. doi: 10.1080/10408363.2019.1704475. PMID: 29017389.
214	Creatine Kinase		P06732	Normal	Diagnostic	180.5 (68-293) U/L	Infant/Children: 0-<13 yrs old	Female	Serum	Adeli K, Higgins V, Trajcevski K, White-Al Habeeb N. The Canadian laboratory initiative on pediatric reference intervals: a CALIPER white paper. Crit Rev Cliin Lab Sci. 2017 Sep;54(6):358-413. doi: 10.1080/10408363.2017.1379945. Epub 2017 Oct 11. Erratum in: crit Rev Clin Lab Sci. 2020 Mar;57(2):145. doi: 10.1080/10408363.2019.1704475. PMID: 29017389.
214	Creatine Kinase		P06732	Normal	Diagnostic	124 (48-200) U/L	Adolescent: 13-<19 yrs old	Female	Serum	Adeli K, Higgins V, Trajcevski K, White-Al Habeeb N. The Canadian laboratory initiative on pediatric reference intervals: a CALIPER white paper. Crit Rev Cliin Lab Sci. 2017 Sep;54(6):358-413. doi: 10.1080/10408363.2017.1379945. Epub 2017 Oct 11. Erratum in: crit Rev Clin Lab Sci. 2020 Mar;57(2):145. doi: 10.1080/10408363.2019.1704475. PMID: 29017389.
214	Creatine Kinase		P06732	Normal	Diagnostic	180.5 (68-293) U/L	Infant/Children: 0-<13 yrs old	Male	Serum	Adeli K, Higgins V, Trajcevski K, White-Al Habeeb N. The Canadian laboratory initiative on pediatric reference intervals: a CALIPER white paper. Crit Rev Cliin Lab Sci. 2017 Sep;54(6):358-413. doi: 10.1080/10408363.2017.1379945. Epub 2017 Oct 11. Erratum in: crit Rev Clin Lab Sci. 2020 Mar;57(2):145. doi: 10.1080/10408363.2019.1704475. PMID: 29017389.
214	Creatine Kinase		P06732	Normal	Diagnostic	217 (80-354) U/L	Adolescent: 13-<19 yrs old	Male	Serum	Adeli K, Higgins V, Trajcevski K, White-Al Habeeb N. The Canadian laboratory initiative on pediatric reference intervals: a CALIPER white paper. Crit Rev Cliin Lab Sci. 2017 Sep;54(6):358-413. doi: 10.1080/10408363.2017.1379945. Epub 2017 Oct 11. Erratum in: crit Rev Clin Lab Sci. 2020 Mar;57(2):145. doi: 10.1080/10408363.2019.1704475. PMID: 29017389.
214	Creatine Kinase		P06732	Normal	Diagnostic	173.5 (39-308) U/L	Infant & Children & Adult: >3 mos	Male	Serum	Mayo Clinic Test Catalog
214	Creatine Kinase		P06732	Normal	Diagnostic	109 (26-192) U/L	Infant & Children & Adult: >3 mos	Female	Serum	Mayo Clinic Test Catalog
215	Interleukin-10		P22301	Normal	Diagnostic	4.505 (1.82-7.19) pg/mL	Children/Adolescent: 1-<19 yrs old	Both	Plasma	Adeli K, Higgins V, Trajcevski K, White-Al Habeeb N. The Canadian laboratory initiative on pediatric reference intervals: a CALIPER white paper. Crit Rev Cliin Lab Sci. 2017 Sep;54(6):358-413. doi: 10.1080/10408363.2017.1379945. Epub 2017 Oct 11. Erratum in: crit Rev Clin Lab Sci. 2020 Mar;57(2):145. doi: 10.1080/10408363.2019.1704475. PMID: 29017389.
215	Interleukin-10		P22301	Normal	Diagnostic	4.97 (1.94-8) pg/mL	Children: 1-<8 yrs old	Both	Plasma	Adeli K, Higgins V, Trajcevski K, White-Al Habeeb N. The Canadian laboratory initiative on pediatric reference intervals: a CALIPER white paper. Crit Rev Cliin Lab Sci. 2017 Sep;54(6):358-413. doi: 10.1080/10408363.2017.1379945. Epub 2017 Oct 11. Erratum in: crit Rev Clin Lab Sci. 2020 Mar;57(2):145. doi: 10.1080/10408363.2019.1704475. PMID: 29017389.
215	Interleukin-10		P22301	Normal	Diagnostic	4.055 (1.83-6.28) pg/mL	Children/Adolescent: 8-<19 yrs old	Both	Plasma	Adeli K, Higgins V, Trajcevski K, White-Al Habeeb N. The Canadian laboratory initiative on pediatric reference intervals: a CALIPER white paper. Crit Rev Cliin Lab Sci. 2017 Sep;54(6):358-413. doi: 10.1080/10408363.2017.1379945. Epub 2017 Oct 11. Erratum in: crit Rev Clin Lab Sci. 2020 Mar;57(2):145. doi: 10.1080/10408363.2019.1704475. PMID: 29017389.
216	Interleukin-1 beta		P01584	Normal	Diagnostic	1510.48 (6.96-3014) pg/mL	Children/Adolescent: 1-<19 yrs old	Both	Plasma	Adeli K, Higgins V, Trajcevski K, White-Al Habeeb N. The Canadian laboratory initiative on pediatric reference intervals: a CALIPER white paper. Crit Rev Cliin Lab Sci. 2017 Sep;54(6):358-413. doi: 10.1080/10408363.2017.1379945. Epub 2017 Oct 11. Erratum in: crit Rev Clin Lab Sci. 2020 Mar;57(2):145. doi: 10.1080/10408363.2019.1704475. PMID: 29017389.
216	Interleukin-1 beta		P01584	Normal	Diagnostic	92.795 (8.59-177) pg/mL	Children/Adolescent: 4-<14 yrs old	Both	Plasma	Adeli K, Higgins V, Trajcevski K, White-Al Habeeb N. The Canadian laboratory initiative on pediatric reference intervals: a CALIPER white paper. Crit Rev Cliin Lab Sci. 2017 Sep;54(6):358-413. doi: 10.1080/10408363.2017.1379945. Epub 2017 Oct 11. Erratum in: crit Rev Clin Lab Sci. 2020 Mar;57(2):145. doi: 10.1080/10408363.2019.1704475. PMID: 29017389.
216	Interleukin-1 beta		P01584	Normal	Diagnostic	55.71 (1.42-110) pg/mL	Adolescent: 14-<19 yrs old	Both	Plasma	Adeli K, Higgins V, Trajcevski K, White-Al Habeeb N. The Canadian laboratory initiative on pediatric reference intervals: a CALIPER white paper. Crit Rev Cliin Lab Sci. 2017 Sep;54(6):358-413. doi: 10.1080/10408363.2017.1379945. Epub 2017 Oct 11. Erratum in: crit Rev Clin Lab Sci. 2020 Mar;57(2):145. doi: 10.1080/10408363.2019.1704475. PMID: 29017389.
217	Pancreatic Amylase		P04746	Normal	Diagnostic	5.75 (0-11.5) U/L	Infant: 0-<6 months old	Female	Serum	Adeli K, Higgins V, Trajcevski K, White-Al Habeeb N. The Canadian laboratory initiative on pediatric reference intervals: a CALIPER white paper. Crit Rev Cliin Lab Sci. 2017 Sep;54(6):358-413. doi: 10.1080/10408363.2017.1379945. Epub 2017 Oct 11. Erratum in: crit Rev Clin Lab Sci. 2020 Mar;57(2):145. doi: 10.1080/10408363.2019.1704475. PMID: 29017389.
217	Pancreatic Amylase		P04746	Normal	Diagnostic	11.91 (0.62-23.2) U/L	Infant: 6 months - <1 yr old	Female	Serum	Adeli K, Higgins V, Trajcevski K, White-Al Habeeb N. The Canadian laboratory initiative on pediatric reference intervals: a CALIPER white paper. Crit Rev Cliin Lab Sci. 2017 Sep;54(6):358-413. doi: 10.1080/10408363.2017.1379945. Epub 2017 Oct 11. Erratum in: crit Rev Clin Lab Sci. 2020 Mar;57(2):145. doi: 10.1080/10408363.2019.1704475. PMID: 29017389.
217	Pancreatic Amylase		P04746	Normal	Diagnostic	15.215 (2.63-27.8) U/L	Children: 1-<2 yrs old	Female	Serum	Adeli K, Higgins V, Trajcevski K, White-Al Habeeb N. The Canadian laboratory initiative on pediatric reference intervals: a CALIPER white paper. Crit Rev Cliin Lab Sci. 2017 Sep;54(6):358-413. doi: 10.1080/10408363.2017.1379945. Epub 2017 Oct 11. Erratum in: crit Rev Clin Lab Sci. 2020 Mar;57(2):145. doi: 10.1080/10408363.2019.1704475. PMID: 29017389.
217	Pancreatic Amylase		P04746	Normal	Diagnostic	17.7 (4.1-31.3) U/L	Children/Adolescent: 2-<19 yrs old	Female	Serum	Adeli K, Higgins V, Trajcevski K, White-Al Habeeb N. The Canadian laboratory initiative on pediatric reference intervals: a CALIPER white paper. Crit Rev Cliin Lab Sci. 2017 Sep;54(6):358-413. doi: 10.1080/10408363.2017.1379945. Epub 2017 Oct 11. Erratum in: crit Rev Clin Lab Sci. 2020 Mar;57(2):145. doi: 10.1080/10408363.2019.1704475. PMID: 29017389.
217	Pancreatic Amylase		P04746	Normal	Diagnostic	5.75 (0-11.5) U/L	Infant: 0-<6 months old	Male	Serum	Adeli K, Higgins V, Trajcevski K, White-Al Habeeb N. The Canadian laboratory initiative on pediatric reference intervals: a CALIPER white paper. Crit Rev Cliin Lab Sci. 2017 Sep;54(6):358-413. doi: 10.1080/10408363.2017.1379945. Epub 2017 Oct 11. Erratum in: crit Rev Clin Lab Sci. 2020 Mar;57(2):145. doi: 10.1080/10408363.2019.1704475. PMID: 29017389.
217	Pancreatic Amylase		P04746	Normal	Diagnostic	11.91 (0.62-23.2) U/L	Infant: 6 months - <1 yr old	Male	Serum	Adeli K, Higgins V, Trajcevski K, White-Al Habeeb N. The Canadian laboratory initiative on pediatric reference intervals: a CALIPER white paper. Crit Rev Cliin Lab Sci. 2017 Sep;54(6):358-413. doi: 10.1080/10408363.2017.1379945. Epub 2017 Oct 11. Erratum in: crit Rev Clin Lab Sci. 2020 Mar;57(2):145. doi: 10.1080/10408363.2019.1704475. PMID: 29017389.
217	Pancreatic Amylase		P04746	Normal	Diagnostic	11.59 (0.68-22.5) U/L	Children: 1-<2 yrs old	Male	Serum	Adeli K, Higgins V, Trajcevski K, White-Al Habeeb N. The Canadian laboratory initiative on pediatric reference intervals: a CALIPER white paper. Crit Rev Cliin Lab Sci. 2017 Sep;54(6):358-413. doi: 10.1080/10408363.2017.1379945. Epub 2017 Oct 11. Erratum in: crit Rev Clin Lab Sci. 2020 Mar;57(2):145. doi: 10.1080/10408363.2019.1704475. PMID: 29017389.
217	Pancreatic Amylase		P04746	Normal	Diagnostic	17.7 (4.1-31.3) U/L	Children/Adolescent: 2-<19 yrs old	Male	Serum	Adeli K, Higgins V, Trajcevski K, White-Al Habeeb N. The Canadian laboratory initiative on pediatric reference intervals: a CALIPER white paper. Crit Rev Cliin Lab Sci. 2017 Sep;54(6):358-413. doi: 10.1080/10408363.2017.1379945. Epub 2017 Oct 11. Erratum in: crit Rev Clin Lab Sci. 2020 Mar;57(2):145. doi: 10.1080/10408363.2019.1704475. PMID: 29017389.
218	Gastrin-releasing peptide		P07492	Normal	Diagnostic	1212 (535-1889) ng/L	Infant: 0-<1 week old	Both	Serum	Adeli K, Higgins V, Trajcevski K, White-Al Habeeb N. The Canadian laboratory initiative on pediatric reference intervals: a CALIPER white paper. Crit Rev Cliin Lab Sci. 2017 Sep;54(6):358-413. doi: 10.1080/10408363.2017.1379945. Epub 2017 Oct 11. Erratum in: crit Rev Clin Lab Sci. 2020 Mar;57(2):145. doi: 10.1080/10408363.2019.1704475. PMID: 29017389.
218	Gastrin-releasing peptide		P07492	Normal	Diagnostic	437 (57-817) ng/L	Infant: 1 week - <6 months old	Both	Serum	Adeli K, Higgins V, Trajcevski K, White-Al Habeeb N. The Canadian laboratory initiative on pediatric reference intervals: a CALIPER white paper. Crit Rev Cliin Lab Sci. 2017 Sep;54(6):358-413. doi: 10.1080/10408363.2017.1379945. Epub 2017 Oct 11. Erratum in: crit Rev Clin Lab Sci. 2020 Mar;57(2):145. doi: 10.1080/10408363.2019.1704475. PMID: 29017389.
218	Gastrin-releasing peptide		P07492	Normal	Diagnostic	111.5 (25-198) ng/L	Infant: 6 months - <1 yr old	Both	Serum	Adeli K, Higgins V, Trajcevski K, White-Al Habeeb N. The Canadian laboratory initiative on pediatric reference intervals: a CALIPER white paper. Crit Rev Cliin Lab Sci. 2017 Sep;54(6):358-413. doi: 10.1080/10408363.2017.1379945. Epub 2017 Oct 11. Erratum in: crit Rev Clin Lab Sci. 2020 Mar;57(2):145. doi: 10.1080/10408363.2019.1704475. PMID: 29017389.
218	Gastrin-releasing peptide		P07492	Normal	Diagnostic	75.5 (22-129) ng/L	Children: 1-<12 yrs old	Both	Serum	Adeli K, Higgins V, Trajcevski K, White-Al Habeeb N. The Canadian laboratory initiative on pediatric reference intervals: a CALIPER white paper. Crit Rev Cliin Lab Sci. 2017 Sep;54(6):358-413. doi: 10.1080/10408363.2017.1379945. Epub 2017 Oct 11. Erratum in: crit Rev Clin Lab Sci. 2020 Mar;57(2):145. doi: 10.1080/10408363.2019.1704475. PMID: 29017389.
218	Gastrin-releasing peptide		P07492	Normal	Diagnostic	50 (17-83) ng/L	Adolescent: 12-<19 yrs old	Both	Serum	Adeli K, Higgins V, Trajcevski K, White-Al Habeeb N. The Canadian laboratory initiative on pediatric reference intervals: a CALIPER white paper. Crit Rev Cliin Lab Sci. 2017 Sep;54(6):358-413. doi: 10.1080/10408363.2017.1379945. Epub 2017 Oct 11. Erratum in: crit Rev Clin Lab Sci. 2020 Mar;57(2):145. doi: 10.1080/10408363.2019.1704475. PMID: 29017389.
219	Rheumatoid Factor		A2J1N6	Normal	Diagnostic	13.05 (9-17.1) IU/mL	Infant: 0-<15 days old	Both	Serum	Adeli K, Higgins V, Trajcevski K, White-Al Habeeb N. The Canadian laboratory initiative on pediatric reference intervals: a CALIPER white paper. Crit Rev Cliin Lab Sci. 2017 Sep;54(6):358-413. doi: 10.1080/10408363.2017.1379945. Epub 2017 Oct 11. Erratum in: crit Rev Clin Lab Sci. 2020 Mar;57(2):145. doi: 10.1080/10408363.2019.1704475. PMID: 29017389.
219	Rheumatoid Factor		A2J1N6	Normal	Diagnostic	9 (9-9) IU/mL	Infant/Adolescent: 15 days - <19 yrs old	Both	Serum	Adeli K, Higgins V, Trajcevski K, White-Al Habeeb N. The Canadian laboratory initiative on pediatric reference intervals: a CALIPER white paper. Crit Rev Cliin Lab Sci. 2017 Sep;54(6):358-413. doi: 10.1080/10408363.2017.1379945. Epub 2017 Oct 11. Erratum in: crit Rev Clin Lab Sci. 2020 Mar;57(2):145. doi: 10.1080/10408363.2019.1704475. PMID: 29017389.
220	Squamous cell carcinoma antigen		Q9BYH9	Normal	Diagnostic	35 (0-70) uM	Infant: 0-<1 week old	Both	Serum	Adeli K, Higgins V, Trajcevski K, White-Al Habeeb N. The Canadian laboratory initiative on pediatric reference intervals: a CALIPER white paper. Crit Rev Cliin Lab Sci. 2017 Sep;54(6):358-413. doi: 10.1080/10408363.2017.1379945. Epub 2017 Oct 11. Erratum in: crit Rev Clin Lab Sci. 2020 Mar;57(2):145. doi: 10.1080/10408363.2019.1704475. PMID: 29017389.
220	Squamous cell carcinoma antigen		Q9BYH9	Normal	Diagnostic	8.8 (0.6-17) uM	Infant: 1 week - <1 yr old	Both	Serum	Adeli K, Higgins V, Trajcevski K, White-Al Habeeb N. The Canadian laboratory initiative on pediatric reference intervals: a CALIPER white paper. Crit Rev Cliin Lab Sci. 2017 Sep;54(6):358-413. doi: 10.1080/10408363.2017.1379945. Epub 2017 Oct 11. Erratum in: crit Rev Clin Lab Sci. 2020 Mar;57(2):145. doi: 10.1080/10408363.2019.1704475. PMID: 29017389.
220	Squamous cell carcinoma antigen		Q9BYH9	Normal	Diagnostic	1 (0.4-1.6) uM	Children: 1-<19 yrs old	Both	Serum	Adeli K, Higgins V, Trajcevski K, White-Al Habeeb N. The Canadian laboratory initiative on pediatric reference intervals: a CALIPER white paper. Crit Rev Cliin Lab Sci. 2017 Sep;54(6):358-413. doi: 10.1080/10408363.2017.1379945. Epub 2017 Oct 11. Erratum in: crit Rev Clin Lab Sci. 2020 Mar;57(2):145. doi: 10.1080/10408363.2019.1704475. PMID: 29017389.
221	Tumor necrosis factor		P01375	Normal	Diagnostic	8.13 (3.96-12.3) pg/mL	Children/Adolescent: 1-<19 yrs old	Both	Plasma	Adeli K, Higgins V, Trajcevski K, White-Al Habeeb N. The Canadian laboratory initiative on pediatric reference intervals: a CALIPER white paper. Crit Rev Cliin Lab Sci. 2017 Sep;54(6):358-413. doi: 10.1080/10408363.2017.1379945. Epub 2017 Oct 11. Erratum in: crit Rev Clin Lab Sci. 2020 Mar;57(2):145. doi: 10.1080/10408363.2019.1704475. PMID: 29017389.
221	Tumor necrosis factor		P01375	Normal	Diagnostic	9.285 (5.38-13.19) pg/mL	Children: 1-<8 yrs old	Both	Plasma	Adeli K, Higgins V, Trajcevski K, White-Al Habeeb N. The Canadian laboratory initiative on pediatric reference intervals: a CALIPER white paper. Crit Rev Cliin Lab Sci. 2017 Sep;54(6):358-413. doi: 10.1080/10408363.2017.1379945. Epub 2017 Oct 11. Erratum in: crit Rev Clin Lab Sci. 2020 Mar;57(2):145. doi: 10.1080/10408363.2019.1704475. PMID: 29017389.
221	Tumor necrosis factor		P01375	Normal	Diagnostic	7.07 (3.44-10.7) pg/mL	Children/Adolescent: 8-<19 yrs old	Both	Plasma	Adeli K, Higgins V, Trajcevski K, White-Al Habeeb N. The Canadian laboratory initiative on pediatric reference intervals: a CALIPER white paper. Crit Rev Cliin Lab Sci. 2017 Sep;54(6):358-413. doi: 10.1080/10408363.2017.1379945. Epub 2017 Oct 11. Erratum in: crit Rev Clin Lab Sci. 2020 Mar;57(2):145. doi: 10.1080/10408363.2019.1704475. PMID: 29017389.
221	Tumor necrosis factor		P01375	Normal	Diagnostic	<=2.8 pg/mL	All	Both	Plasma	Mayo Clinic Test Catalog
221	Tumor necrosis factor		P01375	Chronic Infections	Diagnostic	<=2.8 pg/mL	All	Both	Plasma	Mayo Clinic Test Catalog
221	Tumor necrosis factor		P01375	Bacterial Infections	Diagnostic	>2.8 pg/mL	All	Both	Plasma	Mayo Clinic Test Catalog
221	Tumor necrosis factor		P01375	Bacterial Infections	Diagnostic	>2.8 pg/mL	All	Both	Plasma	Mayo Clinic Test Catalog
222	Neurofilament Light Polypeptide		P07196	Neurodegenerative Disease	Diagnostic	>12.8 pg/mL	Infant & Children: <2.5 yrs	Both	Plasma	Mayo Clinic Test Catalog
222	Neurofilament Light Polypeptide		P07196	Neurodegenerative Disease	Diagnostic	>11.8 pg/mL	Children: 2.5-4 yrs	Both	Plasma	Mayo Clinic Test Catalog
222	Neurofilament Light Polypeptide		P07196	Neurodegenerative Disease	Diagnostic	>10.4 pg/mL	Children: 5-9 yrs	Both	Plasma	Mayo Clinic Test Catalog
222	Neurofilament Light Polypeptide		P07196	Neurodegenerative Disease	Diagnostic	>8.8 pg/mL	Children: 10-14 yrs	Both	Plasma	Mayo Clinic Test Catalog
222	Neurofilament Light Polypeptide		P07196	Neurodegenerative Disease	Diagnostic	>9.2 pg/mL	Children & Adult: 15-19 yrs	Both	Plasma	Mayo Clinic Test Catalog
222	Neurofilament Light Polypeptide		P07196	Neurodegenerative Disease	Diagnostic	>10.4 pg/mL	Adult: 20-24 yrs	Both	Plasma	Mayo Clinic Test Catalog
222	Neurofilament Light Polypeptide		P07196	Neurodegenerative Disease	Diagnostic	>11.9 pg/mL	Adult: 25-29 yrs	Both	Plasma	Mayo Clinic Test Catalog
222	Neurofilament Light Polypeptide		P07196	Neurodegenerative Disease	Diagnostic	>13.5 pg/mL	Adult: 30-34 yrs	Both	Plasma	Mayo Clinic Test Catalog
222	Neurofilament Light Polypeptide		P07196	Neurodegenerative Disease	Diagnostic	>15.3 pg/mL	Adult: 35-39 yrs	Both	Plasma	Mayo Clinic Test Catalog
222	Neurofilament Light Polypeptide		P07196	Neurodegenerative Disease	Diagnostic	>17.3 pg/mL	Adult: 40-44 yrs	Both	Plasma	Mayo Clinic Test Catalog
222	Neurofilament Light Polypeptide		P07196	Neurodegenerative Disease	Diagnostic	>19.7 pg/mL	Adult: 45-49 yrs	Both	Plasma	Mayo Clinic Test Catalog
222	Neurofilament Light Polypeptide		P07196	Neurodegenerative Disease	Diagnostic	>22.4 pg/mL	Adult: 50-54 yrs	Both	Plasma	Mayo Clinic Test Catalog
222	Neurofilament Light Polypeptide		P07196	Neurodegenerative Disease	Diagnostic	>25.4 pg/mL	Adult: 55-59 yrs	Both	Plasma	Mayo Clinic Test Catalog
222	Neurofilament Light Polypeptide		P07196	Neurodegenerative Disease	Diagnostic	>28.8 pg/mL	Adult: 60-64 yrs	Both	Plasma	Mayo Clinic Test Catalog
222	Neurofilament Light Polypeptide		P07196	Neurodegenerative Disease	Diagnostic	>32.7 pg/mL	Adult: 65-69 yrs	Both	Plasma	Mayo Clinic Test Catalog
222	Neurofilament Light Polypeptide		P07196	Neurodegenerative Disease	Diagnostic	>37.1 pg/mL	Adult: 70-74 yrs	Both	Plasma	Mayo Clinic Test Catalog
222	Neurofilament Light Polypeptide		P07196	Neurodegenerative Disease	Diagnostic	>42.1 pg/mL	Adult: 75-79 yrs	Both	Plasma	Mayo Clinic Test Catalog
222	Neurofilament Light Polypeptide		P07196	Neurodegenerative Disease	Diagnostic	>47.8 pg/mL	Adult: 80-84 yrs	Both	Plasma	Mayo Clinic Test Catalog
222	Neurofilament Light Polypeptide		P07196	Neurodegenerative Disease	Diagnostic	>54.3 pg/mL	Adult: >=85 yrs	Both	Plasma	Mayo Clinic Test Catalog
223	Gamma-Enolase		P09104	Normal	Diagnostic	<=15 ng/mL	All	Both	Cerebrospinal Fluid (CSF)	Mayo Clinic Test Catalog
223	Gamma-Enolase		P09104	Creutzfeldt-Jakob Disease	Diagnostic	>30 ng/mL	All	Both	Cerebrospinal Fluid (CSF)	Mayo Clinic Test Catalog
224	Neurotensin		P30990	Normal	Diagnostic	75 (50-100) pg/mL	All	Both	Plasma	Mayo Clinic Test Catalog
225	Pancreatic Polypeptide		P01298	Pancreatic Cancer	Diagnostic	>228 pg/mL	Adult: 20-29 yrs	Both	Plasma	Mayo Clinic Test Catalog
225	Pancreatic Polypeptide		P01298	Pancreatic Cancer	Diagnostic	>249 pg/mL	Adult: 30-39 yrs	Both	Plasma	Mayo Clinic Test Catalog
225	Pancreatic Polypeptide		P01298	Pancreatic Cancer	Diagnostic	>270 pg/mL	Adult: 40-49 yrs	Both	Plasma	Mayo Clinic Test Catalog
225	Pancreatic Polypeptide		P01298	Pancreatic Cancer	Diagnostic	>291 pg/mL	Adult: 50-59 yrs	Both	Plasma	Mayo Clinic Test Catalog
225	Pancreatic Polypeptide		P01298	Pancreatic Cancer	Diagnostic	>312 pg/mL	Adult: 60-69 yrs	Both	Plasma	Mayo Clinic Test Catalog
225	Pancreatic Polypeptide		P01298	Pancreatic Cancer	Diagnostic	>332 pg/mL	Adult: 70-79 yrs	Both	Plasma	Mayo Clinic Test Catalog
226	Porphobilinogen Deaminase		P08397	Acute Intermittent Porphyria	Diagnostic	>6 nmol/L/sec	All	Both	Blood	Mayo Clinic Test Catalog
227	Prostatic Acid Phosphatase		P15309	Prostate Cancer	Diagnostic	>2.1 ng/mL	All	Both	Serum	Mayo Clinic Test Catalog
228	Protein S-100B		P04271	Normal	Diagnostic	255 (0-510) ng/mL	Infant: 0 days-5 mos	Both	Serum	Mayo Clinic Test Catalog
228	Protein S-100B		P04271	Normal	Diagnostic	175 (0-350) ng/mL	Infant: 5-10 mos	Both	Serum	Mayo Clinic Test Catalog
228	Protein S-100B		P04271	Normal	Diagnostic	115 (0-230) ng/mL	Children: 25 mos-3 yrs	Both	Serum	Mayo Clinic Test Catalog
228	Protein S-100B		P04271	Normal	Diagnostic	85 (0-170) ng/mL	Children: 3-19 yrs	Both	Serum	Mayo Clinic Test Catalog
228	Protein S-100B		P04271	Normal	Diagnostic	48 (0-96) ng/mL	Adult: >=19 yrs	Both	Serum	Mayo Clinic Test Catalog
229	SS-A/Ro Antibodies		P19474	Sjogren Syndrome	Diagnostic	>=1 (1-N/A) units	All	Both	Serum	Mayo Clinic Test Catalog
229	SS-A/Ro Antibodies		P19474	Systemic Lupus Erythematosus	Diagnostic	>=1 (1-N/A) units	All	Both	Serum	Mayo Clinic Test Catalog
229	SS-A/Ro Antibodies		P19474	Systemic Sclerosis	Diagnostic	>=1 (1-N/A) units	All	Both	Serum	Mayo Clinic Test Catalog
229	SS-A/Ro Antibodies		P19474	Connective Tissue Disease	Diagnostic	>=1 (1-N/A) units	All	Both	Serum	Mayo Clinic Test Catalog
230	SS-B/La Antibodies		P05455	Sjogren Syndrome	Diagnostic	>=1 (1-N/A) units	All	Both	Serum	Mayo Clinic Test Catalog
230	SS-B/La Antibodies		P05455	Connective Tissue Disease	Diagnostic	>=1 (1-N/A) units	All	Both	Serum	Mayo Clinic Test Catalog
231	Thrombopoietin		P40225	Normal	Diagnostic	53 (7-99) pg/mL	All	Both	Serum	Mayo Clinic Test Catalog
232	Thyroxine-binding Globulin		P05543	Normal	Diagnostic	19 (12-26) mcg/mL	All	Male	Serum	Mayo Clinic Test Catalog
232	Thyroxine-binding Globulin		P05543	Normal	Diagnostic	19 (11-27) mcg/mL	All	Female	Serum	Mayo Clinic Test Catalog
233	Beta-Galactosidase		P16278	Normal	Diagnostic	>=1.56 nmol/min/mg	All	Both	Leukocytes	Mayo Clinic Test Catalog
233	Beta-Galactosidase		P16278	GM1 Gangliosidosis	Diagnostic	<1.56 nmol/min/mg	All	Both	Leukocytes	Mayo Clinic Test Catalog
233	Beta-Galactosidase		P16278	Morquio B Disease	Diagnostic	<1.56 nmol/min/mg	All	Both	Leukocytes	Mayo Clinic Test Catalog
233	Beta-Galactosidase		P16278	Galactosialidosis	Diagnostic	<1.56 nmol/min/mg	All	Both	Leukocytes	Mayo Clinic Test Catalog
234	Cytosolic Beta-Glucosidase		Q9H227	Normal	Diagnostic	>=3.53 nmol/hour/mg	All	Both	Serum	Mayo Clinic Test Catalog
234	Cytosolic Beta-Glucosidase		Q9H227	Gaucher Disease	Diagnostic	<3.53 nmol/hour/mg	All	Both	Serum	Mayo Clinic Test Catalog
235	Beta-Glucuronidase		P09236	Normal	Diagnostic	>2.6 nmol/mL/hour	All	Both	Blood spot	Mayo Clinic Test Catalog
235	Beta-Glucuronidase		P09236	Mucopolysaccharidosis VII	Diagnostic	<2.6 nmol/mL/hour	All	Both	Blood spot	Mayo Clinic Test Catalog
235	Beta-Glucuronidase		P09236	Normal	Diagnostic	>3.6 nmol/mL/hour	All	Both	Leukocytes	Mayo Clinic Test Catalog
235	Beta-Glucuronidase		P09236	Mucopolysaccharidosis VII	Diagnostic	<3.6 nmol/mL/hour	All	Both	Leukocytes	Mayo Clinic Test Catalog
236	Biotinidase		P43251	Normal	Diagnostic	8.65 (3.5-13.8) U/L	All	Both	Serum	Mayo Clinic Test Catalog
236	Biotinidase		P43251	Biotinidase Deficiency	Diagnostic	<3.5 U/L	All	Both	Serum	Mayo Clinic Test Catalog
237	C1q Complement		P02745	Normal	Diagnostic	48.5 (34-63) U/mL	All	Both	Serum	Mayo Clinic Test Catalog
237	C1q Complement		P02745	C1 Deficiency	Diagnostic	>34 U/mL	All	Both	Serum	Mayo Clinic Test Catalog
237	C1q Complement		P02745	Normal	Diagnostic	17 (12-22) mg/dL	All	Both	Serum	Mayo Clinic Test Catalog
237	C1q Complement		P02745	C1 Deficiency	Diagnostic	<17 mg/dL	All	Both	Serum	Mayo Clinic Test Catalog
238	C5 Complement		P01031	Normal	Diagnostic	18.45 (10.6-26.3) mg/dL	All	Both	Serum	Mayo Clinic Test Catalog
238	C5 Complement		P01031	C5 Deficiency	Diagnostic	<10.6 mg/dL	All	Both	Serum	Mayo Clinic Test Catalog
239	C6 Complement		P13671	Normal	Diagnostic	44.5 (32-57) U/mL	All	Both	Serum	Mayo Clinic Test Catalog
239	C6 Complement		P13671	C6 Deficiency	Diagnostic	<32 U/mL	All	Both	Serum	Mayo Clinic Test Catalog
240	C7 Complement		P10643	Normal	Diagnostic	48 (36-60) U/mL	All	Both	Serum	Mayo Clinic Test Catalog
240	C7 Complement		P10643	C7 Deficiency	Diagnostic	<36 U/mL	All	Both	Serum	Mayo Clinic Test Catalog
241	C8 Complement		P07360	Normal	Diagnostic	45.5 (33-58) U/mL	All	Both	Serum	Mayo Clinic Test Catalog
241	C8 Complement		P07360	C8 Deficiency	Diagnostic	<33 U/mL	All	Both	Serum	Mayo Clinic Test Catalog
242	C9 Complement		P02748	Normal	Diagnostic	49 (37-61) U/mL	All	Both	Serum	Mayo Clinic Test Catalog
242	C9 Complement		P02748	C9 Deficiency	Diagnostic	<37 U/mL	All	Both	Serum	Mayo Clinic Test Catalog
243	Chromogranin A		P05060	Normal	Diagnostic	<93 ng/mL	All	Both	Serum	Mayo Clinic Test Catalog
244	Coagulation Factor IX		P00740	Normal	Diagnostic	102.5 (65-140) %	Infant & Children & Adult: >6 mos	Both	Plasma	Mayo Clinic Test Catalog
244	Coagulation Factor IX		P00740	Hemophilia B	Diagnostic	<50 %	Infant & Children & Adult: >6 mos	Both	Plasma	Mayo Clinic Test Catalog
245	Coagulation Factor VII		P08709	Normal	Diagnostic	122.5 (65-180) %	Adult: >=18 yrs	Both	Plasma	Mayo Clinic Test Catalog
245	Coagulation Factor VII		P08709	Coagulation Factor VII Deficiency	Diagnostic	<65 %	Adult: >=18 yrs	Both	Plasma	Mayo Clinic Test Catalog
246	Coagulation Factor VIII		P00451	Normal	Diagnostic	127.5 (55-200) %	Adult: >=18 yrs	Both	Plasma	Mayo Clinic Test Catalog
246	Coagulation Factor VIII		P00451	Hemophilia A	Diagnostic	<50 %	Adult: >=18 yrs	Both	Plasma	Mayo Clinic Test Catalog
246	Coagulation Factor VIII		P00451	Von Willebrand Disease Type 1	Diagnostic	<55 %	Adult: >=18 yrs	Both	Plasma	Mayo Clinic Test Catalog
246	Coagulation Factor VIII		P00451	Von Willebrand Disease Type 3	Diagnostic	<55 %	Adult: >=18 yrs	Both	Plasma	Mayo Clinic Test Catalog
247	Coagulation Factor X		P00742	Normal	Diagnostic	110 (70-150) %	Adult: >=18 yrs	Both	Plasma	Mayo Clinic Test Catalog
247	Coagulation Factor X		P00742	Coagulation Factor X Deficiency	Diagnostic	<50 %	Adult: >=18 yrs	Both	Plasma	Mayo Clinic Test Catalog
248	Coagulation Factor XI		P03951	Normal	Diagnostic	102.5 (55-150) %	Adult: >=18 yrs	Both	Plasma	Mayo Clinic Test Catalog
248	Coagulation Factor XI		P03951	Coagulation Factor XI Deficiency	Diagnostic	<60 %	Adult: >=18 yrs	Both	Plasma	Mayo Clinic Test Catalog
249	Coagulation Factor XII		P00748	Normal	Diagnostic	117.5 (55-180) %	Adult: >=18 yrs	Both	Plasma	Mayo Clinic Test Catalog
249	Coagulation Factor XII		P00748	Coagulation Factor XII Deficiency	Diagnostic	<50 %	Adult: >=18 yrs	Both	Plasma	Mayo Clinic Test Catalog
250	Angiotensin I		P01019	Normal	Diagnostic	≤25 pg/mL	Adult: ≥18 yrs old	Both	Plasma	Mayo Clinic Test Catalog
251	Alpha-1-Acid Glycoprotein		P02763	NA	NA	NA	NA	NA	NA	NA
252	Alpha-Galactosidase		P06280	Normal	Diagnostic	0.2655 (0.074-0.457) U/L	All	Both	Serum	Mayo Clinic Test Catalog
253	Aminolevulinic Acid Dehydratase		P13716	Normal	Diagnostic	≥4.0 nmol/L/sec	Adult: ≥16 yrs old	Both	Blood	Mayo Clinic Test Catalog
253	Aminolevulinic Acid Dehydratase		P13716	Normal	Diagnostic	3.7 (3.5-3.9) nmol/L/sec	Adult: ≥16 yrs old	Both	Blood	Mayo Clinic Test Catalog
253	Aminolevulinic Acid Dehydratase		P13716	Normal	Diagnostic	3.5 nmol/L/sec	≥16 yrs old	Both	Blood	Mayo Clinic Test Catalog
254	Adenylate kinase enzyme 		P27144	Hemolytic anemia	Diagnostic	235.5 (195-276) U/g HB	Children/Adult	Both	Blood	Mayo Clinic Test Catalog
254	Adenylate kinase enzyme 		P27144	Normal	Diagnostic	235.5 (195-276) U/g Hb	Children: >12 months	Both	Blood	Mayo Clinic Test Catalog
255	Zinc transporter 8 		Q8IWU4	Normal	Diagnostic	15 U/mL	All	Both	serum	Mayo Clinic Test Catalog
256	Vasoactive intestinal polypeptide		P01282	Normal	Diagnostic	14 pg/mL	All	Both	Plasma	Mayo Clinic Test Catalog
256	Vasoactive intestinal polypeptide		P01282	Normal	Diagnostic	0.75 pg/mL	All	Both	Plasma	Mayo Clinic Test Catalog
257	Uroporphyrinogen Decarboxylase		P06132	Normal	Diagnostic	1 RU	Adult	Both	Blood	Mayo Clinic Test Catalog
257	Uroporphyrinogen Decarboxylase		P06132	Porphyria	Diagnostic	0.8 RU	Adult	Both	Blood	Mayo Clinic Test Catalog
258	Lipase		P54315	Normal	Diagnostic	4 U/L	Adult	Both	urine	Mayo Clinic Test Catalog
258	Lipase		P54315	Normal	Diagnostic	36.5 (13-60) U/L	All	Both	serum	Mayo Clinic Test Catalog
259	Alpha-2-Macroglobulin		P01023	Normal	Diagnostic	336.5 (178-495) mg/dL	Adult: >18 yrs old	Both	serum	Mayo Clinic Test Catalog
259	Alpha-2-Macroglobulin		P01023	Normal	Diagnostic	190 (100-280) mg/dL	Adult: 18 yrs old yrs old	Both	serum	Mayo Clinic Test Catalog
260	Galactokinase		P51570	NA	NA	NA	NA	NA	NA	NA
261	Galactose-1-Phosphate Uridyltransferase		P07902	NA	NA	NA	NA	NA	NA	NA
262	Galectin-3		P17931	NA	NA	NA	NA	NA	NA	NA
263	Glucose Phosphate Isomerase		P06744	Normal	Diagnostic	49 (40-58) U/g Hb	Children: >12 months	Both	Blood	Mayo Clinic Test Catalog
263	Glucose Phosphate Isomerase		P06744	Normal	Diagnostic	49 (40-58) U/g Hb	Children: >12 months	Both	Blood	Mayo Clinic Test Catalog
264	Pyruvate Kinase		P30613	Normal	Diagnostic	8.95 (5.5-12.4) U/g Hb	Children: >12 months	Both	Blood	Mayo Clinic Test Catalog
265	Hexokinase		P19367	Normal	Diagnostic	1.2 (0.7-1.7) U/g Hb	Children: >12 months	Both	Blood	Mayo Clinic Test Catalog
265	Hexokinase		P19367	Normal	Diagnostic	1.2 (0.7-1.7) U/g Hb	All	Both	Blood	Mayo Clinic Test Catalog
266	Adenylate Kinase		Q5TCS8	NA	NA	NA	NA	NA	NA	NA
267	Phosphofructokinase		P08237	Normal	Diagnostic	8.35 (5.8-10.9) U/g Hb	Children: >12 months	Both	Blood	Mayo Clinic Test Catalog
267	Phosphofructokinase		P08237	Normal	Diagnostic	187 (142-232) U/g Hb	Children: >12 months	Both	Blood	Mayo Clinic Test Catalog
268	Phosphoglycerate Kinase		P07205	NA	NA	NA	NA	NA	NA	NA
269	Triosephosphate Isomerase		P60174	Normal	Diagnostic	1198 (1033-1363) U/g Hb	Children: >12 months	Both	Blood	Mayo Clinic Test Catalog
270	Iduronate-2-Sulfatase		P22304	Normal	Diagnostic	4.3 nmol/mL/hour	All	Both	Blood Spot	Mayo Clinic Test Catalog
271	Insulin-like Growth Factor 2		P01344	Normal	Diagnostic	570 (258-882) ng/mL	Children: Prepubertal	Both	Serum	Mayo Clinic Test Catalog
271	Insulin-like Growth Factor 2		P01344	Normal	Diagnostic	582.5 (273-892) ng/mL	Adolescents: Pubertal	Both	Serum	Mayo Clinic Test Catalog
271	Insulin-like Growth Factor 2		P01344	Normal	Diagnostic	650 (333-967) ng/mL	Adult	Both	Serum	Mayo Clinic Test Catalog
272	Intact Fibroblast Growth Factor 23		Q9GZV9	Normal	Diagnostic	52 pg/mL	Adult: 18 yrs old yrs old	Both	Serum	Mayo Clinic Test Catalog
272	Intact Fibroblast Growth Factor 23		Q9GZV9	Normal	Diagnostic	59 pg/mL	Adult: ≥18 yrs old	Both	Serum	Mayo Clinic Test Catalog
273	Interleukin 1-Alpha		P01583	Normal	Diagnostic	3.9 pg/mL	All	Both	Serum	Mayo Clinic Test Catalog
274	Factor B Complement Antigen		P0C0L5	Normal	Diagnostic	28.75 (15.2-42.3) mg/dL	All	Both	Serum	Mayo Clinic Test Catalog
275	Ghrelin		Q9UBU3	Normal	Diagnostic	610 (520-700) pg/mL	Adult	Both	Plasma	Mayo Clinic Test Catalog
275	Ghrelin		Q9UBU3	Normal	Diagnostic	395 (340-450) pg/mL	Adult	Both	Plasma	Mayo Clinic Test Catalog
275	Ghrelin		Q9UBU3	Normal	Diagnostic	Up to 420 pg/mL	Adult	Both	Plasma	Mayo Clinic Test Catalog
275	Ghrelin		Q9UBU3	Normal	Diagnostic	Up to 480 pg/mL	Adult	Both	Plasma	Mayo Clinic Test Catalog
275	Ghrelin		Q9UBU3	Normal	Diagnostic	525 (450-600) pg/mL	Adult	Both	Plasma	Mayo Clinic Test Catalog
275	Ghrelin		Q9UBU3	Normal	Diagnostic	Up to 575 pg/mL	Adult	Both	Plasma	Mayo Clinic Test Catalog
275	Ghrelin		Q9UBU3	Normal	Diagnostic	Up to 600 pg/mL	Adult	Both	Plasma	Mayo Clinic Test Catalog
275	Ghrelin		Q9UBU3	Normal	Diagnostic	Up to 120 pg/mL	Adult	Both	Plasma	Mayo Clinic Test Catalog
276	Glucagon		P01275	Normal	Diagnostic	375 (100-650) pg/mL	Infant: <6 hours	Both	Plasma	Mayo Clinic Test Catalog
276	Glucagon		P01275	Normal	Diagnostic	260 (70-450) pg/mL	Infant: 1-2 days	Both	Plasma	Mayo Clinic Test Catalog
276	Glucagon		P01275	Normal	Diagnostic	375 (100-650) pg/mL	Infant: 2-4 days	Both	Plasma	Mayo Clinic Test Catalog
276	Glucagon		P01275	Normal	Diagnostic	80 pg/mL	Infant: 14 days	Both	Plasma	Mayo Clinic Test Catalog
277	Human Transforming Growth Factor beta 1		P01137	Normal	Diagnostic	1363 (344-2382) pg/mL	All	Both	Blood	Mayo Clinic Test Catalog
278	Inhibin B		P09529	Normal	Diagnostic	220.5 (68-373) pg/mL	15 days	Male	Serum	Mayo Clinic Test Catalog
278	Inhibin B		P09529	Normal	Diagnostic	279 (42-516) pg/mL	15-180 days	Male	Serum	Mayo Clinic Test Catalog
278	Inhibin B		P09529	Normal	Diagnostic	162 (24-300) pg/mL	6 months-7 yrs old	Male	Serum	Mayo Clinic Test Catalog
278	Inhibin B		P09529	Normal	Diagnostic	215 (47-383) pg/mL	8-30 yrs old	Male	Serum	Mayo Clinic Test Catalog
278	Inhibin B		P09529	Normal	Diagnostic	358 pg/mL	31-72 yrs old	Male	Serum	Mayo Clinic Test Catalog
278	Inhibin B		P09529	Normal	Diagnostic	183 pg/mL	≤12 yrs old	Female	Serum	Mayo Clinic Test Catalog
278	Inhibin B		P09529	Normal	Diagnostic	224 pg/mL	13-41 yrs old (Follicular Phase)	Female	Serum	Mayo Clinic Test Catalog
278	Inhibin B		P09529	Normal	Diagnostic	108 pg/mL	42-51 yrs old (Follicular Phase)	Female	Serum	Mayo Clinic Test Catalog
278	Inhibin B		P09529	Normal	Diagnostic	80 pg/mL	13-51 yrs old (Luteal Phase)	Female	Serum	Mayo Clinic Test Catalog
278	Inhibin B		P09529	Normal	Diagnostic	12 pg/mL	51 yrs old (Postmenopausal)	Female	Serum	Mayo Clinic Test Catalog
279	Insulin-like Growth Factor-Binding Protein-1		P08833	Normal	Diagnostic	515 (30-1000) ng/mL	Prepubertal	Both	Serum	Mayo Clinic Test Catalog
279	Insulin-like Growth Factor-Binding Protein-1		P08833	Normal	Diagnostic	110 (20-200) ng/mL	Pubertal	Both	Serum	Mayo Clinic Test Catalog
279	Insulin-like Growth Factor-Binding Protein-1		P08833	Normal	Diagnostic	80 (10-150) ng/mL	Adult	Both	Serum	Mayo Clinic Test Catalog
